07:32:35 DEBUG [AWT-EventQueue-0]->org.mariadb.jdbc.util.log.Slf4JLogger->debug := execute query: CREATE DATABASE IF NOT EXISTS `edext`
07:32:35 DEBUG [AWT-EventQueue-0]->org.mariadb.jdbc.util.log.Slf4JLogger->debug := execute query: USE `edext`
07:32:35 DEBUG [AWT-EventQueue-0]->org.mariadb.jdbc.util.log.Slf4JLogger->debug := execute query: SET NAMES utf8mb4
07:32:35 DEBUG [AWT-EventQueue-0]->org.mariadb.jdbc.util.log.Slf4JLogger->debug := Database change: is 'edext'
07:32:35 DEBUG [AWT-EventQueue-0]->org.mariadb.jdbc.util.log.Slf4JLogger->debug := System variable change:  character_set_connection = utf8mb4
07:32:35 DEBUG [AWT-EventQueue-0]->org.mariadb.jdbc.util.log.Slf4JLogger->debug := System variable change:  character_set_client = utf8mb4
07:32:35 DEBUG [AWT-EventQueue-0]->org.mariadb.jdbc.util.log.Slf4JLogger->debug := System variable change:  character_set_results = utf8mb4
07:32:35 DEBUG [AWT-EventQueue-0]->org.mariadb.jdbc.util.log.Slf4JLogger->debug := execute query: set autocommit=0
07:32:35 DEBUG [AWT-EventQueue-0]->org.mariadb.jdbc.util.log.Slf4JLogger->debug := System variable change:  autocommit = OFF
07:32:35 DEBUG [AWT-EventQueue-0]->org.mariadb.jdbc.util.log.Slf4JLogger->debug := execute query: SELECT @@character_set_database, @@sql_mode
07:32:35 DEBUG [AWT-EventQueue-0]->org.mariadb.jdbc.util.log.Slf4JLogger->debug := execute query: select @@lower_case_table_names
07:32:36 DEBUG [AWT-EventQueue-0]->org.mariadb.jdbc.util.log.Slf4JLogger->debug := execute query: set autocommit=1
07:32:36 DEBUG [AWT-EventQueue-0]->org.mariadb.jdbc.util.log.Slf4JLogger->debug := System variable change:  autocommit = ON
07:32:38 DEBUG [AWT-EventQueue-0]->org.mariadb.jdbc.util.log.Slf4JLogger->debug := execute query: set autocommit=0
07:32:38 DEBUG [AWT-EventQueue-0]->org.mariadb.jdbc.util.log.Slf4JLogger->debug := System variable change:  autocommit = OFF
07:32:38 DEBUG [AWT-EventQueue-0]->org.mariadb.jdbc.util.log.Slf4JLogger->debug := execute query: set autocommit=1
07:32:38 DEBUG [AWT-EventQueue-0]->org.mariadb.jdbc.util.log.Slf4JLogger->debug := System variable change:  autocommit = ON
07:32:38 DEBUG [AWT-EventQueue-0]->org.mariadb.jdbc.util.log.Slf4JLogger->debug := execute query: select table_name from information_schema.TABLES where table_schema=database() and table_type='SEQUENCE'
07:32:38 DEBUG [AWT-EventQueue-0]->org.mariadb.jdbc.util.log.Slf4JLogger->debug := execute query: SELECT TABLE_SCHEMA TABLE_CAT, NULL  TABLE_SCHEM,  TABLE_NAME, IF(TABLE_TYPE='BASE TABLE' or TABLE_TYPE='SYSTEM VERSIONED', 'TABLE', IF(TABLE_TYPE='TEMPORARY', 'LOCAL TEMPORARY', TABLE_TYPE)) as TABLE_TYPE, TABLE_COMMENT REMARKS, NULL TYPE_CAT, NULL TYPE_SCHEM, NULL TYPE_NAME, NULL SELF_REFERENCING_COL_NAME,  NULL REF_GENERATION FROM INFORMATION_SCHEMA.TABLES WHERE TABLE_SCHEMA='edext' AND  TABLE_TYPE IN ('BASE TABLE','SYSTEM VERSIONED','VIEW') ORDER BY TABLE_TYPE, TABLE_SCHEMA, TABLE_NAME
07:32:38 DEBUG [AWT-EventQueue-0]->org.mariadb.jdbc.util.log.Slf4JLogger->debug := execute query: SELECT TABLE_SCHEMA TABLE_CAT, NULL TABLE_SCHEM, TABLE_NAME, COLUMN_NAME, CASE data_type WHEN 'bit' THEN -7 WHEN 'tinyblob' THEN -3 WHEN 'mediumblob' THEN -4 WHEN 'longblob' THEN -4 WHEN 'blob' THEN -4 WHEN 'tinytext' THEN 12 WHEN 'mediumtext' THEN -1 WHEN 'longtext' THEN -1 WHEN 'text' THEN -1 WHEN 'date' THEN 91 WHEN 'datetime' THEN 93 WHEN 'decimal' THEN 3 WHEN 'double' THEN 8 WHEN 'enum' THEN 12 WHEN 'float' THEN 7 WHEN 'int' THEN IF( COLUMN_TYPE like '%unsigned%', 4,4) WHEN 'bigint' THEN -5 WHEN 'mediumint' THEN 4 WHEN 'null' THEN 0 WHEN 'set' THEN 12 WHEN 'smallint' THEN IF( COLUMN_TYPE like '%unsigned%', 5,5) WHEN 'varchar' THEN 12 WHEN 'varbinary' THEN -3 WHEN 'char' THEN 1 WHEN 'binary' THEN -2 WHEN 'time' THEN 92 WHEN 'timestamp' THEN 93 WHEN 'tinyint' THEN IF(COLUMN_TYPE like 'tinyint(1)%',16,-6)  WHEN 'year' THEN 91 ELSE 1111 END  DATA_TYPE, IF(COLUMN_TYPE like 'tinyint(1)%', 'BOOLEAN',  UCASE(IF( COLUMN_TYPE LIKE '%(%)%', CONCAT(SUBSTRING( COLUMN_TYPE,1, LOCATE('(',COLUMN_TYPE) - 1 ), SUBSTRING(COLUMN_TYPE ,1+locate(')', COLUMN_TYPE))), COLUMN_TYPE))) TYPE_NAME, CASE DATA_TYPE WHEN 'date' THEN 10  WHEN 'time' THEN IF(DATETIME_PRECISION = 0, 10, CAST(11 + DATETIME_PRECISION as signed integer))  WHEN 'datetime' THEN IF(DATETIME_PRECISION = 0, 19, CAST(20 + DATETIME_PRECISION as signed integer))  WHEN 'timestamp' THEN IF(DATETIME_PRECISION = 0, 19, CAST(20 + DATETIME_PRECISION as signed integer))  ELSE   IF(NUMERIC_PRECISION IS NULL, LEAST(CHARACTER_MAXIMUM_LENGTH,2147483647), NUMERIC_PRECISION)  END COLUMN_SIZE, 65535 BUFFER_LENGTH,  CONVERT (CASE DATA_TYPE WHEN 'year' THEN NUMERIC_SCALE WHEN 'tinyint' THEN 0 ELSE NUMERIC_SCALE END, UNSIGNED INTEGER) DECIMAL_DIGITS, 10 NUM_PREC_RADIX, IF(IS_NULLABLE = 'yes',1,0) NULLABLE,COLUMN_COMMENT REMARKS, COLUMN_DEFAULT COLUMN_DEF, 0 SQL_DATA_TYPE, 0 SQL_DATETIME_SUB,   LEAST(CHARACTER_OCTET_LENGTH,2147483647) CHAR_OCTET_LENGTH, ORDINAL_POSITION, IS_NULLABLE, NULL SCOPE_CATALOG, NULL SCOPE_SCHEMA, NULL SCOPE_TABLE, NULL SOURCE_DATA_TYPE, IF(EXTRA = 'auto_increment','YES','NO') IS_AUTOINCREMENT,  IF(EXTRA in ('VIRTUAL', 'PERSISTENT', 'VIRTUAL GENERATED', 'STORED GENERATED') ,'YES','NO') IS_GENERATEDCOLUMN  FROM INFORMATION_SCHEMA.COLUMNS WHERE TABLE_SCHEMA='edext' ORDER BY TABLE_CAT, TABLE_SCHEM, TABLE_NAME, ORDINAL_POSITION
07:32:38 DEBUG [AWT-EventQueue-0]->org.mariadb.jdbc.util.log.Slf4JLogger->debug := execute query: SHOW CREATE TABLE `edext`.`Curso`
07:32:38 DEBUG [AWT-EventQueue-0]->org.mariadb.jdbc.util.log.Slf4JLogger->debug := execute query: SHOW CREATE TABLE `Instituto`
07:32:38 DEBUG [AWT-EventQueue-0]->org.mariadb.jdbc.util.log.Slf4JLogger->debug := execute query: SELECT TABLE_SCHEMA TABLE_CAT, NULL  TABLE_SCHEM,  TABLE_NAME, IF(TABLE_TYPE='BASE TABLE' or TABLE_TYPE='SYSTEM VERSIONED', 'TABLE', IF(TABLE_TYPE='TEMPORARY', 'LOCAL TEMPORARY', TABLE_TYPE)) as TABLE_TYPE, TABLE_COMMENT REMARKS, NULL TYPE_CAT, NULL TYPE_SCHEM, NULL TYPE_NAME, NULL SELF_REFERENCING_COL_NAME,  NULL REF_GENERATION FROM INFORMATION_SCHEMA.TABLES WHERE TABLE_SCHEMA='edext' AND TABLE_NAME='Instituto' AND  TABLE_TYPE IN ('BASE TABLE','SYSTEM VERSIONED','VIEW') ORDER BY TABLE_TYPE, TABLE_SCHEMA, TABLE_NAME
07:32:38 DEBUG [AWT-EventQueue-0]->org.mariadb.jdbc.util.log.Slf4JLogger->debug := execute query: select * from `edext`.`Instituto` where 1=0
07:32:38 DEBUG [AWT-EventQueue-0]->org.mariadb.jdbc.util.log.Slf4JLogger->debug := execute query: SHOW CREATE TABLE `edext`.`Edicion`
07:32:38 DEBUG [AWT-EventQueue-0]->org.mariadb.jdbc.util.log.Slf4JLogger->debug := execute query: SHOW CREATE TABLE `Curso`
07:32:38 DEBUG [AWT-EventQueue-0]->org.mariadb.jdbc.util.log.Slf4JLogger->debug := execute query: SELECT TABLE_SCHEMA TABLE_CAT, NULL  TABLE_SCHEM,  TABLE_NAME, IF(TABLE_TYPE='BASE TABLE' or TABLE_TYPE='SYSTEM VERSIONED', 'TABLE', IF(TABLE_TYPE='TEMPORARY', 'LOCAL TEMPORARY', TABLE_TYPE)) as TABLE_TYPE, TABLE_COMMENT REMARKS, NULL TYPE_CAT, NULL TYPE_SCHEM, NULL TYPE_NAME, NULL SELF_REFERENCING_COL_NAME,  NULL REF_GENERATION FROM INFORMATION_SCHEMA.TABLES WHERE TABLE_SCHEMA='edext' AND TABLE_NAME='Curso' AND  TABLE_TYPE IN ('BASE TABLE','SYSTEM VERSIONED','VIEW') ORDER BY TABLE_TYPE, TABLE_SCHEMA, TABLE_NAME
07:32:38 DEBUG [AWT-EventQueue-0]->org.mariadb.jdbc.util.log.Slf4JLogger->debug := execute query: select * from `edext`.`Curso` where 1=0
07:32:38 DEBUG [AWT-EventQueue-0]->org.mariadb.jdbc.util.log.Slf4JLogger->debug := execute query: SHOW CREATE TABLE `edext`.`InscripcionEdicion`
07:32:38 DEBUG [AWT-EventQueue-0]->org.mariadb.jdbc.util.log.Slf4JLogger->debug := execute query: SHOW CREATE TABLE `Edicion`
07:32:38 DEBUG [AWT-EventQueue-0]->org.mariadb.jdbc.util.log.Slf4JLogger->debug := execute query: SHOW CREATE TABLE `Usuario`
07:32:38 DEBUG [AWT-EventQueue-0]->org.mariadb.jdbc.util.log.Slf4JLogger->debug := execute query: SELECT TABLE_SCHEMA TABLE_CAT, NULL  TABLE_SCHEM,  TABLE_NAME, IF(TABLE_TYPE='BASE TABLE' or TABLE_TYPE='SYSTEM VERSIONED', 'TABLE', IF(TABLE_TYPE='TEMPORARY', 'LOCAL TEMPORARY', TABLE_TYPE)) as TABLE_TYPE, TABLE_COMMENT REMARKS, NULL TYPE_CAT, NULL TYPE_SCHEM, NULL TYPE_NAME, NULL SELF_REFERENCING_COL_NAME,  NULL REF_GENERATION FROM INFORMATION_SCHEMA.TABLES WHERE TABLE_SCHEMA='edext' AND TABLE_NAME='Edicion' AND  TABLE_TYPE IN ('BASE TABLE','SYSTEM VERSIONED','VIEW') ORDER BY TABLE_TYPE, TABLE_SCHEMA, TABLE_NAME
07:32:38 DEBUG [AWT-EventQueue-0]->org.mariadb.jdbc.util.log.Slf4JLogger->debug := execute query: select * from `edext`.`Edicion` where 1=0
07:32:38 DEBUG [AWT-EventQueue-0]->org.mariadb.jdbc.util.log.Slf4JLogger->debug := execute query: SELECT TABLE_SCHEMA TABLE_CAT, NULL  TABLE_SCHEM,  TABLE_NAME, IF(TABLE_TYPE='BASE TABLE' or TABLE_TYPE='SYSTEM VERSIONED', 'TABLE', IF(TABLE_TYPE='TEMPORARY', 'LOCAL TEMPORARY', TABLE_TYPE)) as TABLE_TYPE, TABLE_COMMENT REMARKS, NULL TYPE_CAT, NULL TYPE_SCHEM, NULL TYPE_NAME, NULL SELF_REFERENCING_COL_NAME,  NULL REF_GENERATION FROM INFORMATION_SCHEMA.TABLES WHERE TABLE_SCHEMA='edext' AND TABLE_NAME='Usuario' AND  TABLE_TYPE IN ('BASE TABLE','SYSTEM VERSIONED','VIEW') ORDER BY TABLE_TYPE, TABLE_SCHEMA, TABLE_NAME
07:32:38 DEBUG [AWT-EventQueue-0]->org.mariadb.jdbc.util.log.Slf4JLogger->debug := execute query: select * from `edext`.`Usuario` where 1=0
07:32:38 DEBUG [AWT-EventQueue-0]->org.mariadb.jdbc.util.log.Slf4JLogger->debug := execute query: SHOW CREATE TABLE `edext`.`InscripcionPrograma`
07:32:38 DEBUG [AWT-EventQueue-0]->org.mariadb.jdbc.util.log.Slf4JLogger->debug := execute query: SHOW CREATE TABLE `Usuario`
07:32:38 DEBUG [AWT-EventQueue-0]->org.mariadb.jdbc.util.log.Slf4JLogger->debug := execute query: SHOW CREATE TABLE `ProgramaFormacion`
07:32:38 DEBUG [AWT-EventQueue-0]->org.mariadb.jdbc.util.log.Slf4JLogger->debug := execute query: SELECT TABLE_SCHEMA TABLE_CAT, NULL  TABLE_SCHEM,  TABLE_NAME, IF(TABLE_TYPE='BASE TABLE' or TABLE_TYPE='SYSTEM VERSIONED', 'TABLE', IF(TABLE_TYPE='TEMPORARY', 'LOCAL TEMPORARY', TABLE_TYPE)) as TABLE_TYPE, TABLE_COMMENT REMARKS, NULL TYPE_CAT, NULL TYPE_SCHEM, NULL TYPE_NAME, NULL SELF_REFERENCING_COL_NAME,  NULL REF_GENERATION FROM INFORMATION_SCHEMA.TABLES WHERE TABLE_SCHEMA='edext' AND TABLE_NAME='ProgramaFormacion' AND  TABLE_TYPE IN ('BASE TABLE','SYSTEM VERSIONED','VIEW') ORDER BY TABLE_TYPE, TABLE_SCHEMA, TABLE_NAME
07:32:38 DEBUG [AWT-EventQueue-0]->org.mariadb.jdbc.util.log.Slf4JLogger->debug := execute query: select * from `edext`.`ProgramaFormacion` where 1=0
07:32:38 DEBUG [AWT-EventQueue-0]->org.mariadb.jdbc.util.log.Slf4JLogger->debug := execute query: SELECT TABLE_SCHEMA TABLE_CAT, NULL  TABLE_SCHEM,  TABLE_NAME, IF(TABLE_TYPE='BASE TABLE' or TABLE_TYPE='SYSTEM VERSIONED', 'TABLE', IF(TABLE_TYPE='TEMPORARY', 'LOCAL TEMPORARY', TABLE_TYPE)) as TABLE_TYPE, TABLE_COMMENT REMARKS, NULL TYPE_CAT, NULL TYPE_SCHEM, NULL TYPE_NAME, NULL SELF_REFERENCING_COL_NAME,  NULL REF_GENERATION FROM INFORMATION_SCHEMA.TABLES WHERE TABLE_SCHEMA='edext' AND TABLE_NAME='Usuario' AND  TABLE_TYPE IN ('BASE TABLE','SYSTEM VERSIONED','VIEW') ORDER BY TABLE_TYPE, TABLE_SCHEMA, TABLE_NAME
07:32:38 DEBUG [AWT-EventQueue-0]->org.mariadb.jdbc.util.log.Slf4JLogger->debug := execute query: select * from `edext`.`Usuario` where 1=0
07:32:38 DEBUG [AWT-EventQueue-0]->org.mariadb.jdbc.util.log.Slf4JLogger->debug := execute query: SHOW CREATE TABLE `edext`.`Integra`
07:32:38 DEBUG [AWT-EventQueue-0]->org.mariadb.jdbc.util.log.Slf4JLogger->debug := execute query: SHOW CREATE TABLE `ProgramaFormacion`
07:32:38 DEBUG [AWT-EventQueue-0]->org.mariadb.jdbc.util.log.Slf4JLogger->debug := execute query: SHOW CREATE TABLE `Curso`
07:32:38 DEBUG [AWT-EventQueue-0]->org.mariadb.jdbc.util.log.Slf4JLogger->debug := execute query: SELECT TABLE_SCHEMA TABLE_CAT, NULL  TABLE_SCHEM,  TABLE_NAME, IF(TABLE_TYPE='BASE TABLE' or TABLE_TYPE='SYSTEM VERSIONED', 'TABLE', IF(TABLE_TYPE='TEMPORARY', 'LOCAL TEMPORARY', TABLE_TYPE)) as TABLE_TYPE, TABLE_COMMENT REMARKS, NULL TYPE_CAT, NULL TYPE_SCHEM, NULL TYPE_NAME, NULL SELF_REFERENCING_COL_NAME,  NULL REF_GENERATION FROM INFORMATION_SCHEMA.TABLES WHERE TABLE_SCHEMA='edext' AND TABLE_NAME='Curso' AND  TABLE_TYPE IN ('BASE TABLE','SYSTEM VERSIONED','VIEW') ORDER BY TABLE_TYPE, TABLE_SCHEMA, TABLE_NAME
07:32:38 DEBUG [AWT-EventQueue-0]->org.mariadb.jdbc.util.log.Slf4JLogger->debug := execute query: select * from `edext`.`Curso` where 1=0
07:32:38 DEBUG [AWT-EventQueue-0]->org.mariadb.jdbc.util.log.Slf4JLogger->debug := execute query: SELECT TABLE_SCHEMA TABLE_CAT, NULL  TABLE_SCHEM,  TABLE_NAME, IF(TABLE_TYPE='BASE TABLE' or TABLE_TYPE='SYSTEM VERSIONED', 'TABLE', IF(TABLE_TYPE='TEMPORARY', 'LOCAL TEMPORARY', TABLE_TYPE)) as TABLE_TYPE, TABLE_COMMENT REMARKS, NULL TYPE_CAT, NULL TYPE_SCHEM, NULL TYPE_NAME, NULL SELF_REFERENCING_COL_NAME,  NULL REF_GENERATION FROM INFORMATION_SCHEMA.TABLES WHERE TABLE_SCHEMA='edext' AND TABLE_NAME='ProgramaFormacion' AND  TABLE_TYPE IN ('BASE TABLE','SYSTEM VERSIONED','VIEW') ORDER BY TABLE_TYPE, TABLE_SCHEMA, TABLE_NAME
07:32:38 DEBUG [AWT-EventQueue-0]->org.mariadb.jdbc.util.log.Slf4JLogger->debug := execute query: select * from `edext`.`ProgramaFormacion` where 1=0
07:32:38 DEBUG [AWT-EventQueue-0]->org.mariadb.jdbc.util.log.Slf4JLogger->debug := execute query: SHOW CREATE TABLE `edext`.`Organiza`
07:32:38 DEBUG [AWT-EventQueue-0]->org.mariadb.jdbc.util.log.Slf4JLogger->debug := execute query: SHOW CREATE TABLE `Edicion`
07:32:38 DEBUG [AWT-EventQueue-0]->org.mariadb.jdbc.util.log.Slf4JLogger->debug := execute query: SHOW CREATE TABLE `Usuario`
07:32:38 DEBUG [AWT-EventQueue-0]->org.mariadb.jdbc.util.log.Slf4JLogger->debug := execute query: SELECT TABLE_SCHEMA TABLE_CAT, NULL  TABLE_SCHEM,  TABLE_NAME, IF(TABLE_TYPE='BASE TABLE' or TABLE_TYPE='SYSTEM VERSIONED', 'TABLE', IF(TABLE_TYPE='TEMPORARY', 'LOCAL TEMPORARY', TABLE_TYPE)) as TABLE_TYPE, TABLE_COMMENT REMARKS, NULL TYPE_CAT, NULL TYPE_SCHEM, NULL TYPE_NAME, NULL SELF_REFERENCING_COL_NAME,  NULL REF_GENERATION FROM INFORMATION_SCHEMA.TABLES WHERE TABLE_SCHEMA='edext' AND TABLE_NAME='Edicion' AND  TABLE_TYPE IN ('BASE TABLE','SYSTEM VERSIONED','VIEW') ORDER BY TABLE_TYPE, TABLE_SCHEMA, TABLE_NAME
07:32:38 DEBUG [AWT-EventQueue-0]->org.mariadb.jdbc.util.log.Slf4JLogger->debug := execute query: select * from `edext`.`Edicion` where 1=0
07:32:38 DEBUG [AWT-EventQueue-0]->org.mariadb.jdbc.util.log.Slf4JLogger->debug := execute query: SELECT TABLE_SCHEMA TABLE_CAT, NULL  TABLE_SCHEM,  TABLE_NAME, IF(TABLE_TYPE='BASE TABLE' or TABLE_TYPE='SYSTEM VERSIONED', 'TABLE', IF(TABLE_TYPE='TEMPORARY', 'LOCAL TEMPORARY', TABLE_TYPE)) as TABLE_TYPE, TABLE_COMMENT REMARKS, NULL TYPE_CAT, NULL TYPE_SCHEM, NULL TYPE_NAME, NULL SELF_REFERENCING_COL_NAME,  NULL REF_GENERATION FROM INFORMATION_SCHEMA.TABLES WHERE TABLE_SCHEMA='edext' AND TABLE_NAME='Usuario' AND  TABLE_TYPE IN ('BASE TABLE','SYSTEM VERSIONED','VIEW') ORDER BY TABLE_TYPE, TABLE_SCHEMA, TABLE_NAME
07:32:38 DEBUG [AWT-EventQueue-0]->org.mariadb.jdbc.util.log.Slf4JLogger->debug := execute query: select * from `edext`.`Usuario` where 1=0
07:32:38 DEBUG [AWT-EventQueue-0]->org.mariadb.jdbc.util.log.Slf4JLogger->debug := execute query: SHOW CREATE TABLE `edext`.`Pertenece`
07:32:38 DEBUG [AWT-EventQueue-0]->org.mariadb.jdbc.util.log.Slf4JLogger->debug := execute query: SHOW CREATE TABLE `Usuario`
07:32:38 DEBUG [AWT-EventQueue-0]->org.mariadb.jdbc.util.log.Slf4JLogger->debug := execute query: SHOW CREATE TABLE `Instituto`
07:32:38 DEBUG [AWT-EventQueue-0]->org.mariadb.jdbc.util.log.Slf4JLogger->debug := execute query: SELECT TABLE_SCHEMA TABLE_CAT, NULL  TABLE_SCHEM,  TABLE_NAME, IF(TABLE_TYPE='BASE TABLE' or TABLE_TYPE='SYSTEM VERSIONED', 'TABLE', IF(TABLE_TYPE='TEMPORARY', 'LOCAL TEMPORARY', TABLE_TYPE)) as TABLE_TYPE, TABLE_COMMENT REMARKS, NULL TYPE_CAT, NULL TYPE_SCHEM, NULL TYPE_NAME, NULL SELF_REFERENCING_COL_NAME,  NULL REF_GENERATION FROM INFORMATION_SCHEMA.TABLES WHERE TABLE_SCHEMA='edext' AND TABLE_NAME='Instituto' AND  TABLE_TYPE IN ('BASE TABLE','SYSTEM VERSIONED','VIEW') ORDER BY TABLE_TYPE, TABLE_SCHEMA, TABLE_NAME
07:32:38 DEBUG [AWT-EventQueue-0]->org.mariadb.jdbc.util.log.Slf4JLogger->debug := execute query: select * from `edext`.`Instituto` where 1=0
07:32:38 DEBUG [AWT-EventQueue-0]->org.mariadb.jdbc.util.log.Slf4JLogger->debug := execute query: SELECT TABLE_SCHEMA TABLE_CAT, NULL  TABLE_SCHEM,  TABLE_NAME, IF(TABLE_TYPE='BASE TABLE' or TABLE_TYPE='SYSTEM VERSIONED', 'TABLE', IF(TABLE_TYPE='TEMPORARY', 'LOCAL TEMPORARY', TABLE_TYPE)) as TABLE_TYPE, TABLE_COMMENT REMARKS, NULL TYPE_CAT, NULL TYPE_SCHEM, NULL TYPE_NAME, NULL SELF_REFERENCING_COL_NAME,  NULL REF_GENERATION FROM INFORMATION_SCHEMA.TABLES WHERE TABLE_SCHEMA='edext' AND TABLE_NAME='Usuario' AND  TABLE_TYPE IN ('BASE TABLE','SYSTEM VERSIONED','VIEW') ORDER BY TABLE_TYPE, TABLE_SCHEMA, TABLE_NAME
07:32:38 DEBUG [AWT-EventQueue-0]->org.mariadb.jdbc.util.log.Slf4JLogger->debug := execute query: select * from `edext`.`Usuario` where 1=0
07:32:38 DEBUG [AWT-EventQueue-0]->org.mariadb.jdbc.util.log.Slf4JLogger->debug := execute query: SHOW CREATE TABLE `edext`.`Previas`
07:32:38 DEBUG [AWT-EventQueue-0]->org.mariadb.jdbc.util.log.Slf4JLogger->debug := execute query: SHOW CREATE TABLE `Curso`
07:32:38 DEBUG [AWT-EventQueue-0]->org.mariadb.jdbc.util.log.Slf4JLogger->debug := execute query: SHOW CREATE TABLE `Curso`
07:32:38 DEBUG [AWT-EventQueue-0]->org.mariadb.jdbc.util.log.Slf4JLogger->debug := execute query: SELECT TABLE_SCHEMA TABLE_CAT, NULL  TABLE_SCHEM,  TABLE_NAME, IF(TABLE_TYPE='BASE TABLE' or TABLE_TYPE='SYSTEM VERSIONED', 'TABLE', IF(TABLE_TYPE='TEMPORARY', 'LOCAL TEMPORARY', TABLE_TYPE)) as TABLE_TYPE, TABLE_COMMENT REMARKS, NULL TYPE_CAT, NULL TYPE_SCHEM, NULL TYPE_NAME, NULL SELF_REFERENCING_COL_NAME,  NULL REF_GENERATION FROM INFORMATION_SCHEMA.TABLES WHERE TABLE_SCHEMA='edext' AND TABLE_NAME='Curso' AND  TABLE_TYPE IN ('BASE TABLE','SYSTEM VERSIONED','VIEW') ORDER BY TABLE_TYPE, TABLE_SCHEMA, TABLE_NAME
07:32:38 DEBUG [AWT-EventQueue-0]->org.mariadb.jdbc.util.log.Slf4JLogger->debug := execute query: select * from `edext`.`Curso` where 1=0
07:32:38 DEBUG [AWT-EventQueue-0]->org.mariadb.jdbc.util.log.Slf4JLogger->debug := execute query: SELECT TABLE_SCHEMA TABLE_CAT, NULL  TABLE_SCHEM,  TABLE_NAME, IF(TABLE_TYPE='BASE TABLE' or TABLE_TYPE='SYSTEM VERSIONED', 'TABLE', IF(TABLE_TYPE='TEMPORARY', 'LOCAL TEMPORARY', TABLE_TYPE)) as TABLE_TYPE, TABLE_COMMENT REMARKS, NULL TYPE_CAT, NULL TYPE_SCHEM, NULL TYPE_NAME, NULL SELF_REFERENCING_COL_NAME,  NULL REF_GENERATION FROM INFORMATION_SCHEMA.TABLES WHERE TABLE_SCHEMA='edext' AND TABLE_NAME='Curso' AND  TABLE_TYPE IN ('BASE TABLE','SYSTEM VERSIONED','VIEW') ORDER BY TABLE_TYPE, TABLE_SCHEMA, TABLE_NAME
07:32:38 DEBUG [AWT-EventQueue-0]->org.mariadb.jdbc.util.log.Slf4JLogger->debug := execute query: select * from `edext`.`Curso` where 1=0
07:32:38 DEBUG [AWT-EventQueue-0]->org.mariadb.jdbc.util.log.Slf4JLogger->debug := execute query: set autocommit=0
07:32:38 DEBUG [AWT-EventQueue-0]->org.mariadb.jdbc.util.log.Slf4JLogger->debug := System variable change:  autocommit = OFF
07:32:38 DEBUG [AWT-EventQueue-0]->org.mariadb.jdbc.util.log.Slf4JLogger->debug := execute query: set autocommit=1
07:32:38 DEBUG [AWT-EventQueue-0]->org.mariadb.jdbc.util.log.Slf4JLogger->debug := System variable change:  autocommit = ON
07:32:39 DEBUG [AWT-EventQueue-0]->org.mariadb.jdbc.util.log.Slf4JLogger->debug := execute query: set autocommit=0
07:32:39 DEBUG [AWT-EventQueue-0]->org.mariadb.jdbc.util.log.Slf4JLogger->debug := System variable change:  autocommit = OFF
07:32:39 DEBUG [AWT-EventQueue-0]->org.mariadb.jdbc.util.log.Slf4JLogger->debug := execute query: select c1_0.nombre from Categoria c1_0
07:32:39 DEBUG [AWT-EventQueue-0]->org.mariadb.jdbc.util.log.Slf4JLogger->debug := execute query: set autocommit=1
07:32:39 DEBUG [AWT-EventQueue-0]->org.mariadb.jdbc.util.log.Slf4JLogger->debug := System variable change:  autocommit = ON
07:32:39 DEBUG [AWT-EventQueue-0]->org.mariadb.jdbc.util.log.Slf4JLogger->debug := execute query: set autocommit=0
07:32:39 DEBUG [AWT-EventQueue-0]->org.mariadb.jdbc.util.log.Slf4JLogger->debug := System variable change:  autocommit = OFF
07:32:39 DEBUG [AWT-EventQueue-0]->org.mariadb.jdbc.util.log.Slf4JLogger->debug := execute query: select c1_0.nombre from Categoria c1_0
07:32:39 DEBUG [AWT-EventQueue-0]->org.mariadb.jdbc.util.log.Slf4JLogger->debug := execute query: set autocommit=1
07:32:39 DEBUG [AWT-EventQueue-0]->org.mariadb.jdbc.util.log.Slf4JLogger->debug := System variable change:  autocommit = ON
07:32:43 DEBUG [AWT-EventQueue-0]->org.mariadb.jdbc.util.log.Slf4JLogger->debug := execute query: set autocommit=0
07:32:43 DEBUG [AWT-EventQueue-0]->org.mariadb.jdbc.util.log.Slf4JLogger->debug := System variable change:  autocommit = OFF
07:32:43 DEBUG [AWT-EventQueue-0]->org.mariadb.jdbc.util.log.Slf4JLogger->debug := execute query: select i1_0.nombre from Instituto i1_0
07:32:43 DEBUG [AWT-EventQueue-0]->org.mariadb.jdbc.util.log.Slf4JLogger->debug := execute query: set autocommit=1
07:32:43 DEBUG [AWT-EventQueue-0]->org.mariadb.jdbc.util.log.Slf4JLogger->debug := System variable change:  autocommit = ON
07:34:28 DEBUG [AWT-EventQueue-0]->org.mariadb.jdbc.util.log.Slf4JLogger->debug := execute query: CREATE DATABASE IF NOT EXISTS `edext`
07:34:28 DEBUG [AWT-EventQueue-0]->org.mariadb.jdbc.util.log.Slf4JLogger->debug := execute query: USE `edext`
07:34:28 DEBUG [AWT-EventQueue-0]->org.mariadb.jdbc.util.log.Slf4JLogger->debug := execute query: SET NAMES utf8mb4
07:34:29 DEBUG [AWT-EventQueue-0]->org.mariadb.jdbc.util.log.Slf4JLogger->debug := Database change: is 'edext'
07:34:29 DEBUG [AWT-EventQueue-0]->org.mariadb.jdbc.util.log.Slf4JLogger->debug := System variable change:  character_set_connection = utf8mb4
07:34:29 DEBUG [AWT-EventQueue-0]->org.mariadb.jdbc.util.log.Slf4JLogger->debug := System variable change:  character_set_client = utf8mb4
07:34:29 DEBUG [AWT-EventQueue-0]->org.mariadb.jdbc.util.log.Slf4JLogger->debug := System variable change:  character_set_results = utf8mb4
07:34:29 DEBUG [AWT-EventQueue-0]->org.mariadb.jdbc.util.log.Slf4JLogger->debug := execute query: set autocommit=0
07:34:29 DEBUG [AWT-EventQueue-0]->org.mariadb.jdbc.util.log.Slf4JLogger->debug := System variable change:  autocommit = OFF
07:34:29 DEBUG [AWT-EventQueue-0]->org.mariadb.jdbc.util.log.Slf4JLogger->debug := execute query: SELECT @@character_set_database, @@sql_mode
07:34:29 DEBUG [AWT-EventQueue-0]->org.mariadb.jdbc.util.log.Slf4JLogger->debug := execute query: select @@lower_case_table_names
07:34:29 DEBUG [AWT-EventQueue-0]->org.mariadb.jdbc.util.log.Slf4JLogger->debug := execute query: set autocommit=1
07:34:29 DEBUG [AWT-EventQueue-0]->org.mariadb.jdbc.util.log.Slf4JLogger->debug := System variable change:  autocommit = ON
07:34:31 DEBUG [AWT-EventQueue-0]->org.mariadb.jdbc.util.log.Slf4JLogger->debug := execute query: set autocommit=0
07:34:31 DEBUG [AWT-EventQueue-0]->org.mariadb.jdbc.util.log.Slf4JLogger->debug := System variable change:  autocommit = OFF
07:34:31 DEBUG [AWT-EventQueue-0]->org.mariadb.jdbc.util.log.Slf4JLogger->debug := execute query: set autocommit=1
07:34:31 DEBUG [AWT-EventQueue-0]->org.mariadb.jdbc.util.log.Slf4JLogger->debug := System variable change:  autocommit = ON
07:34:31 DEBUG [AWT-EventQueue-0]->org.mariadb.jdbc.util.log.Slf4JLogger->debug := execute query: select table_name from information_schema.TABLES where table_schema=database() and table_type='SEQUENCE'
07:34:31 DEBUG [AWT-EventQueue-0]->org.mariadb.jdbc.util.log.Slf4JLogger->debug := execute query: SELECT TABLE_SCHEMA TABLE_CAT, NULL  TABLE_SCHEM,  TABLE_NAME, IF(TABLE_TYPE='BASE TABLE' or TABLE_TYPE='SYSTEM VERSIONED', 'TABLE', IF(TABLE_TYPE='TEMPORARY', 'LOCAL TEMPORARY', TABLE_TYPE)) as TABLE_TYPE, TABLE_COMMENT REMARKS, NULL TYPE_CAT, NULL TYPE_SCHEM, NULL TYPE_NAME, NULL SELF_REFERENCING_COL_NAME,  NULL REF_GENERATION FROM INFORMATION_SCHEMA.TABLES WHERE TABLE_SCHEMA='edext' AND  TABLE_TYPE IN ('BASE TABLE','SYSTEM VERSIONED','VIEW') ORDER BY TABLE_TYPE, TABLE_SCHEMA, TABLE_NAME
07:34:31 DEBUG [AWT-EventQueue-0]->org.mariadb.jdbc.util.log.Slf4JLogger->debug := execute query: SELECT TABLE_SCHEMA TABLE_CAT, NULL TABLE_SCHEM, TABLE_NAME, COLUMN_NAME, CASE data_type WHEN 'bit' THEN -7 WHEN 'tinyblob' THEN -3 WHEN 'mediumblob' THEN -4 WHEN 'longblob' THEN -4 WHEN 'blob' THEN -4 WHEN 'tinytext' THEN 12 WHEN 'mediumtext' THEN -1 WHEN 'longtext' THEN -1 WHEN 'text' THEN -1 WHEN 'date' THEN 91 WHEN 'datetime' THEN 93 WHEN 'decimal' THEN 3 WHEN 'double' THEN 8 WHEN 'enum' THEN 12 WHEN 'float' THEN 7 WHEN 'int' THEN IF( COLUMN_TYPE like '%unsigned%', 4,4) WHEN 'bigint' THEN -5 WHEN 'mediumint' THEN 4 WHEN 'null' THEN 0 WHEN 'set' THEN 12 WHEN 'smallint' THEN IF( COLUMN_TYPE like '%unsigned%', 5,5) WHEN 'varchar' THEN 12 WHEN 'varbinary' THEN -3 WHEN 'char' THEN 1 WHEN 'binary' THEN -2 WHEN 'time' THEN 92 WHEN 'timestamp' THEN 93 WHEN 'tinyint' THEN IF(COLUMN_TYPE like 'tinyint(1)%',16,-6)  WHEN 'year' THEN 91 ELSE 1111 END  DATA_TYPE, IF(COLUMN_TYPE like 'tinyint(1)%', 'BOOLEAN',  UCASE(IF( COLUMN_TYPE LIKE '%(%)%', CONCAT(SUBSTRING( COLUMN_TYPE,1, LOCATE('(',COLUMN_TYPE) - 1 ), SUBSTRING(COLUMN_TYPE ,1+locate(')', COLUMN_TYPE))), COLUMN_TYPE))) TYPE_NAME, CASE DATA_TYPE WHEN 'date' THEN 10  WHEN 'time' THEN IF(DATETIME_PRECISION = 0, 10, CAST(11 + DATETIME_PRECISION as signed integer))  WHEN 'datetime' THEN IF(DATETIME_PRECISION = 0, 19, CAST(20 + DATETIME_PRECISION as signed integer))  WHEN 'timestamp' THEN IF(DATETIME_PRECISION = 0, 19, CAST(20 + DATETIME_PRECISION as signed integer))  ELSE   IF(NUMERIC_PRECISION IS NULL, LEAST(CHARACTER_MAXIMUM_LENGTH,2147483647), NUMERIC_PRECISION)  END COLUMN_SIZE, 65535 BUFFER_LENGTH,  CONVERT (CASE DATA_TYPE WHEN 'year' THEN NUMERIC_SCALE WHEN 'tinyint' THEN 0 ELSE NUMERIC_SCALE END, UNSIGNED INTEGER) DECIMAL_DIGITS, 10 NUM_PREC_RADIX, IF(IS_NULLABLE = 'yes',1,0) NULLABLE,COLUMN_COMMENT REMARKS, COLUMN_DEFAULT COLUMN_DEF, 0 SQL_DATA_TYPE, 0 SQL_DATETIME_SUB,   LEAST(CHARACTER_OCTET_LENGTH,2147483647) CHAR_OCTET_LENGTH, ORDINAL_POSITION, IS_NULLABLE, NULL SCOPE_CATALOG, NULL SCOPE_SCHEMA, NULL SCOPE_TABLE, NULL SOURCE_DATA_TYPE, IF(EXTRA = 'auto_increment','YES','NO') IS_AUTOINCREMENT,  IF(EXTRA in ('VIRTUAL', 'PERSISTENT', 'VIRTUAL GENERATED', 'STORED GENERATED') ,'YES','NO') IS_GENERATEDCOLUMN  FROM INFORMATION_SCHEMA.COLUMNS WHERE TABLE_SCHEMA='edext' ORDER BY TABLE_CAT, TABLE_SCHEM, TABLE_NAME, ORDINAL_POSITION
07:34:31 DEBUG [AWT-EventQueue-0]->org.mariadb.jdbc.util.log.Slf4JLogger->debug := execute query: SHOW CREATE TABLE `edext`.`Curso`
07:34:31 DEBUG [AWT-EventQueue-0]->org.mariadb.jdbc.util.log.Slf4JLogger->debug := execute query: SHOW CREATE TABLE `Instituto`
07:34:31 DEBUG [AWT-EventQueue-0]->org.mariadb.jdbc.util.log.Slf4JLogger->debug := execute query: SELECT TABLE_SCHEMA TABLE_CAT, NULL  TABLE_SCHEM,  TABLE_NAME, IF(TABLE_TYPE='BASE TABLE' or TABLE_TYPE='SYSTEM VERSIONED', 'TABLE', IF(TABLE_TYPE='TEMPORARY', 'LOCAL TEMPORARY', TABLE_TYPE)) as TABLE_TYPE, TABLE_COMMENT REMARKS, NULL TYPE_CAT, NULL TYPE_SCHEM, NULL TYPE_NAME, NULL SELF_REFERENCING_COL_NAME,  NULL REF_GENERATION FROM INFORMATION_SCHEMA.TABLES WHERE TABLE_SCHEMA='edext' AND TABLE_NAME='Instituto' AND  TABLE_TYPE IN ('BASE TABLE','SYSTEM VERSIONED','VIEW') ORDER BY TABLE_TYPE, TABLE_SCHEMA, TABLE_NAME
07:34:31 DEBUG [AWT-EventQueue-0]->org.mariadb.jdbc.util.log.Slf4JLogger->debug := execute query: select * from `edext`.`Instituto` where 1=0
07:34:31 DEBUG [AWT-EventQueue-0]->org.mariadb.jdbc.util.log.Slf4JLogger->debug := execute query: SHOW CREATE TABLE `edext`.`Edicion`
07:34:31 DEBUG [AWT-EventQueue-0]->org.mariadb.jdbc.util.log.Slf4JLogger->debug := execute query: SHOW CREATE TABLE `Curso`
07:34:31 DEBUG [AWT-EventQueue-0]->org.mariadb.jdbc.util.log.Slf4JLogger->debug := execute query: SELECT TABLE_SCHEMA TABLE_CAT, NULL  TABLE_SCHEM,  TABLE_NAME, IF(TABLE_TYPE='BASE TABLE' or TABLE_TYPE='SYSTEM VERSIONED', 'TABLE', IF(TABLE_TYPE='TEMPORARY', 'LOCAL TEMPORARY', TABLE_TYPE)) as TABLE_TYPE, TABLE_COMMENT REMARKS, NULL TYPE_CAT, NULL TYPE_SCHEM, NULL TYPE_NAME, NULL SELF_REFERENCING_COL_NAME,  NULL REF_GENERATION FROM INFORMATION_SCHEMA.TABLES WHERE TABLE_SCHEMA='edext' AND TABLE_NAME='Curso' AND  TABLE_TYPE IN ('BASE TABLE','SYSTEM VERSIONED','VIEW') ORDER BY TABLE_TYPE, TABLE_SCHEMA, TABLE_NAME
07:34:31 DEBUG [AWT-EventQueue-0]->org.mariadb.jdbc.util.log.Slf4JLogger->debug := execute query: select * from `edext`.`Curso` where 1=0
07:34:31 DEBUG [AWT-EventQueue-0]->org.mariadb.jdbc.util.log.Slf4JLogger->debug := execute query: SHOW CREATE TABLE `edext`.`InscripcionEdicion`
07:34:31 DEBUG [AWT-EventQueue-0]->org.mariadb.jdbc.util.log.Slf4JLogger->debug := execute query: SHOW CREATE TABLE `Edicion`
07:34:31 DEBUG [AWT-EventQueue-0]->org.mariadb.jdbc.util.log.Slf4JLogger->debug := execute query: SHOW CREATE TABLE `Usuario`
07:34:31 DEBUG [AWT-EventQueue-0]->org.mariadb.jdbc.util.log.Slf4JLogger->debug := execute query: SELECT TABLE_SCHEMA TABLE_CAT, NULL  TABLE_SCHEM,  TABLE_NAME, IF(TABLE_TYPE='BASE TABLE' or TABLE_TYPE='SYSTEM VERSIONED', 'TABLE', IF(TABLE_TYPE='TEMPORARY', 'LOCAL TEMPORARY', TABLE_TYPE)) as TABLE_TYPE, TABLE_COMMENT REMARKS, NULL TYPE_CAT, NULL TYPE_SCHEM, NULL TYPE_NAME, NULL SELF_REFERENCING_COL_NAME,  NULL REF_GENERATION FROM INFORMATION_SCHEMA.TABLES WHERE TABLE_SCHEMA='edext' AND TABLE_NAME='Edicion' AND  TABLE_TYPE IN ('BASE TABLE','SYSTEM VERSIONED','VIEW') ORDER BY TABLE_TYPE, TABLE_SCHEMA, TABLE_NAME
07:34:31 DEBUG [AWT-EventQueue-0]->org.mariadb.jdbc.util.log.Slf4JLogger->debug := execute query: select * from `edext`.`Edicion` where 1=0
07:34:31 DEBUG [AWT-EventQueue-0]->org.mariadb.jdbc.util.log.Slf4JLogger->debug := execute query: SELECT TABLE_SCHEMA TABLE_CAT, NULL  TABLE_SCHEM,  TABLE_NAME, IF(TABLE_TYPE='BASE TABLE' or TABLE_TYPE='SYSTEM VERSIONED', 'TABLE', IF(TABLE_TYPE='TEMPORARY', 'LOCAL TEMPORARY', TABLE_TYPE)) as TABLE_TYPE, TABLE_COMMENT REMARKS, NULL TYPE_CAT, NULL TYPE_SCHEM, NULL TYPE_NAME, NULL SELF_REFERENCING_COL_NAME,  NULL REF_GENERATION FROM INFORMATION_SCHEMA.TABLES WHERE TABLE_SCHEMA='edext' AND TABLE_NAME='Usuario' AND  TABLE_TYPE IN ('BASE TABLE','SYSTEM VERSIONED','VIEW') ORDER BY TABLE_TYPE, TABLE_SCHEMA, TABLE_NAME
07:34:31 DEBUG [AWT-EventQueue-0]->org.mariadb.jdbc.util.log.Slf4JLogger->debug := execute query: select * from `edext`.`Usuario` where 1=0
07:34:31 DEBUG [AWT-EventQueue-0]->org.mariadb.jdbc.util.log.Slf4JLogger->debug := execute query: SHOW CREATE TABLE `edext`.`InscripcionPrograma`
07:34:31 DEBUG [AWT-EventQueue-0]->org.mariadb.jdbc.util.log.Slf4JLogger->debug := execute query: SHOW CREATE TABLE `Usuario`
07:34:31 DEBUG [AWT-EventQueue-0]->org.mariadb.jdbc.util.log.Slf4JLogger->debug := execute query: SHOW CREATE TABLE `ProgramaFormacion`
07:34:31 DEBUG [AWT-EventQueue-0]->org.mariadb.jdbc.util.log.Slf4JLogger->debug := execute query: SELECT TABLE_SCHEMA TABLE_CAT, NULL  TABLE_SCHEM,  TABLE_NAME, IF(TABLE_TYPE='BASE TABLE' or TABLE_TYPE='SYSTEM VERSIONED', 'TABLE', IF(TABLE_TYPE='TEMPORARY', 'LOCAL TEMPORARY', TABLE_TYPE)) as TABLE_TYPE, TABLE_COMMENT REMARKS, NULL TYPE_CAT, NULL TYPE_SCHEM, NULL TYPE_NAME, NULL SELF_REFERENCING_COL_NAME,  NULL REF_GENERATION FROM INFORMATION_SCHEMA.TABLES WHERE TABLE_SCHEMA='edext' AND TABLE_NAME='ProgramaFormacion' AND  TABLE_TYPE IN ('BASE TABLE','SYSTEM VERSIONED','VIEW') ORDER BY TABLE_TYPE, TABLE_SCHEMA, TABLE_NAME
07:34:31 DEBUG [AWT-EventQueue-0]->org.mariadb.jdbc.util.log.Slf4JLogger->debug := execute query: select * from `edext`.`ProgramaFormacion` where 1=0
07:34:31 DEBUG [AWT-EventQueue-0]->org.mariadb.jdbc.util.log.Slf4JLogger->debug := execute query: SELECT TABLE_SCHEMA TABLE_CAT, NULL  TABLE_SCHEM,  TABLE_NAME, IF(TABLE_TYPE='BASE TABLE' or TABLE_TYPE='SYSTEM VERSIONED', 'TABLE', IF(TABLE_TYPE='TEMPORARY', 'LOCAL TEMPORARY', TABLE_TYPE)) as TABLE_TYPE, TABLE_COMMENT REMARKS, NULL TYPE_CAT, NULL TYPE_SCHEM, NULL TYPE_NAME, NULL SELF_REFERENCING_COL_NAME,  NULL REF_GENERATION FROM INFORMATION_SCHEMA.TABLES WHERE TABLE_SCHEMA='edext' AND TABLE_NAME='Usuario' AND  TABLE_TYPE IN ('BASE TABLE','SYSTEM VERSIONED','VIEW') ORDER BY TABLE_TYPE, TABLE_SCHEMA, TABLE_NAME
07:34:31 DEBUG [AWT-EventQueue-0]->org.mariadb.jdbc.util.log.Slf4JLogger->debug := execute query: select * from `edext`.`Usuario` where 1=0
07:34:31 DEBUG [AWT-EventQueue-0]->org.mariadb.jdbc.util.log.Slf4JLogger->debug := execute query: SHOW CREATE TABLE `edext`.`Integra`
07:34:31 DEBUG [AWT-EventQueue-0]->org.mariadb.jdbc.util.log.Slf4JLogger->debug := execute query: SHOW CREATE TABLE `ProgramaFormacion`
07:34:31 DEBUG [AWT-EventQueue-0]->org.mariadb.jdbc.util.log.Slf4JLogger->debug := execute query: SHOW CREATE TABLE `Curso`
07:34:31 DEBUG [AWT-EventQueue-0]->org.mariadb.jdbc.util.log.Slf4JLogger->debug := execute query: SELECT TABLE_SCHEMA TABLE_CAT, NULL  TABLE_SCHEM,  TABLE_NAME, IF(TABLE_TYPE='BASE TABLE' or TABLE_TYPE='SYSTEM VERSIONED', 'TABLE', IF(TABLE_TYPE='TEMPORARY', 'LOCAL TEMPORARY', TABLE_TYPE)) as TABLE_TYPE, TABLE_COMMENT REMARKS, NULL TYPE_CAT, NULL TYPE_SCHEM, NULL TYPE_NAME, NULL SELF_REFERENCING_COL_NAME,  NULL REF_GENERATION FROM INFORMATION_SCHEMA.TABLES WHERE TABLE_SCHEMA='edext' AND TABLE_NAME='Curso' AND  TABLE_TYPE IN ('BASE TABLE','SYSTEM VERSIONED','VIEW') ORDER BY TABLE_TYPE, TABLE_SCHEMA, TABLE_NAME
07:34:31 DEBUG [AWT-EventQueue-0]->org.mariadb.jdbc.util.log.Slf4JLogger->debug := execute query: select * from `edext`.`Curso` where 1=0
07:34:31 DEBUG [AWT-EventQueue-0]->org.mariadb.jdbc.util.log.Slf4JLogger->debug := execute query: SELECT TABLE_SCHEMA TABLE_CAT, NULL  TABLE_SCHEM,  TABLE_NAME, IF(TABLE_TYPE='BASE TABLE' or TABLE_TYPE='SYSTEM VERSIONED', 'TABLE', IF(TABLE_TYPE='TEMPORARY', 'LOCAL TEMPORARY', TABLE_TYPE)) as TABLE_TYPE, TABLE_COMMENT REMARKS, NULL TYPE_CAT, NULL TYPE_SCHEM, NULL TYPE_NAME, NULL SELF_REFERENCING_COL_NAME,  NULL REF_GENERATION FROM INFORMATION_SCHEMA.TABLES WHERE TABLE_SCHEMA='edext' AND TABLE_NAME='ProgramaFormacion' AND  TABLE_TYPE IN ('BASE TABLE','SYSTEM VERSIONED','VIEW') ORDER BY TABLE_TYPE, TABLE_SCHEMA, TABLE_NAME
07:34:31 DEBUG [AWT-EventQueue-0]->org.mariadb.jdbc.util.log.Slf4JLogger->debug := execute query: select * from `edext`.`ProgramaFormacion` where 1=0
07:34:31 DEBUG [AWT-EventQueue-0]->org.mariadb.jdbc.util.log.Slf4JLogger->debug := execute query: SHOW CREATE TABLE `edext`.`Organiza`
07:34:31 DEBUG [AWT-EventQueue-0]->org.mariadb.jdbc.util.log.Slf4JLogger->debug := execute query: SHOW CREATE TABLE `Edicion`
07:34:31 DEBUG [AWT-EventQueue-0]->org.mariadb.jdbc.util.log.Slf4JLogger->debug := execute query: SHOW CREATE TABLE `Usuario`
07:34:31 DEBUG [AWT-EventQueue-0]->org.mariadb.jdbc.util.log.Slf4JLogger->debug := execute query: SELECT TABLE_SCHEMA TABLE_CAT, NULL  TABLE_SCHEM,  TABLE_NAME, IF(TABLE_TYPE='BASE TABLE' or TABLE_TYPE='SYSTEM VERSIONED', 'TABLE', IF(TABLE_TYPE='TEMPORARY', 'LOCAL TEMPORARY', TABLE_TYPE)) as TABLE_TYPE, TABLE_COMMENT REMARKS, NULL TYPE_CAT, NULL TYPE_SCHEM, NULL TYPE_NAME, NULL SELF_REFERENCING_COL_NAME,  NULL REF_GENERATION FROM INFORMATION_SCHEMA.TABLES WHERE TABLE_SCHEMA='edext' AND TABLE_NAME='Edicion' AND  TABLE_TYPE IN ('BASE TABLE','SYSTEM VERSIONED','VIEW') ORDER BY TABLE_TYPE, TABLE_SCHEMA, TABLE_NAME
07:34:31 DEBUG [AWT-EventQueue-0]->org.mariadb.jdbc.util.log.Slf4JLogger->debug := execute query: select * from `edext`.`Edicion` where 1=0
07:34:31 DEBUG [AWT-EventQueue-0]->org.mariadb.jdbc.util.log.Slf4JLogger->debug := execute query: SELECT TABLE_SCHEMA TABLE_CAT, NULL  TABLE_SCHEM,  TABLE_NAME, IF(TABLE_TYPE='BASE TABLE' or TABLE_TYPE='SYSTEM VERSIONED', 'TABLE', IF(TABLE_TYPE='TEMPORARY', 'LOCAL TEMPORARY', TABLE_TYPE)) as TABLE_TYPE, TABLE_COMMENT REMARKS, NULL TYPE_CAT, NULL TYPE_SCHEM, NULL TYPE_NAME, NULL SELF_REFERENCING_COL_NAME,  NULL REF_GENERATION FROM INFORMATION_SCHEMA.TABLES WHERE TABLE_SCHEMA='edext' AND TABLE_NAME='Usuario' AND  TABLE_TYPE IN ('BASE TABLE','SYSTEM VERSIONED','VIEW') ORDER BY TABLE_TYPE, TABLE_SCHEMA, TABLE_NAME
07:34:31 DEBUG [AWT-EventQueue-0]->org.mariadb.jdbc.util.log.Slf4JLogger->debug := execute query: select * from `edext`.`Usuario` where 1=0
07:34:31 DEBUG [AWT-EventQueue-0]->org.mariadb.jdbc.util.log.Slf4JLogger->debug := execute query: SHOW CREATE TABLE `edext`.`Pertenece`
07:34:31 DEBUG [AWT-EventQueue-0]->org.mariadb.jdbc.util.log.Slf4JLogger->debug := execute query: SHOW CREATE TABLE `Usuario`
07:34:31 DEBUG [AWT-EventQueue-0]->org.mariadb.jdbc.util.log.Slf4JLogger->debug := execute query: SHOW CREATE TABLE `Instituto`
07:34:31 DEBUG [AWT-EventQueue-0]->org.mariadb.jdbc.util.log.Slf4JLogger->debug := execute query: SELECT TABLE_SCHEMA TABLE_CAT, NULL  TABLE_SCHEM,  TABLE_NAME, IF(TABLE_TYPE='BASE TABLE' or TABLE_TYPE='SYSTEM VERSIONED', 'TABLE', IF(TABLE_TYPE='TEMPORARY', 'LOCAL TEMPORARY', TABLE_TYPE)) as TABLE_TYPE, TABLE_COMMENT REMARKS, NULL TYPE_CAT, NULL TYPE_SCHEM, NULL TYPE_NAME, NULL SELF_REFERENCING_COL_NAME,  NULL REF_GENERATION FROM INFORMATION_SCHEMA.TABLES WHERE TABLE_SCHEMA='edext' AND TABLE_NAME='Instituto' AND  TABLE_TYPE IN ('BASE TABLE','SYSTEM VERSIONED','VIEW') ORDER BY TABLE_TYPE, TABLE_SCHEMA, TABLE_NAME
07:34:31 DEBUG [AWT-EventQueue-0]->org.mariadb.jdbc.util.log.Slf4JLogger->debug := execute query: select * from `edext`.`Instituto` where 1=0
07:34:31 DEBUG [AWT-EventQueue-0]->org.mariadb.jdbc.util.log.Slf4JLogger->debug := execute query: SELECT TABLE_SCHEMA TABLE_CAT, NULL  TABLE_SCHEM,  TABLE_NAME, IF(TABLE_TYPE='BASE TABLE' or TABLE_TYPE='SYSTEM VERSIONED', 'TABLE', IF(TABLE_TYPE='TEMPORARY', 'LOCAL TEMPORARY', TABLE_TYPE)) as TABLE_TYPE, TABLE_COMMENT REMARKS, NULL TYPE_CAT, NULL TYPE_SCHEM, NULL TYPE_NAME, NULL SELF_REFERENCING_COL_NAME,  NULL REF_GENERATION FROM INFORMATION_SCHEMA.TABLES WHERE TABLE_SCHEMA='edext' AND TABLE_NAME='Usuario' AND  TABLE_TYPE IN ('BASE TABLE','SYSTEM VERSIONED','VIEW') ORDER BY TABLE_TYPE, TABLE_SCHEMA, TABLE_NAME
07:34:31 DEBUG [AWT-EventQueue-0]->org.mariadb.jdbc.util.log.Slf4JLogger->debug := execute query: select * from `edext`.`Usuario` where 1=0
07:34:31 DEBUG [AWT-EventQueue-0]->org.mariadb.jdbc.util.log.Slf4JLogger->debug := execute query: SHOW CREATE TABLE `edext`.`Previas`
07:34:31 DEBUG [AWT-EventQueue-0]->org.mariadb.jdbc.util.log.Slf4JLogger->debug := execute query: SHOW CREATE TABLE `Curso`
07:34:31 DEBUG [AWT-EventQueue-0]->org.mariadb.jdbc.util.log.Slf4JLogger->debug := execute query: SHOW CREATE TABLE `Curso`
07:34:31 DEBUG [AWT-EventQueue-0]->org.mariadb.jdbc.util.log.Slf4JLogger->debug := execute query: SELECT TABLE_SCHEMA TABLE_CAT, NULL  TABLE_SCHEM,  TABLE_NAME, IF(TABLE_TYPE='BASE TABLE' or TABLE_TYPE='SYSTEM VERSIONED', 'TABLE', IF(TABLE_TYPE='TEMPORARY', 'LOCAL TEMPORARY', TABLE_TYPE)) as TABLE_TYPE, TABLE_COMMENT REMARKS, NULL TYPE_CAT, NULL TYPE_SCHEM, NULL TYPE_NAME, NULL SELF_REFERENCING_COL_NAME,  NULL REF_GENERATION FROM INFORMATION_SCHEMA.TABLES WHERE TABLE_SCHEMA='edext' AND TABLE_NAME='Curso' AND  TABLE_TYPE IN ('BASE TABLE','SYSTEM VERSIONED','VIEW') ORDER BY TABLE_TYPE, TABLE_SCHEMA, TABLE_NAME
07:34:31 DEBUG [AWT-EventQueue-0]->org.mariadb.jdbc.util.log.Slf4JLogger->debug := execute query: select * from `edext`.`Curso` where 1=0
07:34:31 DEBUG [AWT-EventQueue-0]->org.mariadb.jdbc.util.log.Slf4JLogger->debug := execute query: SELECT TABLE_SCHEMA TABLE_CAT, NULL  TABLE_SCHEM,  TABLE_NAME, IF(TABLE_TYPE='BASE TABLE' or TABLE_TYPE='SYSTEM VERSIONED', 'TABLE', IF(TABLE_TYPE='TEMPORARY', 'LOCAL TEMPORARY', TABLE_TYPE)) as TABLE_TYPE, TABLE_COMMENT REMARKS, NULL TYPE_CAT, NULL TYPE_SCHEM, NULL TYPE_NAME, NULL SELF_REFERENCING_COL_NAME,  NULL REF_GENERATION FROM INFORMATION_SCHEMA.TABLES WHERE TABLE_SCHEMA='edext' AND TABLE_NAME='Curso' AND  TABLE_TYPE IN ('BASE TABLE','SYSTEM VERSIONED','VIEW') ORDER BY TABLE_TYPE, TABLE_SCHEMA, TABLE_NAME
07:34:31 DEBUG [AWT-EventQueue-0]->org.mariadb.jdbc.util.log.Slf4JLogger->debug := execute query: select * from `edext`.`Curso` where 1=0
07:34:31 DEBUG [AWT-EventQueue-0]->org.mariadb.jdbc.util.log.Slf4JLogger->debug := execute query: set autocommit=0
07:34:31 DEBUG [AWT-EventQueue-0]->org.mariadb.jdbc.util.log.Slf4JLogger->debug := System variable change:  autocommit = OFF
07:34:31 DEBUG [AWT-EventQueue-0]->org.mariadb.jdbc.util.log.Slf4JLogger->debug := execute query: set autocommit=1
07:34:31 DEBUG [AWT-EventQueue-0]->org.mariadb.jdbc.util.log.Slf4JLogger->debug := System variable change:  autocommit = ON
07:34:31 DEBUG [AWT-EventQueue-0]->org.mariadb.jdbc.util.log.Slf4JLogger->debug := execute query: set autocommit=0
07:34:31 DEBUG [AWT-EventQueue-0]->org.mariadb.jdbc.util.log.Slf4JLogger->debug := System variable change:  autocommit = OFF
07:34:31 DEBUG [AWT-EventQueue-0]->org.mariadb.jdbc.util.log.Slf4JLogger->debug := execute query: select i1_0.nombre from Instituto i1_0
07:34:32 DEBUG [AWT-EventQueue-0]->org.mariadb.jdbc.util.log.Slf4JLogger->debug := execute query: set autocommit=1
07:34:32 DEBUG [AWT-EventQueue-0]->org.mariadb.jdbc.util.log.Slf4JLogger->debug := System variable change:  autocommit = ON
07:34:43 DEBUG [AWT-EventQueue-0]->org.mariadb.jdbc.util.log.Slf4JLogger->debug := execute query: set autocommit=0
07:34:43 DEBUG [AWT-EventQueue-0]->org.mariadb.jdbc.util.log.Slf4JLogger->debug := System variable change:  autocommit = OFF
07:34:43 DEBUG [AWT-EventQueue-0]->org.mariadb.jdbc.util.log.Slf4JLogger->debug := execute query: select i1_0.nombre from Instituto i1_0 where i1_0.nombre=?
07:34:43 DEBUG [AWT-EventQueue-0]->org.mariadb.jdbc.util.log.Slf4JLogger->debug := execute query: ROLLBACK
07:34:43 DEBUG [AWT-EventQueue-0]->org.mariadb.jdbc.util.log.Slf4JLogger->debug := execute query: set autocommit=1
07:34:43 DEBUG [AWT-EventQueue-0]->org.mariadb.jdbc.util.log.Slf4JLogger->debug := System variable change:  autocommit = ON
07:34:57 DEBUG [AWT-EventQueue-0]->org.mariadb.jdbc.util.log.Slf4JLogger->debug := execute query: set autocommit=0
07:34:57 DEBUG [AWT-EventQueue-0]->org.mariadb.jdbc.util.log.Slf4JLogger->debug := System variable change:  autocommit = OFF
07:34:57 DEBUG [AWT-EventQueue-0]->org.mariadb.jdbc.util.log.Slf4JLogger->debug := execute query: select c1_0.nombre from Categoria c1_0
07:34:57 DEBUG [AWT-EventQueue-0]->org.mariadb.jdbc.util.log.Slf4JLogger->debug := execute query: set autocommit=1
07:34:57 DEBUG [AWT-EventQueue-0]->org.mariadb.jdbc.util.log.Slf4JLogger->debug := System variable change:  autocommit = ON
07:34:57 DEBUG [AWT-EventQueue-0]->org.mariadb.jdbc.util.log.Slf4JLogger->debug := execute query: set autocommit=0
07:34:57 DEBUG [AWT-EventQueue-0]->org.mariadb.jdbc.util.log.Slf4JLogger->debug := System variable change:  autocommit = OFF
07:34:57 DEBUG [AWT-EventQueue-0]->org.mariadb.jdbc.util.log.Slf4JLogger->debug := execute query: select c1_0.nombre from Categoria c1_0
07:34:57 DEBUG [AWT-EventQueue-0]->org.mariadb.jdbc.util.log.Slf4JLogger->debug := execute query: set autocommit=1
07:34:57 DEBUG [AWT-EventQueue-0]->org.mariadb.jdbc.util.log.Slf4JLogger->debug := System variable change:  autocommit = ON
07:37:59 DEBUG [AWT-EventQueue-0]->org.mariadb.jdbc.util.log.Slf4JLogger->debug := execute query: CREATE DATABASE IF NOT EXISTS `edext`
07:37:59 DEBUG [AWT-EventQueue-0]->org.mariadb.jdbc.util.log.Slf4JLogger->debug := execute query: USE `edext`
07:37:59 DEBUG [AWT-EventQueue-0]->org.mariadb.jdbc.util.log.Slf4JLogger->debug := execute query: SET NAMES utf8mb4
07:37:59 DEBUG [AWT-EventQueue-0]->org.mariadb.jdbc.util.log.Slf4JLogger->debug := Database change: is 'edext'
07:37:59 DEBUG [AWT-EventQueue-0]->org.mariadb.jdbc.util.log.Slf4JLogger->debug := System variable change:  character_set_connection = utf8mb4
07:37:59 DEBUG [AWT-EventQueue-0]->org.mariadb.jdbc.util.log.Slf4JLogger->debug := System variable change:  character_set_client = utf8mb4
07:37:59 DEBUG [AWT-EventQueue-0]->org.mariadb.jdbc.util.log.Slf4JLogger->debug := System variable change:  character_set_results = utf8mb4
07:37:59 DEBUG [AWT-EventQueue-0]->org.mariadb.jdbc.util.log.Slf4JLogger->debug := execute query: set autocommit=0
07:37:59 DEBUG [AWT-EventQueue-0]->org.mariadb.jdbc.util.log.Slf4JLogger->debug := System variable change:  autocommit = OFF
07:37:59 DEBUG [AWT-EventQueue-0]->org.mariadb.jdbc.util.log.Slf4JLogger->debug := execute query: SELECT @@character_set_database, @@sql_mode
07:37:59 DEBUG [AWT-EventQueue-0]->org.mariadb.jdbc.util.log.Slf4JLogger->debug := execute query: select @@lower_case_table_names
07:37:59 DEBUG [AWT-EventQueue-0]->org.mariadb.jdbc.util.log.Slf4JLogger->debug := execute query: set autocommit=1
07:37:59 DEBUG [AWT-EventQueue-0]->org.mariadb.jdbc.util.log.Slf4JLogger->debug := System variable change:  autocommit = ON
07:38:01 DEBUG [AWT-EventQueue-0]->org.mariadb.jdbc.util.log.Slf4JLogger->debug := execute query: set autocommit=0
07:38:01 DEBUG [AWT-EventQueue-0]->org.mariadb.jdbc.util.log.Slf4JLogger->debug := System variable change:  autocommit = OFF
07:38:01 DEBUG [AWT-EventQueue-0]->org.mariadb.jdbc.util.log.Slf4JLogger->debug := execute query: set autocommit=1
07:38:01 DEBUG [AWT-EventQueue-0]->org.mariadb.jdbc.util.log.Slf4JLogger->debug := System variable change:  autocommit = ON
07:38:01 DEBUG [AWT-EventQueue-0]->org.mariadb.jdbc.util.log.Slf4JLogger->debug := execute query: select table_name from information_schema.TABLES where table_schema=database() and table_type='SEQUENCE'
07:38:01 DEBUG [AWT-EventQueue-0]->org.mariadb.jdbc.util.log.Slf4JLogger->debug := execute query: SELECT TABLE_SCHEMA TABLE_CAT, NULL  TABLE_SCHEM,  TABLE_NAME, IF(TABLE_TYPE='BASE TABLE' or TABLE_TYPE='SYSTEM VERSIONED', 'TABLE', IF(TABLE_TYPE='TEMPORARY', 'LOCAL TEMPORARY', TABLE_TYPE)) as TABLE_TYPE, TABLE_COMMENT REMARKS, NULL TYPE_CAT, NULL TYPE_SCHEM, NULL TYPE_NAME, NULL SELF_REFERENCING_COL_NAME,  NULL REF_GENERATION FROM INFORMATION_SCHEMA.TABLES WHERE TABLE_SCHEMA='edext' AND  TABLE_TYPE IN ('BASE TABLE','SYSTEM VERSIONED','VIEW') ORDER BY TABLE_TYPE, TABLE_SCHEMA, TABLE_NAME
07:38:01 DEBUG [AWT-EventQueue-0]->org.mariadb.jdbc.util.log.Slf4JLogger->debug := execute query: SELECT TABLE_SCHEMA TABLE_CAT, NULL TABLE_SCHEM, TABLE_NAME, COLUMN_NAME, CASE data_type WHEN 'bit' THEN -7 WHEN 'tinyblob' THEN -3 WHEN 'mediumblob' THEN -4 WHEN 'longblob' THEN -4 WHEN 'blob' THEN -4 WHEN 'tinytext' THEN 12 WHEN 'mediumtext' THEN -1 WHEN 'longtext' THEN -1 WHEN 'text' THEN -1 WHEN 'date' THEN 91 WHEN 'datetime' THEN 93 WHEN 'decimal' THEN 3 WHEN 'double' THEN 8 WHEN 'enum' THEN 12 WHEN 'float' THEN 7 WHEN 'int' THEN IF( COLUMN_TYPE like '%unsigned%', 4,4) WHEN 'bigint' THEN -5 WHEN 'mediumint' THEN 4 WHEN 'null' THEN 0 WHEN 'set' THEN 12 WHEN 'smallint' THEN IF( COLUMN_TYPE like '%unsigned%', 5,5) WHEN 'varchar' THEN 12 WHEN 'varbinary' THEN -3 WHEN 'char' THEN 1 WHEN 'binary' THEN -2 WHEN 'time' THEN 92 WHEN 'timestamp' THEN 93 WHEN 'tinyint' THEN IF(COLUMN_TYPE like 'tinyint(1)%',16,-6)  WHEN 'year' THEN 91 ELSE 1111 END  DATA_TYPE, IF(COLUMN_TYPE like 'tinyint(1)%', 'BOOLEAN',  UCASE(IF( COLUMN_TYPE LIKE '%(%)%', CONCAT(SUBSTRING( COLUMN_TYPE,1, LOCATE('(',COLUMN_TYPE) - 1 ), SUBSTRING(COLUMN_TYPE ,1+locate(')', COLUMN_TYPE))), COLUMN_TYPE))) TYPE_NAME, CASE DATA_TYPE WHEN 'date' THEN 10  WHEN 'time' THEN IF(DATETIME_PRECISION = 0, 10, CAST(11 + DATETIME_PRECISION as signed integer))  WHEN 'datetime' THEN IF(DATETIME_PRECISION = 0, 19, CAST(20 + DATETIME_PRECISION as signed integer))  WHEN 'timestamp' THEN IF(DATETIME_PRECISION = 0, 19, CAST(20 + DATETIME_PRECISION as signed integer))  ELSE   IF(NUMERIC_PRECISION IS NULL, LEAST(CHARACTER_MAXIMUM_LENGTH,2147483647), NUMERIC_PRECISION)  END COLUMN_SIZE, 65535 BUFFER_LENGTH,  CONVERT (CASE DATA_TYPE WHEN 'year' THEN NUMERIC_SCALE WHEN 'tinyint' THEN 0 ELSE NUMERIC_SCALE END, UNSIGNED INTEGER) DECIMAL_DIGITS, 10 NUM_PREC_RADIX, IF(IS_NULLABLE = 'yes',1,0) NULLABLE,COLUMN_COMMENT REMARKS, COLUMN_DEFAULT COLUMN_DEF, 0 SQL_DATA_TYPE, 0 SQL_DATETIME_SUB,   LEAST(CHARACTER_OCTET_LENGTH,2147483647) CHAR_OCTET_LENGTH, ORDINAL_POSITION, IS_NULLABLE, NULL SCOPE_CATALOG, NULL SCOPE_SCHEMA, NULL SCOPE_TABLE, NULL SOURCE_DATA_TYPE, IF(EXTRA = 'auto_increment','YES','NO') IS_AUTOINCREMENT,  IF(EXTRA in ('VIRTUAL', 'PERSISTENT', 'VIRTUAL GENERATED', 'STORED GENERATED') ,'YES','NO') IS_GENERATEDCOLUMN  FROM INFORMATION_SCHEMA.COLUMNS WHERE TABLE_SCHEMA='edext' ORDER BY TABLE_CAT, TABLE_SCHEM, TABLE_NAME, ORDINAL_POSITION
07:38:01 DEBUG [AWT-EventQueue-0]->org.mariadb.jdbc.util.log.Slf4JLogger->debug := execute query: SHOW CREATE TABLE `edext`.`Curso`
07:38:01 DEBUG [AWT-EventQueue-0]->org.mariadb.jdbc.util.log.Slf4JLogger->debug := execute query: SHOW CREATE TABLE `Instituto`
07:38:01 DEBUG [AWT-EventQueue-0]->org.mariadb.jdbc.util.log.Slf4JLogger->debug := execute query: SELECT TABLE_SCHEMA TABLE_CAT, NULL  TABLE_SCHEM,  TABLE_NAME, IF(TABLE_TYPE='BASE TABLE' or TABLE_TYPE='SYSTEM VERSIONED', 'TABLE', IF(TABLE_TYPE='TEMPORARY', 'LOCAL TEMPORARY', TABLE_TYPE)) as TABLE_TYPE, TABLE_COMMENT REMARKS, NULL TYPE_CAT, NULL TYPE_SCHEM, NULL TYPE_NAME, NULL SELF_REFERENCING_COL_NAME,  NULL REF_GENERATION FROM INFORMATION_SCHEMA.TABLES WHERE TABLE_SCHEMA='edext' AND TABLE_NAME='Instituto' AND  TABLE_TYPE IN ('BASE TABLE','SYSTEM VERSIONED','VIEW') ORDER BY TABLE_TYPE, TABLE_SCHEMA, TABLE_NAME
07:38:01 DEBUG [AWT-EventQueue-0]->org.mariadb.jdbc.util.log.Slf4JLogger->debug := execute query: select * from `edext`.`Instituto` where 1=0
07:38:01 DEBUG [AWT-EventQueue-0]->org.mariadb.jdbc.util.log.Slf4JLogger->debug := execute query: SHOW CREATE TABLE `edext`.`Edicion`
07:38:01 DEBUG [AWT-EventQueue-0]->org.mariadb.jdbc.util.log.Slf4JLogger->debug := execute query: SHOW CREATE TABLE `Curso`
07:38:01 DEBUG [AWT-EventQueue-0]->org.mariadb.jdbc.util.log.Slf4JLogger->debug := execute query: SELECT TABLE_SCHEMA TABLE_CAT, NULL  TABLE_SCHEM,  TABLE_NAME, IF(TABLE_TYPE='BASE TABLE' or TABLE_TYPE='SYSTEM VERSIONED', 'TABLE', IF(TABLE_TYPE='TEMPORARY', 'LOCAL TEMPORARY', TABLE_TYPE)) as TABLE_TYPE, TABLE_COMMENT REMARKS, NULL TYPE_CAT, NULL TYPE_SCHEM, NULL TYPE_NAME, NULL SELF_REFERENCING_COL_NAME,  NULL REF_GENERATION FROM INFORMATION_SCHEMA.TABLES WHERE TABLE_SCHEMA='edext' AND TABLE_NAME='Curso' AND  TABLE_TYPE IN ('BASE TABLE','SYSTEM VERSIONED','VIEW') ORDER BY TABLE_TYPE, TABLE_SCHEMA, TABLE_NAME
07:38:01 DEBUG [AWT-EventQueue-0]->org.mariadb.jdbc.util.log.Slf4JLogger->debug := execute query: select * from `edext`.`Curso` where 1=0
07:38:01 DEBUG [AWT-EventQueue-0]->org.mariadb.jdbc.util.log.Slf4JLogger->debug := execute query: SHOW CREATE TABLE `edext`.`InscripcionEdicion`
07:38:01 DEBUG [AWT-EventQueue-0]->org.mariadb.jdbc.util.log.Slf4JLogger->debug := execute query: SHOW CREATE TABLE `Edicion`
07:38:01 DEBUG [AWT-EventQueue-0]->org.mariadb.jdbc.util.log.Slf4JLogger->debug := execute query: SHOW CREATE TABLE `Usuario`
07:38:01 DEBUG [AWT-EventQueue-0]->org.mariadb.jdbc.util.log.Slf4JLogger->debug := execute query: SELECT TABLE_SCHEMA TABLE_CAT, NULL  TABLE_SCHEM,  TABLE_NAME, IF(TABLE_TYPE='BASE TABLE' or TABLE_TYPE='SYSTEM VERSIONED', 'TABLE', IF(TABLE_TYPE='TEMPORARY', 'LOCAL TEMPORARY', TABLE_TYPE)) as TABLE_TYPE, TABLE_COMMENT REMARKS, NULL TYPE_CAT, NULL TYPE_SCHEM, NULL TYPE_NAME, NULL SELF_REFERENCING_COL_NAME,  NULL REF_GENERATION FROM INFORMATION_SCHEMA.TABLES WHERE TABLE_SCHEMA='edext' AND TABLE_NAME='Edicion' AND  TABLE_TYPE IN ('BASE TABLE','SYSTEM VERSIONED','VIEW') ORDER BY TABLE_TYPE, TABLE_SCHEMA, TABLE_NAME
07:38:01 DEBUG [AWT-EventQueue-0]->org.mariadb.jdbc.util.log.Slf4JLogger->debug := execute query: select * from `edext`.`Edicion` where 1=0
07:38:01 DEBUG [AWT-EventQueue-0]->org.mariadb.jdbc.util.log.Slf4JLogger->debug := execute query: SELECT TABLE_SCHEMA TABLE_CAT, NULL  TABLE_SCHEM,  TABLE_NAME, IF(TABLE_TYPE='BASE TABLE' or TABLE_TYPE='SYSTEM VERSIONED', 'TABLE', IF(TABLE_TYPE='TEMPORARY', 'LOCAL TEMPORARY', TABLE_TYPE)) as TABLE_TYPE, TABLE_COMMENT REMARKS, NULL TYPE_CAT, NULL TYPE_SCHEM, NULL TYPE_NAME, NULL SELF_REFERENCING_COL_NAME,  NULL REF_GENERATION FROM INFORMATION_SCHEMA.TABLES WHERE TABLE_SCHEMA='edext' AND TABLE_NAME='Usuario' AND  TABLE_TYPE IN ('BASE TABLE','SYSTEM VERSIONED','VIEW') ORDER BY TABLE_TYPE, TABLE_SCHEMA, TABLE_NAME
07:38:01 DEBUG [AWT-EventQueue-0]->org.mariadb.jdbc.util.log.Slf4JLogger->debug := execute query: select * from `edext`.`Usuario` where 1=0
07:38:01 DEBUG [AWT-EventQueue-0]->org.mariadb.jdbc.util.log.Slf4JLogger->debug := execute query: SHOW CREATE TABLE `edext`.`InscripcionPrograma`
07:38:01 DEBUG [AWT-EventQueue-0]->org.mariadb.jdbc.util.log.Slf4JLogger->debug := execute query: SHOW CREATE TABLE `Usuario`
07:38:01 DEBUG [AWT-EventQueue-0]->org.mariadb.jdbc.util.log.Slf4JLogger->debug := execute query: SHOW CREATE TABLE `ProgramaFormacion`
07:38:01 DEBUG [AWT-EventQueue-0]->org.mariadb.jdbc.util.log.Slf4JLogger->debug := execute query: SELECT TABLE_SCHEMA TABLE_CAT, NULL  TABLE_SCHEM,  TABLE_NAME, IF(TABLE_TYPE='BASE TABLE' or TABLE_TYPE='SYSTEM VERSIONED', 'TABLE', IF(TABLE_TYPE='TEMPORARY', 'LOCAL TEMPORARY', TABLE_TYPE)) as TABLE_TYPE, TABLE_COMMENT REMARKS, NULL TYPE_CAT, NULL TYPE_SCHEM, NULL TYPE_NAME, NULL SELF_REFERENCING_COL_NAME,  NULL REF_GENERATION FROM INFORMATION_SCHEMA.TABLES WHERE TABLE_SCHEMA='edext' AND TABLE_NAME='ProgramaFormacion' AND  TABLE_TYPE IN ('BASE TABLE','SYSTEM VERSIONED','VIEW') ORDER BY TABLE_TYPE, TABLE_SCHEMA, TABLE_NAME
07:38:01 DEBUG [AWT-EventQueue-0]->org.mariadb.jdbc.util.log.Slf4JLogger->debug := execute query: select * from `edext`.`ProgramaFormacion` where 1=0
07:38:01 DEBUG [AWT-EventQueue-0]->org.mariadb.jdbc.util.log.Slf4JLogger->debug := execute query: SELECT TABLE_SCHEMA TABLE_CAT, NULL  TABLE_SCHEM,  TABLE_NAME, IF(TABLE_TYPE='BASE TABLE' or TABLE_TYPE='SYSTEM VERSIONED', 'TABLE', IF(TABLE_TYPE='TEMPORARY', 'LOCAL TEMPORARY', TABLE_TYPE)) as TABLE_TYPE, TABLE_COMMENT REMARKS, NULL TYPE_CAT, NULL TYPE_SCHEM, NULL TYPE_NAME, NULL SELF_REFERENCING_COL_NAME,  NULL REF_GENERATION FROM INFORMATION_SCHEMA.TABLES WHERE TABLE_SCHEMA='edext' AND TABLE_NAME='Usuario' AND  TABLE_TYPE IN ('BASE TABLE','SYSTEM VERSIONED','VIEW') ORDER BY TABLE_TYPE, TABLE_SCHEMA, TABLE_NAME
07:38:01 DEBUG [AWT-EventQueue-0]->org.mariadb.jdbc.util.log.Slf4JLogger->debug := execute query: select * from `edext`.`Usuario` where 1=0
07:38:01 DEBUG [AWT-EventQueue-0]->org.mariadb.jdbc.util.log.Slf4JLogger->debug := execute query: SHOW CREATE TABLE `edext`.`Integra`
07:38:01 DEBUG [AWT-EventQueue-0]->org.mariadb.jdbc.util.log.Slf4JLogger->debug := execute query: SHOW CREATE TABLE `ProgramaFormacion`
07:38:01 DEBUG [AWT-EventQueue-0]->org.mariadb.jdbc.util.log.Slf4JLogger->debug := execute query: SHOW CREATE TABLE `Curso`
07:38:01 DEBUG [AWT-EventQueue-0]->org.mariadb.jdbc.util.log.Slf4JLogger->debug := execute query: SELECT TABLE_SCHEMA TABLE_CAT, NULL  TABLE_SCHEM,  TABLE_NAME, IF(TABLE_TYPE='BASE TABLE' or TABLE_TYPE='SYSTEM VERSIONED', 'TABLE', IF(TABLE_TYPE='TEMPORARY', 'LOCAL TEMPORARY', TABLE_TYPE)) as TABLE_TYPE, TABLE_COMMENT REMARKS, NULL TYPE_CAT, NULL TYPE_SCHEM, NULL TYPE_NAME, NULL SELF_REFERENCING_COL_NAME,  NULL REF_GENERATION FROM INFORMATION_SCHEMA.TABLES WHERE TABLE_SCHEMA='edext' AND TABLE_NAME='Curso' AND  TABLE_TYPE IN ('BASE TABLE','SYSTEM VERSIONED','VIEW') ORDER BY TABLE_TYPE, TABLE_SCHEMA, TABLE_NAME
07:38:01 DEBUG [AWT-EventQueue-0]->org.mariadb.jdbc.util.log.Slf4JLogger->debug := execute query: select * from `edext`.`Curso` where 1=0
07:38:01 DEBUG [AWT-EventQueue-0]->org.mariadb.jdbc.util.log.Slf4JLogger->debug := execute query: SELECT TABLE_SCHEMA TABLE_CAT, NULL  TABLE_SCHEM,  TABLE_NAME, IF(TABLE_TYPE='BASE TABLE' or TABLE_TYPE='SYSTEM VERSIONED', 'TABLE', IF(TABLE_TYPE='TEMPORARY', 'LOCAL TEMPORARY', TABLE_TYPE)) as TABLE_TYPE, TABLE_COMMENT REMARKS, NULL TYPE_CAT, NULL TYPE_SCHEM, NULL TYPE_NAME, NULL SELF_REFERENCING_COL_NAME,  NULL REF_GENERATION FROM INFORMATION_SCHEMA.TABLES WHERE TABLE_SCHEMA='edext' AND TABLE_NAME='ProgramaFormacion' AND  TABLE_TYPE IN ('BASE TABLE','SYSTEM VERSIONED','VIEW') ORDER BY TABLE_TYPE, TABLE_SCHEMA, TABLE_NAME
07:38:01 DEBUG [AWT-EventQueue-0]->org.mariadb.jdbc.util.log.Slf4JLogger->debug := execute query: select * from `edext`.`ProgramaFormacion` where 1=0
07:38:01 DEBUG [AWT-EventQueue-0]->org.mariadb.jdbc.util.log.Slf4JLogger->debug := execute query: SHOW CREATE TABLE `edext`.`Organiza`
07:38:01 DEBUG [AWT-EventQueue-0]->org.mariadb.jdbc.util.log.Slf4JLogger->debug := execute query: SHOW CREATE TABLE `Edicion`
07:38:01 DEBUG [AWT-EventQueue-0]->org.mariadb.jdbc.util.log.Slf4JLogger->debug := execute query: SHOW CREATE TABLE `Usuario`
07:38:01 DEBUG [AWT-EventQueue-0]->org.mariadb.jdbc.util.log.Slf4JLogger->debug := execute query: SELECT TABLE_SCHEMA TABLE_CAT, NULL  TABLE_SCHEM,  TABLE_NAME, IF(TABLE_TYPE='BASE TABLE' or TABLE_TYPE='SYSTEM VERSIONED', 'TABLE', IF(TABLE_TYPE='TEMPORARY', 'LOCAL TEMPORARY', TABLE_TYPE)) as TABLE_TYPE, TABLE_COMMENT REMARKS, NULL TYPE_CAT, NULL TYPE_SCHEM, NULL TYPE_NAME, NULL SELF_REFERENCING_COL_NAME,  NULL REF_GENERATION FROM INFORMATION_SCHEMA.TABLES WHERE TABLE_SCHEMA='edext' AND TABLE_NAME='Edicion' AND  TABLE_TYPE IN ('BASE TABLE','SYSTEM VERSIONED','VIEW') ORDER BY TABLE_TYPE, TABLE_SCHEMA, TABLE_NAME
07:38:01 DEBUG [AWT-EventQueue-0]->org.mariadb.jdbc.util.log.Slf4JLogger->debug := execute query: select * from `edext`.`Edicion` where 1=0
07:38:01 DEBUG [AWT-EventQueue-0]->org.mariadb.jdbc.util.log.Slf4JLogger->debug := execute query: SELECT TABLE_SCHEMA TABLE_CAT, NULL  TABLE_SCHEM,  TABLE_NAME, IF(TABLE_TYPE='BASE TABLE' or TABLE_TYPE='SYSTEM VERSIONED', 'TABLE', IF(TABLE_TYPE='TEMPORARY', 'LOCAL TEMPORARY', TABLE_TYPE)) as TABLE_TYPE, TABLE_COMMENT REMARKS, NULL TYPE_CAT, NULL TYPE_SCHEM, NULL TYPE_NAME, NULL SELF_REFERENCING_COL_NAME,  NULL REF_GENERATION FROM INFORMATION_SCHEMA.TABLES WHERE TABLE_SCHEMA='edext' AND TABLE_NAME='Usuario' AND  TABLE_TYPE IN ('BASE TABLE','SYSTEM VERSIONED','VIEW') ORDER BY TABLE_TYPE, TABLE_SCHEMA, TABLE_NAME
07:38:01 DEBUG [AWT-EventQueue-0]->org.mariadb.jdbc.util.log.Slf4JLogger->debug := execute query: select * from `edext`.`Usuario` where 1=0
07:38:01 DEBUG [AWT-EventQueue-0]->org.mariadb.jdbc.util.log.Slf4JLogger->debug := execute query: SHOW CREATE TABLE `edext`.`Pertenece`
07:38:01 DEBUG [AWT-EventQueue-0]->org.mariadb.jdbc.util.log.Slf4JLogger->debug := execute query: SHOW CREATE TABLE `Usuario`
07:38:01 DEBUG [AWT-EventQueue-0]->org.mariadb.jdbc.util.log.Slf4JLogger->debug := execute query: SHOW CREATE TABLE `Instituto`
07:38:01 DEBUG [AWT-EventQueue-0]->org.mariadb.jdbc.util.log.Slf4JLogger->debug := execute query: SELECT TABLE_SCHEMA TABLE_CAT, NULL  TABLE_SCHEM,  TABLE_NAME, IF(TABLE_TYPE='BASE TABLE' or TABLE_TYPE='SYSTEM VERSIONED', 'TABLE', IF(TABLE_TYPE='TEMPORARY', 'LOCAL TEMPORARY', TABLE_TYPE)) as TABLE_TYPE, TABLE_COMMENT REMARKS, NULL TYPE_CAT, NULL TYPE_SCHEM, NULL TYPE_NAME, NULL SELF_REFERENCING_COL_NAME,  NULL REF_GENERATION FROM INFORMATION_SCHEMA.TABLES WHERE TABLE_SCHEMA='edext' AND TABLE_NAME='Instituto' AND  TABLE_TYPE IN ('BASE TABLE','SYSTEM VERSIONED','VIEW') ORDER BY TABLE_TYPE, TABLE_SCHEMA, TABLE_NAME
07:38:01 DEBUG [AWT-EventQueue-0]->org.mariadb.jdbc.util.log.Slf4JLogger->debug := execute query: select * from `edext`.`Instituto` where 1=0
07:38:01 DEBUG [AWT-EventQueue-0]->org.mariadb.jdbc.util.log.Slf4JLogger->debug := execute query: SELECT TABLE_SCHEMA TABLE_CAT, NULL  TABLE_SCHEM,  TABLE_NAME, IF(TABLE_TYPE='BASE TABLE' or TABLE_TYPE='SYSTEM VERSIONED', 'TABLE', IF(TABLE_TYPE='TEMPORARY', 'LOCAL TEMPORARY', TABLE_TYPE)) as TABLE_TYPE, TABLE_COMMENT REMARKS, NULL TYPE_CAT, NULL TYPE_SCHEM, NULL TYPE_NAME, NULL SELF_REFERENCING_COL_NAME,  NULL REF_GENERATION FROM INFORMATION_SCHEMA.TABLES WHERE TABLE_SCHEMA='edext' AND TABLE_NAME='Usuario' AND  TABLE_TYPE IN ('BASE TABLE','SYSTEM VERSIONED','VIEW') ORDER BY TABLE_TYPE, TABLE_SCHEMA, TABLE_NAME
07:38:01 DEBUG [AWT-EventQueue-0]->org.mariadb.jdbc.util.log.Slf4JLogger->debug := execute query: select * from `edext`.`Usuario` where 1=0
07:38:01 DEBUG [AWT-EventQueue-0]->org.mariadb.jdbc.util.log.Slf4JLogger->debug := execute query: SHOW CREATE TABLE `edext`.`Previas`
07:38:01 DEBUG [AWT-EventQueue-0]->org.mariadb.jdbc.util.log.Slf4JLogger->debug := execute query: SHOW CREATE TABLE `Curso`
07:38:01 DEBUG [AWT-EventQueue-0]->org.mariadb.jdbc.util.log.Slf4JLogger->debug := execute query: SHOW CREATE TABLE `Curso`
07:38:01 DEBUG [AWT-EventQueue-0]->org.mariadb.jdbc.util.log.Slf4JLogger->debug := execute query: SELECT TABLE_SCHEMA TABLE_CAT, NULL  TABLE_SCHEM,  TABLE_NAME, IF(TABLE_TYPE='BASE TABLE' or TABLE_TYPE='SYSTEM VERSIONED', 'TABLE', IF(TABLE_TYPE='TEMPORARY', 'LOCAL TEMPORARY', TABLE_TYPE)) as TABLE_TYPE, TABLE_COMMENT REMARKS, NULL TYPE_CAT, NULL TYPE_SCHEM, NULL TYPE_NAME, NULL SELF_REFERENCING_COL_NAME,  NULL REF_GENERATION FROM INFORMATION_SCHEMA.TABLES WHERE TABLE_SCHEMA='edext' AND TABLE_NAME='Curso' AND  TABLE_TYPE IN ('BASE TABLE','SYSTEM VERSIONED','VIEW') ORDER BY TABLE_TYPE, TABLE_SCHEMA, TABLE_NAME
07:38:01 DEBUG [AWT-EventQueue-0]->org.mariadb.jdbc.util.log.Slf4JLogger->debug := execute query: select * from `edext`.`Curso` where 1=0
07:38:01 DEBUG [AWT-EventQueue-0]->org.mariadb.jdbc.util.log.Slf4JLogger->debug := execute query: SELECT TABLE_SCHEMA TABLE_CAT, NULL  TABLE_SCHEM,  TABLE_NAME, IF(TABLE_TYPE='BASE TABLE' or TABLE_TYPE='SYSTEM VERSIONED', 'TABLE', IF(TABLE_TYPE='TEMPORARY', 'LOCAL TEMPORARY', TABLE_TYPE)) as TABLE_TYPE, TABLE_COMMENT REMARKS, NULL TYPE_CAT, NULL TYPE_SCHEM, NULL TYPE_NAME, NULL SELF_REFERENCING_COL_NAME,  NULL REF_GENERATION FROM INFORMATION_SCHEMA.TABLES WHERE TABLE_SCHEMA='edext' AND TABLE_NAME='Curso' AND  TABLE_TYPE IN ('BASE TABLE','SYSTEM VERSIONED','VIEW') ORDER BY TABLE_TYPE, TABLE_SCHEMA, TABLE_NAME
07:38:01 DEBUG [AWT-EventQueue-0]->org.mariadb.jdbc.util.log.Slf4JLogger->debug := execute query: select * from `edext`.`Curso` where 1=0
07:38:01 DEBUG [AWT-EventQueue-0]->org.mariadb.jdbc.util.log.Slf4JLogger->debug := execute query: set autocommit=0
07:38:01 DEBUG [AWT-EventQueue-0]->org.mariadb.jdbc.util.log.Slf4JLogger->debug := System variable change:  autocommit = OFF
07:38:01 DEBUG [AWT-EventQueue-0]->org.mariadb.jdbc.util.log.Slf4JLogger->debug := execute query: set autocommit=1
07:38:01 DEBUG [AWT-EventQueue-0]->org.mariadb.jdbc.util.log.Slf4JLogger->debug := System variable change:  autocommit = ON
07:38:02 DEBUG [AWT-EventQueue-0]->org.mariadb.jdbc.util.log.Slf4JLogger->debug := execute query: set autocommit=0
07:38:02 DEBUG [AWT-EventQueue-0]->org.mariadb.jdbc.util.log.Slf4JLogger->debug := System variable change:  autocommit = OFF
07:38:02 DEBUG [AWT-EventQueue-0]->org.mariadb.jdbc.util.log.Slf4JLogger->debug := execute query: select c1_0.nombre from Categoria c1_0
07:38:02 DEBUG [AWT-EventQueue-0]->org.mariadb.jdbc.util.log.Slf4JLogger->debug := execute query: set autocommit=1
07:38:02 DEBUG [AWT-EventQueue-0]->org.mariadb.jdbc.util.log.Slf4JLogger->debug := System variable change:  autocommit = ON
07:38:02 DEBUG [AWT-EventQueue-0]->org.mariadb.jdbc.util.log.Slf4JLogger->debug := execute query: set autocommit=0
07:38:02 DEBUG [AWT-EventQueue-0]->org.mariadb.jdbc.util.log.Slf4JLogger->debug := System variable change:  autocommit = OFF
07:38:02 DEBUG [AWT-EventQueue-0]->org.mariadb.jdbc.util.log.Slf4JLogger->debug := execute query: select c1_0.nombre from Categoria c1_0
07:38:02 DEBUG [AWT-EventQueue-0]->org.mariadb.jdbc.util.log.Slf4JLogger->debug := execute query: set autocommit=1
07:38:02 DEBUG [AWT-EventQueue-0]->org.mariadb.jdbc.util.log.Slf4JLogger->debug := System variable change:  autocommit = ON
07:40:19 DEBUG [AWT-EventQueue-0]->org.mariadb.jdbc.util.log.Slf4JLogger->debug := execute query: CREATE DATABASE IF NOT EXISTS `edext`
07:40:19 DEBUG [AWT-EventQueue-0]->org.mariadb.jdbc.util.log.Slf4JLogger->debug := execute query: USE `edext`
07:40:19 DEBUG [AWT-EventQueue-0]->org.mariadb.jdbc.util.log.Slf4JLogger->debug := execute query: SET NAMES utf8mb4
07:40:19 DEBUG [AWT-EventQueue-0]->org.mariadb.jdbc.util.log.Slf4JLogger->debug := Database change: is 'edext'
07:40:19 DEBUG [AWT-EventQueue-0]->org.mariadb.jdbc.util.log.Slf4JLogger->debug := System variable change:  character_set_connection = utf8mb4
07:40:19 DEBUG [AWT-EventQueue-0]->org.mariadb.jdbc.util.log.Slf4JLogger->debug := System variable change:  character_set_client = utf8mb4
07:40:19 DEBUG [AWT-EventQueue-0]->org.mariadb.jdbc.util.log.Slf4JLogger->debug := System variable change:  character_set_results = utf8mb4
07:40:19 DEBUG [AWT-EventQueue-0]->org.mariadb.jdbc.util.log.Slf4JLogger->debug := execute query: set autocommit=0
07:40:19 DEBUG [AWT-EventQueue-0]->org.mariadb.jdbc.util.log.Slf4JLogger->debug := System variable change:  autocommit = OFF
07:40:19 DEBUG [AWT-EventQueue-0]->org.mariadb.jdbc.util.log.Slf4JLogger->debug := execute query: SELECT @@character_set_database, @@sql_mode
07:40:20 DEBUG [AWT-EventQueue-0]->org.mariadb.jdbc.util.log.Slf4JLogger->debug := execute query: select @@lower_case_table_names
07:40:20 DEBUG [AWT-EventQueue-0]->org.mariadb.jdbc.util.log.Slf4JLogger->debug := execute query: set autocommit=1
07:40:20 DEBUG [AWT-EventQueue-0]->org.mariadb.jdbc.util.log.Slf4JLogger->debug := System variable change:  autocommit = ON
07:40:22 DEBUG [AWT-EventQueue-0]->org.mariadb.jdbc.util.log.Slf4JLogger->debug := execute query: set autocommit=0
07:40:22 DEBUG [AWT-EventQueue-0]->org.mariadb.jdbc.util.log.Slf4JLogger->debug := System variable change:  autocommit = OFF
07:40:22 DEBUG [AWT-EventQueue-0]->org.mariadb.jdbc.util.log.Slf4JLogger->debug := execute query: set autocommit=1
07:40:22 DEBUG [AWT-EventQueue-0]->org.mariadb.jdbc.util.log.Slf4JLogger->debug := System variable change:  autocommit = ON
07:40:22 DEBUG [AWT-EventQueue-0]->org.mariadb.jdbc.util.log.Slf4JLogger->debug := execute query: select table_name from information_schema.TABLES where table_schema=database() and table_type='SEQUENCE'
07:40:22 DEBUG [AWT-EventQueue-0]->org.mariadb.jdbc.util.log.Slf4JLogger->debug := execute query: SELECT TABLE_SCHEMA TABLE_CAT, NULL  TABLE_SCHEM,  TABLE_NAME, IF(TABLE_TYPE='BASE TABLE' or TABLE_TYPE='SYSTEM VERSIONED', 'TABLE', IF(TABLE_TYPE='TEMPORARY', 'LOCAL TEMPORARY', TABLE_TYPE)) as TABLE_TYPE, TABLE_COMMENT REMARKS, NULL TYPE_CAT, NULL TYPE_SCHEM, NULL TYPE_NAME, NULL SELF_REFERENCING_COL_NAME,  NULL REF_GENERATION FROM INFORMATION_SCHEMA.TABLES WHERE TABLE_SCHEMA='edext' AND  TABLE_TYPE IN ('BASE TABLE','SYSTEM VERSIONED','VIEW') ORDER BY TABLE_TYPE, TABLE_SCHEMA, TABLE_NAME
07:40:22 DEBUG [AWT-EventQueue-0]->org.mariadb.jdbc.util.log.Slf4JLogger->debug := execute query: SELECT TABLE_SCHEMA TABLE_CAT, NULL TABLE_SCHEM, TABLE_NAME, COLUMN_NAME, CASE data_type WHEN 'bit' THEN -7 WHEN 'tinyblob' THEN -3 WHEN 'mediumblob' THEN -4 WHEN 'longblob' THEN -4 WHEN 'blob' THEN -4 WHEN 'tinytext' THEN 12 WHEN 'mediumtext' THEN -1 WHEN 'longtext' THEN -1 WHEN 'text' THEN -1 WHEN 'date' THEN 91 WHEN 'datetime' THEN 93 WHEN 'decimal' THEN 3 WHEN 'double' THEN 8 WHEN 'enum' THEN 12 WHEN 'float' THEN 7 WHEN 'int' THEN IF( COLUMN_TYPE like '%unsigned%', 4,4) WHEN 'bigint' THEN -5 WHEN 'mediumint' THEN 4 WHEN 'null' THEN 0 WHEN 'set' THEN 12 WHEN 'smallint' THEN IF( COLUMN_TYPE like '%unsigned%', 5,5) WHEN 'varchar' THEN 12 WHEN 'varbinary' THEN -3 WHEN 'char' THEN 1 WHEN 'binary' THEN -2 WHEN 'time' THEN 92 WHEN 'timestamp' THEN 93 WHEN 'tinyint' THEN IF(COLUMN_TYPE like 'tinyint(1)%',16,-6)  WHEN 'year' THEN 91 ELSE 1111 END  DATA_TYPE, IF(COLUMN_TYPE like 'tinyint(1)%', 'BOOLEAN',  UCASE(IF( COLUMN_TYPE LIKE '%(%)%', CONCAT(SUBSTRING( COLUMN_TYPE,1, LOCATE('(',COLUMN_TYPE) - 1 ), SUBSTRING(COLUMN_TYPE ,1+locate(')', COLUMN_TYPE))), COLUMN_TYPE))) TYPE_NAME, CASE DATA_TYPE WHEN 'date' THEN 10  WHEN 'time' THEN IF(DATETIME_PRECISION = 0, 10, CAST(11 + DATETIME_PRECISION as signed integer))  WHEN 'datetime' THEN IF(DATETIME_PRECISION = 0, 19, CAST(20 + DATETIME_PRECISION as signed integer))  WHEN 'timestamp' THEN IF(DATETIME_PRECISION = 0, 19, CAST(20 + DATETIME_PRECISION as signed integer))  ELSE   IF(NUMERIC_PRECISION IS NULL, LEAST(CHARACTER_MAXIMUM_LENGTH,2147483647), NUMERIC_PRECISION)  END COLUMN_SIZE, 65535 BUFFER_LENGTH,  CONVERT (CASE DATA_TYPE WHEN 'year' THEN NUMERIC_SCALE WHEN 'tinyint' THEN 0 ELSE NUMERIC_SCALE END, UNSIGNED INTEGER) DECIMAL_DIGITS, 10 NUM_PREC_RADIX, IF(IS_NULLABLE = 'yes',1,0) NULLABLE,COLUMN_COMMENT REMARKS, COLUMN_DEFAULT COLUMN_DEF, 0 SQL_DATA_TYPE, 0 SQL_DATETIME_SUB,   LEAST(CHARACTER_OCTET_LENGTH,2147483647) CHAR_OCTET_LENGTH, ORDINAL_POSITION, IS_NULLABLE, NULL SCOPE_CATALOG, NULL SCOPE_SCHEMA, NULL SCOPE_TABLE, NULL SOURCE_DATA_TYPE, IF(EXTRA = 'auto_increment','YES','NO') IS_AUTOINCREMENT,  IF(EXTRA in ('VIRTUAL', 'PERSISTENT', 'VIRTUAL GENERATED', 'STORED GENERATED') ,'YES','NO') IS_GENERATEDCOLUMN  FROM INFORMATION_SCHEMA.COLUMNS WHERE TABLE_SCHEMA='edext' ORDER BY TABLE_CAT, TABLE_SCHEM, TABLE_NAME, ORDINAL_POSITION
07:40:22 DEBUG [AWT-EventQueue-0]->org.mariadb.jdbc.util.log.Slf4JLogger->debug := execute query: SHOW CREATE TABLE `edext`.`Curso`
07:40:22 DEBUG [AWT-EventQueue-0]->org.mariadb.jdbc.util.log.Slf4JLogger->debug := execute query: SHOW CREATE TABLE `Instituto`
07:40:22 DEBUG [AWT-EventQueue-0]->org.mariadb.jdbc.util.log.Slf4JLogger->debug := execute query: SELECT TABLE_SCHEMA TABLE_CAT, NULL  TABLE_SCHEM,  TABLE_NAME, IF(TABLE_TYPE='BASE TABLE' or TABLE_TYPE='SYSTEM VERSIONED', 'TABLE', IF(TABLE_TYPE='TEMPORARY', 'LOCAL TEMPORARY', TABLE_TYPE)) as TABLE_TYPE, TABLE_COMMENT REMARKS, NULL TYPE_CAT, NULL TYPE_SCHEM, NULL TYPE_NAME, NULL SELF_REFERENCING_COL_NAME,  NULL REF_GENERATION FROM INFORMATION_SCHEMA.TABLES WHERE TABLE_SCHEMA='edext' AND TABLE_NAME='Instituto' AND  TABLE_TYPE IN ('BASE TABLE','SYSTEM VERSIONED','VIEW') ORDER BY TABLE_TYPE, TABLE_SCHEMA, TABLE_NAME
07:40:22 DEBUG [AWT-EventQueue-0]->org.mariadb.jdbc.util.log.Slf4JLogger->debug := execute query: select * from `edext`.`Instituto` where 1=0
07:40:22 DEBUG [AWT-EventQueue-0]->org.mariadb.jdbc.util.log.Slf4JLogger->debug := execute query: SHOW CREATE TABLE `edext`.`Edicion`
07:40:22 DEBUG [AWT-EventQueue-0]->org.mariadb.jdbc.util.log.Slf4JLogger->debug := execute query: SHOW CREATE TABLE `Curso`
07:40:22 DEBUG [AWT-EventQueue-0]->org.mariadb.jdbc.util.log.Slf4JLogger->debug := execute query: SELECT TABLE_SCHEMA TABLE_CAT, NULL  TABLE_SCHEM,  TABLE_NAME, IF(TABLE_TYPE='BASE TABLE' or TABLE_TYPE='SYSTEM VERSIONED', 'TABLE', IF(TABLE_TYPE='TEMPORARY', 'LOCAL TEMPORARY', TABLE_TYPE)) as TABLE_TYPE, TABLE_COMMENT REMARKS, NULL TYPE_CAT, NULL TYPE_SCHEM, NULL TYPE_NAME, NULL SELF_REFERENCING_COL_NAME,  NULL REF_GENERATION FROM INFORMATION_SCHEMA.TABLES WHERE TABLE_SCHEMA='edext' AND TABLE_NAME='Curso' AND  TABLE_TYPE IN ('BASE TABLE','SYSTEM VERSIONED','VIEW') ORDER BY TABLE_TYPE, TABLE_SCHEMA, TABLE_NAME
07:40:22 DEBUG [AWT-EventQueue-0]->org.mariadb.jdbc.util.log.Slf4JLogger->debug := execute query: select * from `edext`.`Curso` where 1=0
07:40:22 DEBUG [AWT-EventQueue-0]->org.mariadb.jdbc.util.log.Slf4JLogger->debug := execute query: SHOW CREATE TABLE `edext`.`InscripcionEdicion`
07:40:22 DEBUG [AWT-EventQueue-0]->org.mariadb.jdbc.util.log.Slf4JLogger->debug := execute query: SHOW CREATE TABLE `Edicion`
07:40:22 DEBUG [AWT-EventQueue-0]->org.mariadb.jdbc.util.log.Slf4JLogger->debug := execute query: SHOW CREATE TABLE `Usuario`
07:40:22 DEBUG [AWT-EventQueue-0]->org.mariadb.jdbc.util.log.Slf4JLogger->debug := execute query: SELECT TABLE_SCHEMA TABLE_CAT, NULL  TABLE_SCHEM,  TABLE_NAME, IF(TABLE_TYPE='BASE TABLE' or TABLE_TYPE='SYSTEM VERSIONED', 'TABLE', IF(TABLE_TYPE='TEMPORARY', 'LOCAL TEMPORARY', TABLE_TYPE)) as TABLE_TYPE, TABLE_COMMENT REMARKS, NULL TYPE_CAT, NULL TYPE_SCHEM, NULL TYPE_NAME, NULL SELF_REFERENCING_COL_NAME,  NULL REF_GENERATION FROM INFORMATION_SCHEMA.TABLES WHERE TABLE_SCHEMA='edext' AND TABLE_NAME='Edicion' AND  TABLE_TYPE IN ('BASE TABLE','SYSTEM VERSIONED','VIEW') ORDER BY TABLE_TYPE, TABLE_SCHEMA, TABLE_NAME
07:40:22 DEBUG [AWT-EventQueue-0]->org.mariadb.jdbc.util.log.Slf4JLogger->debug := execute query: select * from `edext`.`Edicion` where 1=0
07:40:22 DEBUG [AWT-EventQueue-0]->org.mariadb.jdbc.util.log.Slf4JLogger->debug := execute query: SELECT TABLE_SCHEMA TABLE_CAT, NULL  TABLE_SCHEM,  TABLE_NAME, IF(TABLE_TYPE='BASE TABLE' or TABLE_TYPE='SYSTEM VERSIONED', 'TABLE', IF(TABLE_TYPE='TEMPORARY', 'LOCAL TEMPORARY', TABLE_TYPE)) as TABLE_TYPE, TABLE_COMMENT REMARKS, NULL TYPE_CAT, NULL TYPE_SCHEM, NULL TYPE_NAME, NULL SELF_REFERENCING_COL_NAME,  NULL REF_GENERATION FROM INFORMATION_SCHEMA.TABLES WHERE TABLE_SCHEMA='edext' AND TABLE_NAME='Usuario' AND  TABLE_TYPE IN ('BASE TABLE','SYSTEM VERSIONED','VIEW') ORDER BY TABLE_TYPE, TABLE_SCHEMA, TABLE_NAME
07:40:22 DEBUG [AWT-EventQueue-0]->org.mariadb.jdbc.util.log.Slf4JLogger->debug := execute query: select * from `edext`.`Usuario` where 1=0
07:40:22 DEBUG [AWT-EventQueue-0]->org.mariadb.jdbc.util.log.Slf4JLogger->debug := execute query: SHOW CREATE TABLE `edext`.`InscripcionPrograma`
07:40:22 DEBUG [AWT-EventQueue-0]->org.mariadb.jdbc.util.log.Slf4JLogger->debug := execute query: SHOW CREATE TABLE `Usuario`
07:40:22 DEBUG [AWT-EventQueue-0]->org.mariadb.jdbc.util.log.Slf4JLogger->debug := execute query: SHOW CREATE TABLE `ProgramaFormacion`
07:40:22 DEBUG [AWT-EventQueue-0]->org.mariadb.jdbc.util.log.Slf4JLogger->debug := execute query: SELECT TABLE_SCHEMA TABLE_CAT, NULL  TABLE_SCHEM,  TABLE_NAME, IF(TABLE_TYPE='BASE TABLE' or TABLE_TYPE='SYSTEM VERSIONED', 'TABLE', IF(TABLE_TYPE='TEMPORARY', 'LOCAL TEMPORARY', TABLE_TYPE)) as TABLE_TYPE, TABLE_COMMENT REMARKS, NULL TYPE_CAT, NULL TYPE_SCHEM, NULL TYPE_NAME, NULL SELF_REFERENCING_COL_NAME,  NULL REF_GENERATION FROM INFORMATION_SCHEMA.TABLES WHERE TABLE_SCHEMA='edext' AND TABLE_NAME='ProgramaFormacion' AND  TABLE_TYPE IN ('BASE TABLE','SYSTEM VERSIONED','VIEW') ORDER BY TABLE_TYPE, TABLE_SCHEMA, TABLE_NAME
07:40:22 DEBUG [AWT-EventQueue-0]->org.mariadb.jdbc.util.log.Slf4JLogger->debug := execute query: select * from `edext`.`ProgramaFormacion` where 1=0
07:40:22 DEBUG [AWT-EventQueue-0]->org.mariadb.jdbc.util.log.Slf4JLogger->debug := execute query: SELECT TABLE_SCHEMA TABLE_CAT, NULL  TABLE_SCHEM,  TABLE_NAME, IF(TABLE_TYPE='BASE TABLE' or TABLE_TYPE='SYSTEM VERSIONED', 'TABLE', IF(TABLE_TYPE='TEMPORARY', 'LOCAL TEMPORARY', TABLE_TYPE)) as TABLE_TYPE, TABLE_COMMENT REMARKS, NULL TYPE_CAT, NULL TYPE_SCHEM, NULL TYPE_NAME, NULL SELF_REFERENCING_COL_NAME,  NULL REF_GENERATION FROM INFORMATION_SCHEMA.TABLES WHERE TABLE_SCHEMA='edext' AND TABLE_NAME='Usuario' AND  TABLE_TYPE IN ('BASE TABLE','SYSTEM VERSIONED','VIEW') ORDER BY TABLE_TYPE, TABLE_SCHEMA, TABLE_NAME
07:40:22 DEBUG [AWT-EventQueue-0]->org.mariadb.jdbc.util.log.Slf4JLogger->debug := execute query: select * from `edext`.`Usuario` where 1=0
07:40:22 DEBUG [AWT-EventQueue-0]->org.mariadb.jdbc.util.log.Slf4JLogger->debug := execute query: SHOW CREATE TABLE `edext`.`Integra`
07:40:22 DEBUG [AWT-EventQueue-0]->org.mariadb.jdbc.util.log.Slf4JLogger->debug := execute query: SHOW CREATE TABLE `ProgramaFormacion`
07:40:22 DEBUG [AWT-EventQueue-0]->org.mariadb.jdbc.util.log.Slf4JLogger->debug := execute query: SHOW CREATE TABLE `Curso`
07:40:22 DEBUG [AWT-EventQueue-0]->org.mariadb.jdbc.util.log.Slf4JLogger->debug := execute query: SELECT TABLE_SCHEMA TABLE_CAT, NULL  TABLE_SCHEM,  TABLE_NAME, IF(TABLE_TYPE='BASE TABLE' or TABLE_TYPE='SYSTEM VERSIONED', 'TABLE', IF(TABLE_TYPE='TEMPORARY', 'LOCAL TEMPORARY', TABLE_TYPE)) as TABLE_TYPE, TABLE_COMMENT REMARKS, NULL TYPE_CAT, NULL TYPE_SCHEM, NULL TYPE_NAME, NULL SELF_REFERENCING_COL_NAME,  NULL REF_GENERATION FROM INFORMATION_SCHEMA.TABLES WHERE TABLE_SCHEMA='edext' AND TABLE_NAME='Curso' AND  TABLE_TYPE IN ('BASE TABLE','SYSTEM VERSIONED','VIEW') ORDER BY TABLE_TYPE, TABLE_SCHEMA, TABLE_NAME
07:40:22 DEBUG [AWT-EventQueue-0]->org.mariadb.jdbc.util.log.Slf4JLogger->debug := execute query: select * from `edext`.`Curso` where 1=0
07:40:22 DEBUG [AWT-EventQueue-0]->org.mariadb.jdbc.util.log.Slf4JLogger->debug := execute query: SELECT TABLE_SCHEMA TABLE_CAT, NULL  TABLE_SCHEM,  TABLE_NAME, IF(TABLE_TYPE='BASE TABLE' or TABLE_TYPE='SYSTEM VERSIONED', 'TABLE', IF(TABLE_TYPE='TEMPORARY', 'LOCAL TEMPORARY', TABLE_TYPE)) as TABLE_TYPE, TABLE_COMMENT REMARKS, NULL TYPE_CAT, NULL TYPE_SCHEM, NULL TYPE_NAME, NULL SELF_REFERENCING_COL_NAME,  NULL REF_GENERATION FROM INFORMATION_SCHEMA.TABLES WHERE TABLE_SCHEMA='edext' AND TABLE_NAME='ProgramaFormacion' AND  TABLE_TYPE IN ('BASE TABLE','SYSTEM VERSIONED','VIEW') ORDER BY TABLE_TYPE, TABLE_SCHEMA, TABLE_NAME
07:40:22 DEBUG [AWT-EventQueue-0]->org.mariadb.jdbc.util.log.Slf4JLogger->debug := execute query: select * from `edext`.`ProgramaFormacion` where 1=0
07:40:22 DEBUG [AWT-EventQueue-0]->org.mariadb.jdbc.util.log.Slf4JLogger->debug := execute query: SHOW CREATE TABLE `edext`.`Organiza`
07:40:22 DEBUG [AWT-EventQueue-0]->org.mariadb.jdbc.util.log.Slf4JLogger->debug := execute query: SHOW CREATE TABLE `Edicion`
07:40:22 DEBUG [AWT-EventQueue-0]->org.mariadb.jdbc.util.log.Slf4JLogger->debug := execute query: SHOW CREATE TABLE `Usuario`
07:40:22 DEBUG [AWT-EventQueue-0]->org.mariadb.jdbc.util.log.Slf4JLogger->debug := execute query: SELECT TABLE_SCHEMA TABLE_CAT, NULL  TABLE_SCHEM,  TABLE_NAME, IF(TABLE_TYPE='BASE TABLE' or TABLE_TYPE='SYSTEM VERSIONED', 'TABLE', IF(TABLE_TYPE='TEMPORARY', 'LOCAL TEMPORARY', TABLE_TYPE)) as TABLE_TYPE, TABLE_COMMENT REMARKS, NULL TYPE_CAT, NULL TYPE_SCHEM, NULL TYPE_NAME, NULL SELF_REFERENCING_COL_NAME,  NULL REF_GENERATION FROM INFORMATION_SCHEMA.TABLES WHERE TABLE_SCHEMA='edext' AND TABLE_NAME='Edicion' AND  TABLE_TYPE IN ('BASE TABLE','SYSTEM VERSIONED','VIEW') ORDER BY TABLE_TYPE, TABLE_SCHEMA, TABLE_NAME
07:40:22 DEBUG [AWT-EventQueue-0]->org.mariadb.jdbc.util.log.Slf4JLogger->debug := execute query: select * from `edext`.`Edicion` where 1=0
07:40:22 DEBUG [AWT-EventQueue-0]->org.mariadb.jdbc.util.log.Slf4JLogger->debug := execute query: SELECT TABLE_SCHEMA TABLE_CAT, NULL  TABLE_SCHEM,  TABLE_NAME, IF(TABLE_TYPE='BASE TABLE' or TABLE_TYPE='SYSTEM VERSIONED', 'TABLE', IF(TABLE_TYPE='TEMPORARY', 'LOCAL TEMPORARY', TABLE_TYPE)) as TABLE_TYPE, TABLE_COMMENT REMARKS, NULL TYPE_CAT, NULL TYPE_SCHEM, NULL TYPE_NAME, NULL SELF_REFERENCING_COL_NAME,  NULL REF_GENERATION FROM INFORMATION_SCHEMA.TABLES WHERE TABLE_SCHEMA='edext' AND TABLE_NAME='Usuario' AND  TABLE_TYPE IN ('BASE TABLE','SYSTEM VERSIONED','VIEW') ORDER BY TABLE_TYPE, TABLE_SCHEMA, TABLE_NAME
07:40:22 DEBUG [AWT-EventQueue-0]->org.mariadb.jdbc.util.log.Slf4JLogger->debug := execute query: select * from `edext`.`Usuario` where 1=0
07:40:22 DEBUG [AWT-EventQueue-0]->org.mariadb.jdbc.util.log.Slf4JLogger->debug := execute query: SHOW CREATE TABLE `edext`.`Pertenece`
07:40:22 DEBUG [AWT-EventQueue-0]->org.mariadb.jdbc.util.log.Slf4JLogger->debug := execute query: SHOW CREATE TABLE `Usuario`
07:40:22 DEBUG [AWT-EventQueue-0]->org.mariadb.jdbc.util.log.Slf4JLogger->debug := execute query: SHOW CREATE TABLE `Instituto`
07:40:22 DEBUG [AWT-EventQueue-0]->org.mariadb.jdbc.util.log.Slf4JLogger->debug := execute query: SELECT TABLE_SCHEMA TABLE_CAT, NULL  TABLE_SCHEM,  TABLE_NAME, IF(TABLE_TYPE='BASE TABLE' or TABLE_TYPE='SYSTEM VERSIONED', 'TABLE', IF(TABLE_TYPE='TEMPORARY', 'LOCAL TEMPORARY', TABLE_TYPE)) as TABLE_TYPE, TABLE_COMMENT REMARKS, NULL TYPE_CAT, NULL TYPE_SCHEM, NULL TYPE_NAME, NULL SELF_REFERENCING_COL_NAME,  NULL REF_GENERATION FROM INFORMATION_SCHEMA.TABLES WHERE TABLE_SCHEMA='edext' AND TABLE_NAME='Instituto' AND  TABLE_TYPE IN ('BASE TABLE','SYSTEM VERSIONED','VIEW') ORDER BY TABLE_TYPE, TABLE_SCHEMA, TABLE_NAME
07:40:22 DEBUG [AWT-EventQueue-0]->org.mariadb.jdbc.util.log.Slf4JLogger->debug := execute query: select * from `edext`.`Instituto` where 1=0
07:40:22 DEBUG [AWT-EventQueue-0]->org.mariadb.jdbc.util.log.Slf4JLogger->debug := execute query: SELECT TABLE_SCHEMA TABLE_CAT, NULL  TABLE_SCHEM,  TABLE_NAME, IF(TABLE_TYPE='BASE TABLE' or TABLE_TYPE='SYSTEM VERSIONED', 'TABLE', IF(TABLE_TYPE='TEMPORARY', 'LOCAL TEMPORARY', TABLE_TYPE)) as TABLE_TYPE, TABLE_COMMENT REMARKS, NULL TYPE_CAT, NULL TYPE_SCHEM, NULL TYPE_NAME, NULL SELF_REFERENCING_COL_NAME,  NULL REF_GENERATION FROM INFORMATION_SCHEMA.TABLES WHERE TABLE_SCHEMA='edext' AND TABLE_NAME='Usuario' AND  TABLE_TYPE IN ('BASE TABLE','SYSTEM VERSIONED','VIEW') ORDER BY TABLE_TYPE, TABLE_SCHEMA, TABLE_NAME
07:40:22 DEBUG [AWT-EventQueue-0]->org.mariadb.jdbc.util.log.Slf4JLogger->debug := execute query: select * from `edext`.`Usuario` where 1=0
07:40:22 DEBUG [AWT-EventQueue-0]->org.mariadb.jdbc.util.log.Slf4JLogger->debug := execute query: SHOW CREATE TABLE `edext`.`Previas`
07:40:22 DEBUG [AWT-EventQueue-0]->org.mariadb.jdbc.util.log.Slf4JLogger->debug := execute query: SHOW CREATE TABLE `Curso`
07:40:22 DEBUG [AWT-EventQueue-0]->org.mariadb.jdbc.util.log.Slf4JLogger->debug := execute query: SHOW CREATE TABLE `Curso`
07:40:22 DEBUG [AWT-EventQueue-0]->org.mariadb.jdbc.util.log.Slf4JLogger->debug := execute query: SELECT TABLE_SCHEMA TABLE_CAT, NULL  TABLE_SCHEM,  TABLE_NAME, IF(TABLE_TYPE='BASE TABLE' or TABLE_TYPE='SYSTEM VERSIONED', 'TABLE', IF(TABLE_TYPE='TEMPORARY', 'LOCAL TEMPORARY', TABLE_TYPE)) as TABLE_TYPE, TABLE_COMMENT REMARKS, NULL TYPE_CAT, NULL TYPE_SCHEM, NULL TYPE_NAME, NULL SELF_REFERENCING_COL_NAME,  NULL REF_GENERATION FROM INFORMATION_SCHEMA.TABLES WHERE TABLE_SCHEMA='edext' AND TABLE_NAME='Curso' AND  TABLE_TYPE IN ('BASE TABLE','SYSTEM VERSIONED','VIEW') ORDER BY TABLE_TYPE, TABLE_SCHEMA, TABLE_NAME
07:40:22 DEBUG [AWT-EventQueue-0]->org.mariadb.jdbc.util.log.Slf4JLogger->debug := execute query: select * from `edext`.`Curso` where 1=0
07:40:22 DEBUG [AWT-EventQueue-0]->org.mariadb.jdbc.util.log.Slf4JLogger->debug := execute query: SELECT TABLE_SCHEMA TABLE_CAT, NULL  TABLE_SCHEM,  TABLE_NAME, IF(TABLE_TYPE='BASE TABLE' or TABLE_TYPE='SYSTEM VERSIONED', 'TABLE', IF(TABLE_TYPE='TEMPORARY', 'LOCAL TEMPORARY', TABLE_TYPE)) as TABLE_TYPE, TABLE_COMMENT REMARKS, NULL TYPE_CAT, NULL TYPE_SCHEM, NULL TYPE_NAME, NULL SELF_REFERENCING_COL_NAME,  NULL REF_GENERATION FROM INFORMATION_SCHEMA.TABLES WHERE TABLE_SCHEMA='edext' AND TABLE_NAME='Curso' AND  TABLE_TYPE IN ('BASE TABLE','SYSTEM VERSIONED','VIEW') ORDER BY TABLE_TYPE, TABLE_SCHEMA, TABLE_NAME
07:40:22 DEBUG [AWT-EventQueue-0]->org.mariadb.jdbc.util.log.Slf4JLogger->debug := execute query: select * from `edext`.`Curso` where 1=0
07:40:22 DEBUG [AWT-EventQueue-0]->org.mariadb.jdbc.util.log.Slf4JLogger->debug := execute query: set autocommit=0
07:40:22 DEBUG [AWT-EventQueue-0]->org.mariadb.jdbc.util.log.Slf4JLogger->debug := System variable change:  autocommit = OFF
07:40:22 DEBUG [AWT-EventQueue-0]->org.mariadb.jdbc.util.log.Slf4JLogger->debug := execute query: set autocommit=1
07:40:22 DEBUG [AWT-EventQueue-0]->org.mariadb.jdbc.util.log.Slf4JLogger->debug := System variable change:  autocommit = ON
07:40:22 DEBUG [AWT-EventQueue-0]->org.mariadb.jdbc.util.log.Slf4JLogger->debug := execute query: set autocommit=0
07:40:22 DEBUG [AWT-EventQueue-0]->org.mariadb.jdbc.util.log.Slf4JLogger->debug := System variable change:  autocommit = OFF
07:40:22 DEBUG [AWT-EventQueue-0]->org.mariadb.jdbc.util.log.Slf4JLogger->debug := execute query: select c1_0.nombre from Categoria c1_0
07:40:22 DEBUG [AWT-EventQueue-0]->org.mariadb.jdbc.util.log.Slf4JLogger->debug := execute query: set autocommit=1
07:40:22 DEBUG [AWT-EventQueue-0]->org.mariadb.jdbc.util.log.Slf4JLogger->debug := System variable change:  autocommit = ON
07:40:22 DEBUG [AWT-EventQueue-0]->org.mariadb.jdbc.util.log.Slf4JLogger->debug := execute query: set autocommit=0
07:40:22 DEBUG [AWT-EventQueue-0]->org.mariadb.jdbc.util.log.Slf4JLogger->debug := System variable change:  autocommit = OFF
07:40:22 DEBUG [AWT-EventQueue-0]->org.mariadb.jdbc.util.log.Slf4JLogger->debug := execute query: select c1_0.nombre from Categoria c1_0
07:40:22 DEBUG [AWT-EventQueue-0]->org.mariadb.jdbc.util.log.Slf4JLogger->debug := execute query: set autocommit=1
07:40:22 DEBUG [AWT-EventQueue-0]->org.mariadb.jdbc.util.log.Slf4JLogger->debug := System variable change:  autocommit = ON
07:42:27 DEBUG [AWT-EventQueue-0]->org.mariadb.jdbc.util.log.Slf4JLogger->debug := execute query: CREATE DATABASE IF NOT EXISTS `edext`
07:42:27 DEBUG [AWT-EventQueue-0]->org.mariadb.jdbc.util.log.Slf4JLogger->debug := execute query: USE `edext`
07:42:27 DEBUG [AWT-EventQueue-0]->org.mariadb.jdbc.util.log.Slf4JLogger->debug := execute query: SET NAMES utf8mb4
07:42:27 DEBUG [AWT-EventQueue-0]->org.mariadb.jdbc.util.log.Slf4JLogger->debug := Database change: is 'edext'
07:42:27 DEBUG [AWT-EventQueue-0]->org.mariadb.jdbc.util.log.Slf4JLogger->debug := System variable change:  character_set_connection = utf8mb4
07:42:27 DEBUG [AWT-EventQueue-0]->org.mariadb.jdbc.util.log.Slf4JLogger->debug := System variable change:  character_set_client = utf8mb4
07:42:27 DEBUG [AWT-EventQueue-0]->org.mariadb.jdbc.util.log.Slf4JLogger->debug := System variable change:  character_set_results = utf8mb4
07:42:27 DEBUG [AWT-EventQueue-0]->org.mariadb.jdbc.util.log.Slf4JLogger->debug := execute query: set autocommit=0
07:42:27 DEBUG [AWT-EventQueue-0]->org.mariadb.jdbc.util.log.Slf4JLogger->debug := System variable change:  autocommit = OFF
07:42:27 DEBUG [AWT-EventQueue-0]->org.mariadb.jdbc.util.log.Slf4JLogger->debug := execute query: SELECT @@character_set_database, @@sql_mode
07:42:27 DEBUG [AWT-EventQueue-0]->org.mariadb.jdbc.util.log.Slf4JLogger->debug := execute query: select @@lower_case_table_names
07:42:27 DEBUG [AWT-EventQueue-0]->org.mariadb.jdbc.util.log.Slf4JLogger->debug := execute query: set autocommit=1
07:42:27 DEBUG [AWT-EventQueue-0]->org.mariadb.jdbc.util.log.Slf4JLogger->debug := System variable change:  autocommit = ON
07:42:29 DEBUG [AWT-EventQueue-0]->org.mariadb.jdbc.util.log.Slf4JLogger->debug := execute query: set autocommit=0
07:42:29 DEBUG [AWT-EventQueue-0]->org.mariadb.jdbc.util.log.Slf4JLogger->debug := System variable change:  autocommit = OFF
07:42:29 DEBUG [AWT-EventQueue-0]->org.mariadb.jdbc.util.log.Slf4JLogger->debug := execute query: set autocommit=1
07:42:29 DEBUG [AWT-EventQueue-0]->org.mariadb.jdbc.util.log.Slf4JLogger->debug := System variable change:  autocommit = ON
07:42:29 DEBUG [AWT-EventQueue-0]->org.mariadb.jdbc.util.log.Slf4JLogger->debug := execute query: select table_name from information_schema.TABLES where table_schema=database() and table_type='SEQUENCE'
07:42:29 DEBUG [AWT-EventQueue-0]->org.mariadb.jdbc.util.log.Slf4JLogger->debug := execute query: SELECT TABLE_SCHEMA TABLE_CAT, NULL  TABLE_SCHEM,  TABLE_NAME, IF(TABLE_TYPE='BASE TABLE' or TABLE_TYPE='SYSTEM VERSIONED', 'TABLE', IF(TABLE_TYPE='TEMPORARY', 'LOCAL TEMPORARY', TABLE_TYPE)) as TABLE_TYPE, TABLE_COMMENT REMARKS, NULL TYPE_CAT, NULL TYPE_SCHEM, NULL TYPE_NAME, NULL SELF_REFERENCING_COL_NAME,  NULL REF_GENERATION FROM INFORMATION_SCHEMA.TABLES WHERE TABLE_SCHEMA='edext' AND  TABLE_TYPE IN ('BASE TABLE','SYSTEM VERSIONED','VIEW') ORDER BY TABLE_TYPE, TABLE_SCHEMA, TABLE_NAME
07:42:29 DEBUG [AWT-EventQueue-0]->org.mariadb.jdbc.util.log.Slf4JLogger->debug := execute query: SELECT TABLE_SCHEMA TABLE_CAT, NULL TABLE_SCHEM, TABLE_NAME, COLUMN_NAME, CASE data_type WHEN 'bit' THEN -7 WHEN 'tinyblob' THEN -3 WHEN 'mediumblob' THEN -4 WHEN 'longblob' THEN -4 WHEN 'blob' THEN -4 WHEN 'tinytext' THEN 12 WHEN 'mediumtext' THEN -1 WHEN 'longtext' THEN -1 WHEN 'text' THEN -1 WHEN 'date' THEN 91 WHEN 'datetime' THEN 93 WHEN 'decimal' THEN 3 WHEN 'double' THEN 8 WHEN 'enum' THEN 12 WHEN 'float' THEN 7 WHEN 'int' THEN IF( COLUMN_TYPE like '%unsigned%', 4,4) WHEN 'bigint' THEN -5 WHEN 'mediumint' THEN 4 WHEN 'null' THEN 0 WHEN 'set' THEN 12 WHEN 'smallint' THEN IF( COLUMN_TYPE like '%unsigned%', 5,5) WHEN 'varchar' THEN 12 WHEN 'varbinary' THEN -3 WHEN 'char' THEN 1 WHEN 'binary' THEN -2 WHEN 'time' THEN 92 WHEN 'timestamp' THEN 93 WHEN 'tinyint' THEN IF(COLUMN_TYPE like 'tinyint(1)%',16,-6)  WHEN 'year' THEN 91 ELSE 1111 END  DATA_TYPE, IF(COLUMN_TYPE like 'tinyint(1)%', 'BOOLEAN',  UCASE(IF( COLUMN_TYPE LIKE '%(%)%', CONCAT(SUBSTRING( COLUMN_TYPE,1, LOCATE('(',COLUMN_TYPE) - 1 ), SUBSTRING(COLUMN_TYPE ,1+locate(')', COLUMN_TYPE))), COLUMN_TYPE))) TYPE_NAME, CASE DATA_TYPE WHEN 'date' THEN 10  WHEN 'time' THEN IF(DATETIME_PRECISION = 0, 10, CAST(11 + DATETIME_PRECISION as signed integer))  WHEN 'datetime' THEN IF(DATETIME_PRECISION = 0, 19, CAST(20 + DATETIME_PRECISION as signed integer))  WHEN 'timestamp' THEN IF(DATETIME_PRECISION = 0, 19, CAST(20 + DATETIME_PRECISION as signed integer))  ELSE   IF(NUMERIC_PRECISION IS NULL, LEAST(CHARACTER_MAXIMUM_LENGTH,2147483647), NUMERIC_PRECISION)  END COLUMN_SIZE, 65535 BUFFER_LENGTH,  CONVERT (CASE DATA_TYPE WHEN 'year' THEN NUMERIC_SCALE WHEN 'tinyint' THEN 0 ELSE NUMERIC_SCALE END, UNSIGNED INTEGER) DECIMAL_DIGITS, 10 NUM_PREC_RADIX, IF(IS_NULLABLE = 'yes',1,0) NULLABLE,COLUMN_COMMENT REMARKS, COLUMN_DEFAULT COLUMN_DEF, 0 SQL_DATA_TYPE, 0 SQL_DATETIME_SUB,   LEAST(CHARACTER_OCTET_LENGTH,2147483647) CHAR_OCTET_LENGTH, ORDINAL_POSITION, IS_NULLABLE, NULL SCOPE_CATALOG, NULL SCOPE_SCHEMA, NULL SCOPE_TABLE, NULL SOURCE_DATA_TYPE, IF(EXTRA = 'auto_increment','YES','NO') IS_AUTOINCREMENT,  IF(EXTRA in ('VIRTUAL', 'PERSISTENT', 'VIRTUAL GENERATED', 'STORED GENERATED') ,'YES','NO') IS_GENERATEDCOLUMN  FROM INFORMATION_SCHEMA.COLUMNS WHERE TABLE_SCHEMA='edext' ORDER BY TABLE_CAT, TABLE_SCHEM, TABLE_NAME, ORDINAL_POSITION
07:42:29 DEBUG [AWT-EventQueue-0]->org.mariadb.jdbc.util.log.Slf4JLogger->debug := execute query: SHOW CREATE TABLE `edext`.`Curso`
07:42:29 DEBUG [AWT-EventQueue-0]->org.mariadb.jdbc.util.log.Slf4JLogger->debug := execute query: SHOW CREATE TABLE `Instituto`
07:42:29 DEBUG [AWT-EventQueue-0]->org.mariadb.jdbc.util.log.Slf4JLogger->debug := execute query: SELECT TABLE_SCHEMA TABLE_CAT, NULL  TABLE_SCHEM,  TABLE_NAME, IF(TABLE_TYPE='BASE TABLE' or TABLE_TYPE='SYSTEM VERSIONED', 'TABLE', IF(TABLE_TYPE='TEMPORARY', 'LOCAL TEMPORARY', TABLE_TYPE)) as TABLE_TYPE, TABLE_COMMENT REMARKS, NULL TYPE_CAT, NULL TYPE_SCHEM, NULL TYPE_NAME, NULL SELF_REFERENCING_COL_NAME,  NULL REF_GENERATION FROM INFORMATION_SCHEMA.TABLES WHERE TABLE_SCHEMA='edext' AND TABLE_NAME='Instituto' AND  TABLE_TYPE IN ('BASE TABLE','SYSTEM VERSIONED','VIEW') ORDER BY TABLE_TYPE, TABLE_SCHEMA, TABLE_NAME
07:42:29 DEBUG [AWT-EventQueue-0]->org.mariadb.jdbc.util.log.Slf4JLogger->debug := execute query: select * from `edext`.`Instituto` where 1=0
07:42:29 DEBUG [AWT-EventQueue-0]->org.mariadb.jdbc.util.log.Slf4JLogger->debug := execute query: SHOW CREATE TABLE `edext`.`Edicion`
07:42:29 DEBUG [AWT-EventQueue-0]->org.mariadb.jdbc.util.log.Slf4JLogger->debug := execute query: SHOW CREATE TABLE `Curso`
07:42:29 DEBUG [AWT-EventQueue-0]->org.mariadb.jdbc.util.log.Slf4JLogger->debug := execute query: SELECT TABLE_SCHEMA TABLE_CAT, NULL  TABLE_SCHEM,  TABLE_NAME, IF(TABLE_TYPE='BASE TABLE' or TABLE_TYPE='SYSTEM VERSIONED', 'TABLE', IF(TABLE_TYPE='TEMPORARY', 'LOCAL TEMPORARY', TABLE_TYPE)) as TABLE_TYPE, TABLE_COMMENT REMARKS, NULL TYPE_CAT, NULL TYPE_SCHEM, NULL TYPE_NAME, NULL SELF_REFERENCING_COL_NAME,  NULL REF_GENERATION FROM INFORMATION_SCHEMA.TABLES WHERE TABLE_SCHEMA='edext' AND TABLE_NAME='Curso' AND  TABLE_TYPE IN ('BASE TABLE','SYSTEM VERSIONED','VIEW') ORDER BY TABLE_TYPE, TABLE_SCHEMA, TABLE_NAME
07:42:29 DEBUG [AWT-EventQueue-0]->org.mariadb.jdbc.util.log.Slf4JLogger->debug := execute query: select * from `edext`.`Curso` where 1=0
07:42:29 DEBUG [AWT-EventQueue-0]->org.mariadb.jdbc.util.log.Slf4JLogger->debug := execute query: SHOW CREATE TABLE `edext`.`InscripcionEdicion`
07:42:29 DEBUG [AWT-EventQueue-0]->org.mariadb.jdbc.util.log.Slf4JLogger->debug := execute query: SHOW CREATE TABLE `Edicion`
07:42:29 DEBUG [AWT-EventQueue-0]->org.mariadb.jdbc.util.log.Slf4JLogger->debug := execute query: SHOW CREATE TABLE `Usuario`
07:42:29 DEBUG [AWT-EventQueue-0]->org.mariadb.jdbc.util.log.Slf4JLogger->debug := execute query: SELECT TABLE_SCHEMA TABLE_CAT, NULL  TABLE_SCHEM,  TABLE_NAME, IF(TABLE_TYPE='BASE TABLE' or TABLE_TYPE='SYSTEM VERSIONED', 'TABLE', IF(TABLE_TYPE='TEMPORARY', 'LOCAL TEMPORARY', TABLE_TYPE)) as TABLE_TYPE, TABLE_COMMENT REMARKS, NULL TYPE_CAT, NULL TYPE_SCHEM, NULL TYPE_NAME, NULL SELF_REFERENCING_COL_NAME,  NULL REF_GENERATION FROM INFORMATION_SCHEMA.TABLES WHERE TABLE_SCHEMA='edext' AND TABLE_NAME='Edicion' AND  TABLE_TYPE IN ('BASE TABLE','SYSTEM VERSIONED','VIEW') ORDER BY TABLE_TYPE, TABLE_SCHEMA, TABLE_NAME
07:42:29 DEBUG [AWT-EventQueue-0]->org.mariadb.jdbc.util.log.Slf4JLogger->debug := execute query: select * from `edext`.`Edicion` where 1=0
07:42:29 DEBUG [AWT-EventQueue-0]->org.mariadb.jdbc.util.log.Slf4JLogger->debug := execute query: SELECT TABLE_SCHEMA TABLE_CAT, NULL  TABLE_SCHEM,  TABLE_NAME, IF(TABLE_TYPE='BASE TABLE' or TABLE_TYPE='SYSTEM VERSIONED', 'TABLE', IF(TABLE_TYPE='TEMPORARY', 'LOCAL TEMPORARY', TABLE_TYPE)) as TABLE_TYPE, TABLE_COMMENT REMARKS, NULL TYPE_CAT, NULL TYPE_SCHEM, NULL TYPE_NAME, NULL SELF_REFERENCING_COL_NAME,  NULL REF_GENERATION FROM INFORMATION_SCHEMA.TABLES WHERE TABLE_SCHEMA='edext' AND TABLE_NAME='Usuario' AND  TABLE_TYPE IN ('BASE TABLE','SYSTEM VERSIONED','VIEW') ORDER BY TABLE_TYPE, TABLE_SCHEMA, TABLE_NAME
07:42:29 DEBUG [AWT-EventQueue-0]->org.mariadb.jdbc.util.log.Slf4JLogger->debug := execute query: select * from `edext`.`Usuario` where 1=0
07:42:29 DEBUG [AWT-EventQueue-0]->org.mariadb.jdbc.util.log.Slf4JLogger->debug := execute query: SHOW CREATE TABLE `edext`.`InscripcionPrograma`
07:42:29 DEBUG [AWT-EventQueue-0]->org.mariadb.jdbc.util.log.Slf4JLogger->debug := execute query: SHOW CREATE TABLE `Usuario`
07:42:29 DEBUG [AWT-EventQueue-0]->org.mariadb.jdbc.util.log.Slf4JLogger->debug := execute query: SHOW CREATE TABLE `ProgramaFormacion`
07:42:29 DEBUG [AWT-EventQueue-0]->org.mariadb.jdbc.util.log.Slf4JLogger->debug := execute query: SELECT TABLE_SCHEMA TABLE_CAT, NULL  TABLE_SCHEM,  TABLE_NAME, IF(TABLE_TYPE='BASE TABLE' or TABLE_TYPE='SYSTEM VERSIONED', 'TABLE', IF(TABLE_TYPE='TEMPORARY', 'LOCAL TEMPORARY', TABLE_TYPE)) as TABLE_TYPE, TABLE_COMMENT REMARKS, NULL TYPE_CAT, NULL TYPE_SCHEM, NULL TYPE_NAME, NULL SELF_REFERENCING_COL_NAME,  NULL REF_GENERATION FROM INFORMATION_SCHEMA.TABLES WHERE TABLE_SCHEMA='edext' AND TABLE_NAME='ProgramaFormacion' AND  TABLE_TYPE IN ('BASE TABLE','SYSTEM VERSIONED','VIEW') ORDER BY TABLE_TYPE, TABLE_SCHEMA, TABLE_NAME
07:42:29 DEBUG [AWT-EventQueue-0]->org.mariadb.jdbc.util.log.Slf4JLogger->debug := execute query: select * from `edext`.`ProgramaFormacion` where 1=0
07:42:29 DEBUG [AWT-EventQueue-0]->org.mariadb.jdbc.util.log.Slf4JLogger->debug := execute query: SELECT TABLE_SCHEMA TABLE_CAT, NULL  TABLE_SCHEM,  TABLE_NAME, IF(TABLE_TYPE='BASE TABLE' or TABLE_TYPE='SYSTEM VERSIONED', 'TABLE', IF(TABLE_TYPE='TEMPORARY', 'LOCAL TEMPORARY', TABLE_TYPE)) as TABLE_TYPE, TABLE_COMMENT REMARKS, NULL TYPE_CAT, NULL TYPE_SCHEM, NULL TYPE_NAME, NULL SELF_REFERENCING_COL_NAME,  NULL REF_GENERATION FROM INFORMATION_SCHEMA.TABLES WHERE TABLE_SCHEMA='edext' AND TABLE_NAME='Usuario' AND  TABLE_TYPE IN ('BASE TABLE','SYSTEM VERSIONED','VIEW') ORDER BY TABLE_TYPE, TABLE_SCHEMA, TABLE_NAME
07:42:29 DEBUG [AWT-EventQueue-0]->org.mariadb.jdbc.util.log.Slf4JLogger->debug := execute query: select * from `edext`.`Usuario` where 1=0
07:42:29 DEBUG [AWT-EventQueue-0]->org.mariadb.jdbc.util.log.Slf4JLogger->debug := execute query: SHOW CREATE TABLE `edext`.`Integra`
07:42:29 DEBUG [AWT-EventQueue-0]->org.mariadb.jdbc.util.log.Slf4JLogger->debug := execute query: SHOW CREATE TABLE `ProgramaFormacion`
07:42:29 DEBUG [AWT-EventQueue-0]->org.mariadb.jdbc.util.log.Slf4JLogger->debug := execute query: SHOW CREATE TABLE `Curso`
07:42:29 DEBUG [AWT-EventQueue-0]->org.mariadb.jdbc.util.log.Slf4JLogger->debug := execute query: SELECT TABLE_SCHEMA TABLE_CAT, NULL  TABLE_SCHEM,  TABLE_NAME, IF(TABLE_TYPE='BASE TABLE' or TABLE_TYPE='SYSTEM VERSIONED', 'TABLE', IF(TABLE_TYPE='TEMPORARY', 'LOCAL TEMPORARY', TABLE_TYPE)) as TABLE_TYPE, TABLE_COMMENT REMARKS, NULL TYPE_CAT, NULL TYPE_SCHEM, NULL TYPE_NAME, NULL SELF_REFERENCING_COL_NAME,  NULL REF_GENERATION FROM INFORMATION_SCHEMA.TABLES WHERE TABLE_SCHEMA='edext' AND TABLE_NAME='Curso' AND  TABLE_TYPE IN ('BASE TABLE','SYSTEM VERSIONED','VIEW') ORDER BY TABLE_TYPE, TABLE_SCHEMA, TABLE_NAME
07:42:29 DEBUG [AWT-EventQueue-0]->org.mariadb.jdbc.util.log.Slf4JLogger->debug := execute query: select * from `edext`.`Curso` where 1=0
07:42:29 DEBUG [AWT-EventQueue-0]->org.mariadb.jdbc.util.log.Slf4JLogger->debug := execute query: SELECT TABLE_SCHEMA TABLE_CAT, NULL  TABLE_SCHEM,  TABLE_NAME, IF(TABLE_TYPE='BASE TABLE' or TABLE_TYPE='SYSTEM VERSIONED', 'TABLE', IF(TABLE_TYPE='TEMPORARY', 'LOCAL TEMPORARY', TABLE_TYPE)) as TABLE_TYPE, TABLE_COMMENT REMARKS, NULL TYPE_CAT, NULL TYPE_SCHEM, NULL TYPE_NAME, NULL SELF_REFERENCING_COL_NAME,  NULL REF_GENERATION FROM INFORMATION_SCHEMA.TABLES WHERE TABLE_SCHEMA='edext' AND TABLE_NAME='ProgramaFormacion' AND  TABLE_TYPE IN ('BASE TABLE','SYSTEM VERSIONED','VIEW') ORDER BY TABLE_TYPE, TABLE_SCHEMA, TABLE_NAME
07:42:29 DEBUG [AWT-EventQueue-0]->org.mariadb.jdbc.util.log.Slf4JLogger->debug := execute query: select * from `edext`.`ProgramaFormacion` where 1=0
07:42:29 DEBUG [AWT-EventQueue-0]->org.mariadb.jdbc.util.log.Slf4JLogger->debug := execute query: SHOW CREATE TABLE `edext`.`Organiza`
07:42:29 DEBUG [AWT-EventQueue-0]->org.mariadb.jdbc.util.log.Slf4JLogger->debug := execute query: SHOW CREATE TABLE `Edicion`
07:42:29 DEBUG [AWT-EventQueue-0]->org.mariadb.jdbc.util.log.Slf4JLogger->debug := execute query: SHOW CREATE TABLE `Usuario`
07:42:29 DEBUG [AWT-EventQueue-0]->org.mariadb.jdbc.util.log.Slf4JLogger->debug := execute query: SELECT TABLE_SCHEMA TABLE_CAT, NULL  TABLE_SCHEM,  TABLE_NAME, IF(TABLE_TYPE='BASE TABLE' or TABLE_TYPE='SYSTEM VERSIONED', 'TABLE', IF(TABLE_TYPE='TEMPORARY', 'LOCAL TEMPORARY', TABLE_TYPE)) as TABLE_TYPE, TABLE_COMMENT REMARKS, NULL TYPE_CAT, NULL TYPE_SCHEM, NULL TYPE_NAME, NULL SELF_REFERENCING_COL_NAME,  NULL REF_GENERATION FROM INFORMATION_SCHEMA.TABLES WHERE TABLE_SCHEMA='edext' AND TABLE_NAME='Edicion' AND  TABLE_TYPE IN ('BASE TABLE','SYSTEM VERSIONED','VIEW') ORDER BY TABLE_TYPE, TABLE_SCHEMA, TABLE_NAME
07:42:29 DEBUG [AWT-EventQueue-0]->org.mariadb.jdbc.util.log.Slf4JLogger->debug := execute query: select * from `edext`.`Edicion` where 1=0
07:42:29 DEBUG [AWT-EventQueue-0]->org.mariadb.jdbc.util.log.Slf4JLogger->debug := execute query: SELECT TABLE_SCHEMA TABLE_CAT, NULL  TABLE_SCHEM,  TABLE_NAME, IF(TABLE_TYPE='BASE TABLE' or TABLE_TYPE='SYSTEM VERSIONED', 'TABLE', IF(TABLE_TYPE='TEMPORARY', 'LOCAL TEMPORARY', TABLE_TYPE)) as TABLE_TYPE, TABLE_COMMENT REMARKS, NULL TYPE_CAT, NULL TYPE_SCHEM, NULL TYPE_NAME, NULL SELF_REFERENCING_COL_NAME,  NULL REF_GENERATION FROM INFORMATION_SCHEMA.TABLES WHERE TABLE_SCHEMA='edext' AND TABLE_NAME='Usuario' AND  TABLE_TYPE IN ('BASE TABLE','SYSTEM VERSIONED','VIEW') ORDER BY TABLE_TYPE, TABLE_SCHEMA, TABLE_NAME
07:42:29 DEBUG [AWT-EventQueue-0]->org.mariadb.jdbc.util.log.Slf4JLogger->debug := execute query: select * from `edext`.`Usuario` where 1=0
07:42:29 DEBUG [AWT-EventQueue-0]->org.mariadb.jdbc.util.log.Slf4JLogger->debug := execute query: SHOW CREATE TABLE `edext`.`Pertenece`
07:42:29 DEBUG [AWT-EventQueue-0]->org.mariadb.jdbc.util.log.Slf4JLogger->debug := execute query: SHOW CREATE TABLE `Usuario`
07:42:29 DEBUG [AWT-EventQueue-0]->org.mariadb.jdbc.util.log.Slf4JLogger->debug := execute query: SHOW CREATE TABLE `Instituto`
07:42:29 DEBUG [AWT-EventQueue-0]->org.mariadb.jdbc.util.log.Slf4JLogger->debug := execute query: SELECT TABLE_SCHEMA TABLE_CAT, NULL  TABLE_SCHEM,  TABLE_NAME, IF(TABLE_TYPE='BASE TABLE' or TABLE_TYPE='SYSTEM VERSIONED', 'TABLE', IF(TABLE_TYPE='TEMPORARY', 'LOCAL TEMPORARY', TABLE_TYPE)) as TABLE_TYPE, TABLE_COMMENT REMARKS, NULL TYPE_CAT, NULL TYPE_SCHEM, NULL TYPE_NAME, NULL SELF_REFERENCING_COL_NAME,  NULL REF_GENERATION FROM INFORMATION_SCHEMA.TABLES WHERE TABLE_SCHEMA='edext' AND TABLE_NAME='Instituto' AND  TABLE_TYPE IN ('BASE TABLE','SYSTEM VERSIONED','VIEW') ORDER BY TABLE_TYPE, TABLE_SCHEMA, TABLE_NAME
07:42:29 DEBUG [AWT-EventQueue-0]->org.mariadb.jdbc.util.log.Slf4JLogger->debug := execute query: select * from `edext`.`Instituto` where 1=0
07:42:29 DEBUG [AWT-EventQueue-0]->org.mariadb.jdbc.util.log.Slf4JLogger->debug := execute query: SELECT TABLE_SCHEMA TABLE_CAT, NULL  TABLE_SCHEM,  TABLE_NAME, IF(TABLE_TYPE='BASE TABLE' or TABLE_TYPE='SYSTEM VERSIONED', 'TABLE', IF(TABLE_TYPE='TEMPORARY', 'LOCAL TEMPORARY', TABLE_TYPE)) as TABLE_TYPE, TABLE_COMMENT REMARKS, NULL TYPE_CAT, NULL TYPE_SCHEM, NULL TYPE_NAME, NULL SELF_REFERENCING_COL_NAME,  NULL REF_GENERATION FROM INFORMATION_SCHEMA.TABLES WHERE TABLE_SCHEMA='edext' AND TABLE_NAME='Usuario' AND  TABLE_TYPE IN ('BASE TABLE','SYSTEM VERSIONED','VIEW') ORDER BY TABLE_TYPE, TABLE_SCHEMA, TABLE_NAME
07:42:29 DEBUG [AWT-EventQueue-0]->org.mariadb.jdbc.util.log.Slf4JLogger->debug := execute query: select * from `edext`.`Usuario` where 1=0
07:42:29 DEBUG [AWT-EventQueue-0]->org.mariadb.jdbc.util.log.Slf4JLogger->debug := execute query: SHOW CREATE TABLE `edext`.`Previas`
07:42:29 DEBUG [AWT-EventQueue-0]->org.mariadb.jdbc.util.log.Slf4JLogger->debug := execute query: SHOW CREATE TABLE `Curso`
07:42:29 DEBUG [AWT-EventQueue-0]->org.mariadb.jdbc.util.log.Slf4JLogger->debug := execute query: SHOW CREATE TABLE `Curso`
07:42:29 DEBUG [AWT-EventQueue-0]->org.mariadb.jdbc.util.log.Slf4JLogger->debug := execute query: SELECT TABLE_SCHEMA TABLE_CAT, NULL  TABLE_SCHEM,  TABLE_NAME, IF(TABLE_TYPE='BASE TABLE' or TABLE_TYPE='SYSTEM VERSIONED', 'TABLE', IF(TABLE_TYPE='TEMPORARY', 'LOCAL TEMPORARY', TABLE_TYPE)) as TABLE_TYPE, TABLE_COMMENT REMARKS, NULL TYPE_CAT, NULL TYPE_SCHEM, NULL TYPE_NAME, NULL SELF_REFERENCING_COL_NAME,  NULL REF_GENERATION FROM INFORMATION_SCHEMA.TABLES WHERE TABLE_SCHEMA='edext' AND TABLE_NAME='Curso' AND  TABLE_TYPE IN ('BASE TABLE','SYSTEM VERSIONED','VIEW') ORDER BY TABLE_TYPE, TABLE_SCHEMA, TABLE_NAME
07:42:29 DEBUG [AWT-EventQueue-0]->org.mariadb.jdbc.util.log.Slf4JLogger->debug := execute query: select * from `edext`.`Curso` where 1=0
07:42:29 DEBUG [AWT-EventQueue-0]->org.mariadb.jdbc.util.log.Slf4JLogger->debug := execute query: SELECT TABLE_SCHEMA TABLE_CAT, NULL  TABLE_SCHEM,  TABLE_NAME, IF(TABLE_TYPE='BASE TABLE' or TABLE_TYPE='SYSTEM VERSIONED', 'TABLE', IF(TABLE_TYPE='TEMPORARY', 'LOCAL TEMPORARY', TABLE_TYPE)) as TABLE_TYPE, TABLE_COMMENT REMARKS, NULL TYPE_CAT, NULL TYPE_SCHEM, NULL TYPE_NAME, NULL SELF_REFERENCING_COL_NAME,  NULL REF_GENERATION FROM INFORMATION_SCHEMA.TABLES WHERE TABLE_SCHEMA='edext' AND TABLE_NAME='Curso' AND  TABLE_TYPE IN ('BASE TABLE','SYSTEM VERSIONED','VIEW') ORDER BY TABLE_TYPE, TABLE_SCHEMA, TABLE_NAME
07:42:29 DEBUG [AWT-EventQueue-0]->org.mariadb.jdbc.util.log.Slf4JLogger->debug := execute query: select * from `edext`.`Curso` where 1=0
07:42:29 DEBUG [AWT-EventQueue-0]->org.mariadb.jdbc.util.log.Slf4JLogger->debug := execute query: set autocommit=0
07:42:29 DEBUG [AWT-EventQueue-0]->org.mariadb.jdbc.util.log.Slf4JLogger->debug := System variable change:  autocommit = OFF
07:42:29 DEBUG [AWT-EventQueue-0]->org.mariadb.jdbc.util.log.Slf4JLogger->debug := execute query: set autocommit=1
07:42:29 DEBUG [AWT-EventQueue-0]->org.mariadb.jdbc.util.log.Slf4JLogger->debug := System variable change:  autocommit = ON
07:42:30 DEBUG [AWT-EventQueue-0]->org.mariadb.jdbc.util.log.Slf4JLogger->debug := execute query: set autocommit=0
07:42:30 DEBUG [AWT-EventQueue-0]->org.mariadb.jdbc.util.log.Slf4JLogger->debug := System variable change:  autocommit = OFF
07:42:30 DEBUG [AWT-EventQueue-0]->org.mariadb.jdbc.util.log.Slf4JLogger->debug := execute query: select c1_0.nombre from Categoria c1_0
07:42:30 DEBUG [AWT-EventQueue-0]->org.mariadb.jdbc.util.log.Slf4JLogger->debug := execute query: set autocommit=1
07:42:30 DEBUG [AWT-EventQueue-0]->org.mariadb.jdbc.util.log.Slf4JLogger->debug := System variable change:  autocommit = ON
07:42:30 DEBUG [AWT-EventQueue-0]->org.mariadb.jdbc.util.log.Slf4JLogger->debug := execute query: set autocommit=0
07:42:30 DEBUG [AWT-EventQueue-0]->org.mariadb.jdbc.util.log.Slf4JLogger->debug := System variable change:  autocommit = OFF
07:42:30 DEBUG [AWT-EventQueue-0]->org.mariadb.jdbc.util.log.Slf4JLogger->debug := execute query: select c1_0.nombre from Categoria c1_0
07:42:30 DEBUG [AWT-EventQueue-0]->org.mariadb.jdbc.util.log.Slf4JLogger->debug := execute query: set autocommit=1
07:42:30 DEBUG [AWT-EventQueue-0]->org.mariadb.jdbc.util.log.Slf4JLogger->debug := System variable change:  autocommit = ON
07:44:27 DEBUG [AWT-EventQueue-0]->org.mariadb.jdbc.util.log.Slf4JLogger->debug := execute query: CREATE DATABASE IF NOT EXISTS `edext`
07:44:27 DEBUG [AWT-EventQueue-0]->org.mariadb.jdbc.util.log.Slf4JLogger->debug := execute query: USE `edext`
07:44:27 DEBUG [AWT-EventQueue-0]->org.mariadb.jdbc.util.log.Slf4JLogger->debug := execute query: SET NAMES utf8mb4
07:44:27 DEBUG [AWT-EventQueue-0]->org.mariadb.jdbc.util.log.Slf4JLogger->debug := Database change: is 'edext'
07:44:27 DEBUG [AWT-EventQueue-0]->org.mariadb.jdbc.util.log.Slf4JLogger->debug := System variable change:  character_set_connection = utf8mb4
07:44:27 DEBUG [AWT-EventQueue-0]->org.mariadb.jdbc.util.log.Slf4JLogger->debug := System variable change:  character_set_client = utf8mb4
07:44:27 DEBUG [AWT-EventQueue-0]->org.mariadb.jdbc.util.log.Slf4JLogger->debug := System variable change:  character_set_results = utf8mb4
07:44:27 DEBUG [AWT-EventQueue-0]->org.mariadb.jdbc.util.log.Slf4JLogger->debug := execute query: set autocommit=0
07:44:27 DEBUG [AWT-EventQueue-0]->org.mariadb.jdbc.util.log.Slf4JLogger->debug := System variable change:  autocommit = OFF
07:44:27 DEBUG [AWT-EventQueue-0]->org.mariadb.jdbc.util.log.Slf4JLogger->debug := execute query: SELECT @@character_set_database, @@sql_mode
07:44:27 DEBUG [AWT-EventQueue-0]->org.mariadb.jdbc.util.log.Slf4JLogger->debug := execute query: select @@lower_case_table_names
07:44:27 DEBUG [AWT-EventQueue-0]->org.mariadb.jdbc.util.log.Slf4JLogger->debug := execute query: set autocommit=1
07:44:27 DEBUG [AWT-EventQueue-0]->org.mariadb.jdbc.util.log.Slf4JLogger->debug := System variable change:  autocommit = ON
07:44:29 DEBUG [AWT-EventQueue-0]->org.mariadb.jdbc.util.log.Slf4JLogger->debug := execute query: set autocommit=0
07:44:29 DEBUG [AWT-EventQueue-0]->org.mariadb.jdbc.util.log.Slf4JLogger->debug := System variable change:  autocommit = OFF
07:44:29 DEBUG [AWT-EventQueue-0]->org.mariadb.jdbc.util.log.Slf4JLogger->debug := execute query: set autocommit=1
07:44:29 DEBUG [AWT-EventQueue-0]->org.mariadb.jdbc.util.log.Slf4JLogger->debug := System variable change:  autocommit = ON
07:44:29 DEBUG [AWT-EventQueue-0]->org.mariadb.jdbc.util.log.Slf4JLogger->debug := execute query: select table_name from information_schema.TABLES where table_schema=database() and table_type='SEQUENCE'
07:44:29 DEBUG [AWT-EventQueue-0]->org.mariadb.jdbc.util.log.Slf4JLogger->debug := execute query: SELECT TABLE_SCHEMA TABLE_CAT, NULL  TABLE_SCHEM,  TABLE_NAME, IF(TABLE_TYPE='BASE TABLE' or TABLE_TYPE='SYSTEM VERSIONED', 'TABLE', IF(TABLE_TYPE='TEMPORARY', 'LOCAL TEMPORARY', TABLE_TYPE)) as TABLE_TYPE, TABLE_COMMENT REMARKS, NULL TYPE_CAT, NULL TYPE_SCHEM, NULL TYPE_NAME, NULL SELF_REFERENCING_COL_NAME,  NULL REF_GENERATION FROM INFORMATION_SCHEMA.TABLES WHERE TABLE_SCHEMA='edext' AND  TABLE_TYPE IN ('BASE TABLE','SYSTEM VERSIONED','VIEW') ORDER BY TABLE_TYPE, TABLE_SCHEMA, TABLE_NAME
07:44:29 DEBUG [AWT-EventQueue-0]->org.mariadb.jdbc.util.log.Slf4JLogger->debug := execute query: SELECT TABLE_SCHEMA TABLE_CAT, NULL TABLE_SCHEM, TABLE_NAME, COLUMN_NAME, CASE data_type WHEN 'bit' THEN -7 WHEN 'tinyblob' THEN -3 WHEN 'mediumblob' THEN -4 WHEN 'longblob' THEN -4 WHEN 'blob' THEN -4 WHEN 'tinytext' THEN 12 WHEN 'mediumtext' THEN -1 WHEN 'longtext' THEN -1 WHEN 'text' THEN -1 WHEN 'date' THEN 91 WHEN 'datetime' THEN 93 WHEN 'decimal' THEN 3 WHEN 'double' THEN 8 WHEN 'enum' THEN 12 WHEN 'float' THEN 7 WHEN 'int' THEN IF( COLUMN_TYPE like '%unsigned%', 4,4) WHEN 'bigint' THEN -5 WHEN 'mediumint' THEN 4 WHEN 'null' THEN 0 WHEN 'set' THEN 12 WHEN 'smallint' THEN IF( COLUMN_TYPE like '%unsigned%', 5,5) WHEN 'varchar' THEN 12 WHEN 'varbinary' THEN -3 WHEN 'char' THEN 1 WHEN 'binary' THEN -2 WHEN 'time' THEN 92 WHEN 'timestamp' THEN 93 WHEN 'tinyint' THEN IF(COLUMN_TYPE like 'tinyint(1)%',16,-6)  WHEN 'year' THEN 91 ELSE 1111 END  DATA_TYPE, IF(COLUMN_TYPE like 'tinyint(1)%', 'BOOLEAN',  UCASE(IF( COLUMN_TYPE LIKE '%(%)%', CONCAT(SUBSTRING( COLUMN_TYPE,1, LOCATE('(',COLUMN_TYPE) - 1 ), SUBSTRING(COLUMN_TYPE ,1+locate(')', COLUMN_TYPE))), COLUMN_TYPE))) TYPE_NAME, CASE DATA_TYPE WHEN 'date' THEN 10  WHEN 'time' THEN IF(DATETIME_PRECISION = 0, 10, CAST(11 + DATETIME_PRECISION as signed integer))  WHEN 'datetime' THEN IF(DATETIME_PRECISION = 0, 19, CAST(20 + DATETIME_PRECISION as signed integer))  WHEN 'timestamp' THEN IF(DATETIME_PRECISION = 0, 19, CAST(20 + DATETIME_PRECISION as signed integer))  ELSE   IF(NUMERIC_PRECISION IS NULL, LEAST(CHARACTER_MAXIMUM_LENGTH,2147483647), NUMERIC_PRECISION)  END COLUMN_SIZE, 65535 BUFFER_LENGTH,  CONVERT (CASE DATA_TYPE WHEN 'year' THEN NUMERIC_SCALE WHEN 'tinyint' THEN 0 ELSE NUMERIC_SCALE END, UNSIGNED INTEGER) DECIMAL_DIGITS, 10 NUM_PREC_RADIX, IF(IS_NULLABLE = 'yes',1,0) NULLABLE,COLUMN_COMMENT REMARKS, COLUMN_DEFAULT COLUMN_DEF, 0 SQL_DATA_TYPE, 0 SQL_DATETIME_SUB,   LEAST(CHARACTER_OCTET_LENGTH,2147483647) CHAR_OCTET_LENGTH, ORDINAL_POSITION, IS_NULLABLE, NULL SCOPE_CATALOG, NULL SCOPE_SCHEMA, NULL SCOPE_TABLE, NULL SOURCE_DATA_TYPE, IF(EXTRA = 'auto_increment','YES','NO') IS_AUTOINCREMENT,  IF(EXTRA in ('VIRTUAL', 'PERSISTENT', 'VIRTUAL GENERATED', 'STORED GENERATED') ,'YES','NO') IS_GENERATEDCOLUMN  FROM INFORMATION_SCHEMA.COLUMNS WHERE TABLE_SCHEMA='edext' ORDER BY TABLE_CAT, TABLE_SCHEM, TABLE_NAME, ORDINAL_POSITION
07:44:29 DEBUG [AWT-EventQueue-0]->org.mariadb.jdbc.util.log.Slf4JLogger->debug := execute query: SHOW CREATE TABLE `edext`.`Curso`
07:44:29 DEBUG [AWT-EventQueue-0]->org.mariadb.jdbc.util.log.Slf4JLogger->debug := execute query: SHOW CREATE TABLE `Instituto`
07:44:29 DEBUG [AWT-EventQueue-0]->org.mariadb.jdbc.util.log.Slf4JLogger->debug := execute query: SELECT TABLE_SCHEMA TABLE_CAT, NULL  TABLE_SCHEM,  TABLE_NAME, IF(TABLE_TYPE='BASE TABLE' or TABLE_TYPE='SYSTEM VERSIONED', 'TABLE', IF(TABLE_TYPE='TEMPORARY', 'LOCAL TEMPORARY', TABLE_TYPE)) as TABLE_TYPE, TABLE_COMMENT REMARKS, NULL TYPE_CAT, NULL TYPE_SCHEM, NULL TYPE_NAME, NULL SELF_REFERENCING_COL_NAME,  NULL REF_GENERATION FROM INFORMATION_SCHEMA.TABLES WHERE TABLE_SCHEMA='edext' AND TABLE_NAME='Instituto' AND  TABLE_TYPE IN ('BASE TABLE','SYSTEM VERSIONED','VIEW') ORDER BY TABLE_TYPE, TABLE_SCHEMA, TABLE_NAME
07:44:29 DEBUG [AWT-EventQueue-0]->org.mariadb.jdbc.util.log.Slf4JLogger->debug := execute query: select * from `edext`.`Instituto` where 1=0
07:44:29 DEBUG [AWT-EventQueue-0]->org.mariadb.jdbc.util.log.Slf4JLogger->debug := execute query: SHOW CREATE TABLE `edext`.`Edicion`
07:44:29 DEBUG [AWT-EventQueue-0]->org.mariadb.jdbc.util.log.Slf4JLogger->debug := execute query: SHOW CREATE TABLE `Curso`
07:44:29 DEBUG [AWT-EventQueue-0]->org.mariadb.jdbc.util.log.Slf4JLogger->debug := execute query: SELECT TABLE_SCHEMA TABLE_CAT, NULL  TABLE_SCHEM,  TABLE_NAME, IF(TABLE_TYPE='BASE TABLE' or TABLE_TYPE='SYSTEM VERSIONED', 'TABLE', IF(TABLE_TYPE='TEMPORARY', 'LOCAL TEMPORARY', TABLE_TYPE)) as TABLE_TYPE, TABLE_COMMENT REMARKS, NULL TYPE_CAT, NULL TYPE_SCHEM, NULL TYPE_NAME, NULL SELF_REFERENCING_COL_NAME,  NULL REF_GENERATION FROM INFORMATION_SCHEMA.TABLES WHERE TABLE_SCHEMA='edext' AND TABLE_NAME='Curso' AND  TABLE_TYPE IN ('BASE TABLE','SYSTEM VERSIONED','VIEW') ORDER BY TABLE_TYPE, TABLE_SCHEMA, TABLE_NAME
07:44:29 DEBUG [AWT-EventQueue-0]->org.mariadb.jdbc.util.log.Slf4JLogger->debug := execute query: select * from `edext`.`Curso` where 1=0
07:44:29 DEBUG [AWT-EventQueue-0]->org.mariadb.jdbc.util.log.Slf4JLogger->debug := execute query: SHOW CREATE TABLE `edext`.`InscripcionEdicion`
07:44:29 DEBUG [AWT-EventQueue-0]->org.mariadb.jdbc.util.log.Slf4JLogger->debug := execute query: SHOW CREATE TABLE `Edicion`
07:44:29 DEBUG [AWT-EventQueue-0]->org.mariadb.jdbc.util.log.Slf4JLogger->debug := execute query: SHOW CREATE TABLE `Usuario`
07:44:29 DEBUG [AWT-EventQueue-0]->org.mariadb.jdbc.util.log.Slf4JLogger->debug := execute query: SELECT TABLE_SCHEMA TABLE_CAT, NULL  TABLE_SCHEM,  TABLE_NAME, IF(TABLE_TYPE='BASE TABLE' or TABLE_TYPE='SYSTEM VERSIONED', 'TABLE', IF(TABLE_TYPE='TEMPORARY', 'LOCAL TEMPORARY', TABLE_TYPE)) as TABLE_TYPE, TABLE_COMMENT REMARKS, NULL TYPE_CAT, NULL TYPE_SCHEM, NULL TYPE_NAME, NULL SELF_REFERENCING_COL_NAME,  NULL REF_GENERATION FROM INFORMATION_SCHEMA.TABLES WHERE TABLE_SCHEMA='edext' AND TABLE_NAME='Edicion' AND  TABLE_TYPE IN ('BASE TABLE','SYSTEM VERSIONED','VIEW') ORDER BY TABLE_TYPE, TABLE_SCHEMA, TABLE_NAME
07:44:29 DEBUG [AWT-EventQueue-0]->org.mariadb.jdbc.util.log.Slf4JLogger->debug := execute query: select * from `edext`.`Edicion` where 1=0
07:44:29 DEBUG [AWT-EventQueue-0]->org.mariadb.jdbc.util.log.Slf4JLogger->debug := execute query: SELECT TABLE_SCHEMA TABLE_CAT, NULL  TABLE_SCHEM,  TABLE_NAME, IF(TABLE_TYPE='BASE TABLE' or TABLE_TYPE='SYSTEM VERSIONED', 'TABLE', IF(TABLE_TYPE='TEMPORARY', 'LOCAL TEMPORARY', TABLE_TYPE)) as TABLE_TYPE, TABLE_COMMENT REMARKS, NULL TYPE_CAT, NULL TYPE_SCHEM, NULL TYPE_NAME, NULL SELF_REFERENCING_COL_NAME,  NULL REF_GENERATION FROM INFORMATION_SCHEMA.TABLES WHERE TABLE_SCHEMA='edext' AND TABLE_NAME='Usuario' AND  TABLE_TYPE IN ('BASE TABLE','SYSTEM VERSIONED','VIEW') ORDER BY TABLE_TYPE, TABLE_SCHEMA, TABLE_NAME
07:44:29 DEBUG [AWT-EventQueue-0]->org.mariadb.jdbc.util.log.Slf4JLogger->debug := execute query: select * from `edext`.`Usuario` where 1=0
07:44:29 DEBUG [AWT-EventQueue-0]->org.mariadb.jdbc.util.log.Slf4JLogger->debug := execute query: SHOW CREATE TABLE `edext`.`InscripcionPrograma`
07:44:29 DEBUG [AWT-EventQueue-0]->org.mariadb.jdbc.util.log.Slf4JLogger->debug := execute query: SHOW CREATE TABLE `Usuario`
07:44:29 DEBUG [AWT-EventQueue-0]->org.mariadb.jdbc.util.log.Slf4JLogger->debug := execute query: SHOW CREATE TABLE `ProgramaFormacion`
07:44:29 DEBUG [AWT-EventQueue-0]->org.mariadb.jdbc.util.log.Slf4JLogger->debug := execute query: SELECT TABLE_SCHEMA TABLE_CAT, NULL  TABLE_SCHEM,  TABLE_NAME, IF(TABLE_TYPE='BASE TABLE' or TABLE_TYPE='SYSTEM VERSIONED', 'TABLE', IF(TABLE_TYPE='TEMPORARY', 'LOCAL TEMPORARY', TABLE_TYPE)) as TABLE_TYPE, TABLE_COMMENT REMARKS, NULL TYPE_CAT, NULL TYPE_SCHEM, NULL TYPE_NAME, NULL SELF_REFERENCING_COL_NAME,  NULL REF_GENERATION FROM INFORMATION_SCHEMA.TABLES WHERE TABLE_SCHEMA='edext' AND TABLE_NAME='ProgramaFormacion' AND  TABLE_TYPE IN ('BASE TABLE','SYSTEM VERSIONED','VIEW') ORDER BY TABLE_TYPE, TABLE_SCHEMA, TABLE_NAME
07:44:29 DEBUG [AWT-EventQueue-0]->org.mariadb.jdbc.util.log.Slf4JLogger->debug := execute query: select * from `edext`.`ProgramaFormacion` where 1=0
07:44:29 DEBUG [AWT-EventQueue-0]->org.mariadb.jdbc.util.log.Slf4JLogger->debug := execute query: SELECT TABLE_SCHEMA TABLE_CAT, NULL  TABLE_SCHEM,  TABLE_NAME, IF(TABLE_TYPE='BASE TABLE' or TABLE_TYPE='SYSTEM VERSIONED', 'TABLE', IF(TABLE_TYPE='TEMPORARY', 'LOCAL TEMPORARY', TABLE_TYPE)) as TABLE_TYPE, TABLE_COMMENT REMARKS, NULL TYPE_CAT, NULL TYPE_SCHEM, NULL TYPE_NAME, NULL SELF_REFERENCING_COL_NAME,  NULL REF_GENERATION FROM INFORMATION_SCHEMA.TABLES WHERE TABLE_SCHEMA='edext' AND TABLE_NAME='Usuario' AND  TABLE_TYPE IN ('BASE TABLE','SYSTEM VERSIONED','VIEW') ORDER BY TABLE_TYPE, TABLE_SCHEMA, TABLE_NAME
07:44:29 DEBUG [AWT-EventQueue-0]->org.mariadb.jdbc.util.log.Slf4JLogger->debug := execute query: select * from `edext`.`Usuario` where 1=0
07:44:29 DEBUG [AWT-EventQueue-0]->org.mariadb.jdbc.util.log.Slf4JLogger->debug := execute query: SHOW CREATE TABLE `edext`.`Integra`
07:44:29 DEBUG [AWT-EventQueue-0]->org.mariadb.jdbc.util.log.Slf4JLogger->debug := execute query: SHOW CREATE TABLE `ProgramaFormacion`
07:44:29 DEBUG [AWT-EventQueue-0]->org.mariadb.jdbc.util.log.Slf4JLogger->debug := execute query: SHOW CREATE TABLE `Curso`
07:44:29 DEBUG [AWT-EventQueue-0]->org.mariadb.jdbc.util.log.Slf4JLogger->debug := execute query: SELECT TABLE_SCHEMA TABLE_CAT, NULL  TABLE_SCHEM,  TABLE_NAME, IF(TABLE_TYPE='BASE TABLE' or TABLE_TYPE='SYSTEM VERSIONED', 'TABLE', IF(TABLE_TYPE='TEMPORARY', 'LOCAL TEMPORARY', TABLE_TYPE)) as TABLE_TYPE, TABLE_COMMENT REMARKS, NULL TYPE_CAT, NULL TYPE_SCHEM, NULL TYPE_NAME, NULL SELF_REFERENCING_COL_NAME,  NULL REF_GENERATION FROM INFORMATION_SCHEMA.TABLES WHERE TABLE_SCHEMA='edext' AND TABLE_NAME='Curso' AND  TABLE_TYPE IN ('BASE TABLE','SYSTEM VERSIONED','VIEW') ORDER BY TABLE_TYPE, TABLE_SCHEMA, TABLE_NAME
07:44:29 DEBUG [AWT-EventQueue-0]->org.mariadb.jdbc.util.log.Slf4JLogger->debug := execute query: select * from `edext`.`Curso` where 1=0
07:44:29 DEBUG [AWT-EventQueue-0]->org.mariadb.jdbc.util.log.Slf4JLogger->debug := execute query: SELECT TABLE_SCHEMA TABLE_CAT, NULL  TABLE_SCHEM,  TABLE_NAME, IF(TABLE_TYPE='BASE TABLE' or TABLE_TYPE='SYSTEM VERSIONED', 'TABLE', IF(TABLE_TYPE='TEMPORARY', 'LOCAL TEMPORARY', TABLE_TYPE)) as TABLE_TYPE, TABLE_COMMENT REMARKS, NULL TYPE_CAT, NULL TYPE_SCHEM, NULL TYPE_NAME, NULL SELF_REFERENCING_COL_NAME,  NULL REF_GENERATION FROM INFORMATION_SCHEMA.TABLES WHERE TABLE_SCHEMA='edext' AND TABLE_NAME='ProgramaFormacion' AND  TABLE_TYPE IN ('BASE TABLE','SYSTEM VERSIONED','VIEW') ORDER BY TABLE_TYPE, TABLE_SCHEMA, TABLE_NAME
07:44:29 DEBUG [AWT-EventQueue-0]->org.mariadb.jdbc.util.log.Slf4JLogger->debug := execute query: select * from `edext`.`ProgramaFormacion` where 1=0
07:44:29 DEBUG [AWT-EventQueue-0]->org.mariadb.jdbc.util.log.Slf4JLogger->debug := execute query: SHOW CREATE TABLE `edext`.`Organiza`
07:44:29 DEBUG [AWT-EventQueue-0]->org.mariadb.jdbc.util.log.Slf4JLogger->debug := execute query: SHOW CREATE TABLE `Edicion`
07:44:29 DEBUG [AWT-EventQueue-0]->org.mariadb.jdbc.util.log.Slf4JLogger->debug := execute query: SHOW CREATE TABLE `Usuario`
07:44:29 DEBUG [AWT-EventQueue-0]->org.mariadb.jdbc.util.log.Slf4JLogger->debug := execute query: SELECT TABLE_SCHEMA TABLE_CAT, NULL  TABLE_SCHEM,  TABLE_NAME, IF(TABLE_TYPE='BASE TABLE' or TABLE_TYPE='SYSTEM VERSIONED', 'TABLE', IF(TABLE_TYPE='TEMPORARY', 'LOCAL TEMPORARY', TABLE_TYPE)) as TABLE_TYPE, TABLE_COMMENT REMARKS, NULL TYPE_CAT, NULL TYPE_SCHEM, NULL TYPE_NAME, NULL SELF_REFERENCING_COL_NAME,  NULL REF_GENERATION FROM INFORMATION_SCHEMA.TABLES WHERE TABLE_SCHEMA='edext' AND TABLE_NAME='Edicion' AND  TABLE_TYPE IN ('BASE TABLE','SYSTEM VERSIONED','VIEW') ORDER BY TABLE_TYPE, TABLE_SCHEMA, TABLE_NAME
07:44:29 DEBUG [AWT-EventQueue-0]->org.mariadb.jdbc.util.log.Slf4JLogger->debug := execute query: select * from `edext`.`Edicion` where 1=0
07:44:29 DEBUG [AWT-EventQueue-0]->org.mariadb.jdbc.util.log.Slf4JLogger->debug := execute query: SELECT TABLE_SCHEMA TABLE_CAT, NULL  TABLE_SCHEM,  TABLE_NAME, IF(TABLE_TYPE='BASE TABLE' or TABLE_TYPE='SYSTEM VERSIONED', 'TABLE', IF(TABLE_TYPE='TEMPORARY', 'LOCAL TEMPORARY', TABLE_TYPE)) as TABLE_TYPE, TABLE_COMMENT REMARKS, NULL TYPE_CAT, NULL TYPE_SCHEM, NULL TYPE_NAME, NULL SELF_REFERENCING_COL_NAME,  NULL REF_GENERATION FROM INFORMATION_SCHEMA.TABLES WHERE TABLE_SCHEMA='edext' AND TABLE_NAME='Usuario' AND  TABLE_TYPE IN ('BASE TABLE','SYSTEM VERSIONED','VIEW') ORDER BY TABLE_TYPE, TABLE_SCHEMA, TABLE_NAME
07:44:29 DEBUG [AWT-EventQueue-0]->org.mariadb.jdbc.util.log.Slf4JLogger->debug := execute query: select * from `edext`.`Usuario` where 1=0
07:44:29 DEBUG [AWT-EventQueue-0]->org.mariadb.jdbc.util.log.Slf4JLogger->debug := execute query: SHOW CREATE TABLE `edext`.`Pertenece`
07:44:29 DEBUG [AWT-EventQueue-0]->org.mariadb.jdbc.util.log.Slf4JLogger->debug := execute query: SHOW CREATE TABLE `Usuario`
07:44:29 DEBUG [AWT-EventQueue-0]->org.mariadb.jdbc.util.log.Slf4JLogger->debug := execute query: SHOW CREATE TABLE `Instituto`
07:44:29 DEBUG [AWT-EventQueue-0]->org.mariadb.jdbc.util.log.Slf4JLogger->debug := execute query: SELECT TABLE_SCHEMA TABLE_CAT, NULL  TABLE_SCHEM,  TABLE_NAME, IF(TABLE_TYPE='BASE TABLE' or TABLE_TYPE='SYSTEM VERSIONED', 'TABLE', IF(TABLE_TYPE='TEMPORARY', 'LOCAL TEMPORARY', TABLE_TYPE)) as TABLE_TYPE, TABLE_COMMENT REMARKS, NULL TYPE_CAT, NULL TYPE_SCHEM, NULL TYPE_NAME, NULL SELF_REFERENCING_COL_NAME,  NULL REF_GENERATION FROM INFORMATION_SCHEMA.TABLES WHERE TABLE_SCHEMA='edext' AND TABLE_NAME='Instituto' AND  TABLE_TYPE IN ('BASE TABLE','SYSTEM VERSIONED','VIEW') ORDER BY TABLE_TYPE, TABLE_SCHEMA, TABLE_NAME
07:44:29 DEBUG [AWT-EventQueue-0]->org.mariadb.jdbc.util.log.Slf4JLogger->debug := execute query: select * from `edext`.`Instituto` where 1=0
07:44:29 DEBUG [AWT-EventQueue-0]->org.mariadb.jdbc.util.log.Slf4JLogger->debug := execute query: SELECT TABLE_SCHEMA TABLE_CAT, NULL  TABLE_SCHEM,  TABLE_NAME, IF(TABLE_TYPE='BASE TABLE' or TABLE_TYPE='SYSTEM VERSIONED', 'TABLE', IF(TABLE_TYPE='TEMPORARY', 'LOCAL TEMPORARY', TABLE_TYPE)) as TABLE_TYPE, TABLE_COMMENT REMARKS, NULL TYPE_CAT, NULL TYPE_SCHEM, NULL TYPE_NAME, NULL SELF_REFERENCING_COL_NAME,  NULL REF_GENERATION FROM INFORMATION_SCHEMA.TABLES WHERE TABLE_SCHEMA='edext' AND TABLE_NAME='Usuario' AND  TABLE_TYPE IN ('BASE TABLE','SYSTEM VERSIONED','VIEW') ORDER BY TABLE_TYPE, TABLE_SCHEMA, TABLE_NAME
07:44:29 DEBUG [AWT-EventQueue-0]->org.mariadb.jdbc.util.log.Slf4JLogger->debug := execute query: select * from `edext`.`Usuario` where 1=0
07:44:29 DEBUG [AWT-EventQueue-0]->org.mariadb.jdbc.util.log.Slf4JLogger->debug := execute query: SHOW CREATE TABLE `edext`.`Previas`
07:44:29 DEBUG [AWT-EventQueue-0]->org.mariadb.jdbc.util.log.Slf4JLogger->debug := execute query: SHOW CREATE TABLE `Curso`
07:44:29 DEBUG [AWT-EventQueue-0]->org.mariadb.jdbc.util.log.Slf4JLogger->debug := execute query: SHOW CREATE TABLE `Curso`
07:44:29 DEBUG [AWT-EventQueue-0]->org.mariadb.jdbc.util.log.Slf4JLogger->debug := execute query: SELECT TABLE_SCHEMA TABLE_CAT, NULL  TABLE_SCHEM,  TABLE_NAME, IF(TABLE_TYPE='BASE TABLE' or TABLE_TYPE='SYSTEM VERSIONED', 'TABLE', IF(TABLE_TYPE='TEMPORARY', 'LOCAL TEMPORARY', TABLE_TYPE)) as TABLE_TYPE, TABLE_COMMENT REMARKS, NULL TYPE_CAT, NULL TYPE_SCHEM, NULL TYPE_NAME, NULL SELF_REFERENCING_COL_NAME,  NULL REF_GENERATION FROM INFORMATION_SCHEMA.TABLES WHERE TABLE_SCHEMA='edext' AND TABLE_NAME='Curso' AND  TABLE_TYPE IN ('BASE TABLE','SYSTEM VERSIONED','VIEW') ORDER BY TABLE_TYPE, TABLE_SCHEMA, TABLE_NAME
07:44:29 DEBUG [AWT-EventQueue-0]->org.mariadb.jdbc.util.log.Slf4JLogger->debug := execute query: select * from `edext`.`Curso` where 1=0
07:44:29 DEBUG [AWT-EventQueue-0]->org.mariadb.jdbc.util.log.Slf4JLogger->debug := execute query: SELECT TABLE_SCHEMA TABLE_CAT, NULL  TABLE_SCHEM,  TABLE_NAME, IF(TABLE_TYPE='BASE TABLE' or TABLE_TYPE='SYSTEM VERSIONED', 'TABLE', IF(TABLE_TYPE='TEMPORARY', 'LOCAL TEMPORARY', TABLE_TYPE)) as TABLE_TYPE, TABLE_COMMENT REMARKS, NULL TYPE_CAT, NULL TYPE_SCHEM, NULL TYPE_NAME, NULL SELF_REFERENCING_COL_NAME,  NULL REF_GENERATION FROM INFORMATION_SCHEMA.TABLES WHERE TABLE_SCHEMA='edext' AND TABLE_NAME='Curso' AND  TABLE_TYPE IN ('BASE TABLE','SYSTEM VERSIONED','VIEW') ORDER BY TABLE_TYPE, TABLE_SCHEMA, TABLE_NAME
07:44:29 DEBUG [AWT-EventQueue-0]->org.mariadb.jdbc.util.log.Slf4JLogger->debug := execute query: select * from `edext`.`Curso` where 1=0
07:44:29 DEBUG [AWT-EventQueue-0]->org.mariadb.jdbc.util.log.Slf4JLogger->debug := execute query: set autocommit=0
07:44:29 DEBUG [AWT-EventQueue-0]->org.mariadb.jdbc.util.log.Slf4JLogger->debug := System variable change:  autocommit = OFF
07:44:29 DEBUG [AWT-EventQueue-0]->org.mariadb.jdbc.util.log.Slf4JLogger->debug := execute query: set autocommit=1
07:44:29 DEBUG [AWT-EventQueue-0]->org.mariadb.jdbc.util.log.Slf4JLogger->debug := System variable change:  autocommit = ON
07:44:29 DEBUG [AWT-EventQueue-0]->org.mariadb.jdbc.util.log.Slf4JLogger->debug := execute query: set autocommit=0
07:44:29 DEBUG [AWT-EventQueue-0]->org.mariadb.jdbc.util.log.Slf4JLogger->debug := System variable change:  autocommit = OFF
07:44:29 DEBUG [AWT-EventQueue-0]->org.mariadb.jdbc.util.log.Slf4JLogger->debug := execute query: select c1_0.nombre from Categoria c1_0
07:44:29 DEBUG [AWT-EventQueue-0]->org.mariadb.jdbc.util.log.Slf4JLogger->debug := execute query: set autocommit=1
07:44:29 DEBUG [AWT-EventQueue-0]->org.mariadb.jdbc.util.log.Slf4JLogger->debug := System variable change:  autocommit = ON
07:44:40 DEBUG [AWT-EventQueue-0]->org.mariadb.jdbc.util.log.Slf4JLogger->debug := execute query: set autocommit=0
07:44:40 DEBUG [AWT-EventQueue-0]->org.mariadb.jdbc.util.log.Slf4JLogger->debug := System variable change:  autocommit = OFF
07:44:40 DEBUG [AWT-EventQueue-0]->org.mariadb.jdbc.util.log.Slf4JLogger->debug := execute query: select i1_0.nombre from Instituto i1_0
07:44:40 DEBUG [AWT-EventQueue-0]->org.mariadb.jdbc.util.log.Slf4JLogger->debug := execute query: set autocommit=1
07:44:40 DEBUG [AWT-EventQueue-0]->org.mariadb.jdbc.util.log.Slf4JLogger->debug := System variable change:  autocommit = ON
07:44:44 DEBUG [AWT-EventQueue-0]->org.mariadb.jdbc.util.log.Slf4JLogger->debug := execute query: set autocommit=0
07:44:44 DEBUG [AWT-EventQueue-0]->org.mariadb.jdbc.util.log.Slf4JLogger->debug := System variable change:  autocommit = OFF
07:44:44 DEBUG [AWT-EventQueue-0]->org.mariadb.jdbc.util.log.Slf4JLogger->debug := execute query: select c1_0.nombre from Categoria c1_0
07:44:44 DEBUG [AWT-EventQueue-0]->org.mariadb.jdbc.util.log.Slf4JLogger->debug := execute query: set autocommit=1
07:44:44 DEBUG [AWT-EventQueue-0]->org.mariadb.jdbc.util.log.Slf4JLogger->debug := System variable change:  autocommit = ON
07:44:46 DEBUG [AWT-EventQueue-0]->org.mariadb.jdbc.util.log.Slf4JLogger->debug := execute query: set autocommit=0
07:44:46 DEBUG [AWT-EventQueue-0]->org.mariadb.jdbc.util.log.Slf4JLogger->debug := System variable change:  autocommit = OFF
07:44:46 DEBUG [AWT-EventQueue-0]->org.mariadb.jdbc.util.log.Slf4JLogger->debug := execute query: select i1_0.nombre from Instituto i1_0
07:44:46 DEBUG [AWT-EventQueue-0]->org.mariadb.jdbc.util.log.Slf4JLogger->debug := execute query: set autocommit=1
07:44:46 DEBUG [AWT-EventQueue-0]->org.mariadb.jdbc.util.log.Slf4JLogger->debug := System variable change:  autocommit = ON
07:44:55 DEBUG [AWT-EventQueue-0]->org.mariadb.jdbc.util.log.Slf4JLogger->debug := execute query: set autocommit=0
07:44:55 DEBUG [AWT-EventQueue-0]->org.mariadb.jdbc.util.log.Slf4JLogger->debug := System variable change:  autocommit = OFF
07:44:55 DEBUG [AWT-EventQueue-0]->org.mariadb.jdbc.util.log.Slf4JLogger->debug := execute query: select i1_0.nombre from Instituto i1_0
07:44:55 DEBUG [AWT-EventQueue-0]->org.mariadb.jdbc.util.log.Slf4JLogger->debug := execute query: set autocommit=1
07:44:55 DEBUG [AWT-EventQueue-0]->org.mariadb.jdbc.util.log.Slf4JLogger->debug := System variable change:  autocommit = ON
07:44:57 DEBUG [AWT-EventQueue-0]->org.mariadb.jdbc.util.log.Slf4JLogger->debug := execute query: set autocommit=0
07:44:57 DEBUG [AWT-EventQueue-0]->org.mariadb.jdbc.util.log.Slf4JLogger->debug := System variable change:  autocommit = OFF
07:44:57 DEBUG [AWT-EventQueue-0]->org.mariadb.jdbc.util.log.Slf4JLogger->debug := execute query: select i1_0.nombre from Instituto i1_0
07:44:57 DEBUG [AWT-EventQueue-0]->org.mariadb.jdbc.util.log.Slf4JLogger->debug := execute query: set autocommit=1
07:44:57 DEBUG [AWT-EventQueue-0]->org.mariadb.jdbc.util.log.Slf4JLogger->debug := System variable change:  autocommit = ON
07:44:59 DEBUG [AWT-EventQueue-0]->org.mariadb.jdbc.util.log.Slf4JLogger->debug := execute query: set autocommit=0
07:44:59 DEBUG [AWT-EventQueue-0]->org.mariadb.jdbc.util.log.Slf4JLogger->debug := System variable change:  autocommit = OFF
07:44:59 DEBUG [AWT-EventQueue-0]->org.mariadb.jdbc.util.log.Slf4JLogger->debug := execute query: select c1_0.nombre from Categoria c1_0
07:44:59 DEBUG [AWT-EventQueue-0]->org.mariadb.jdbc.util.log.Slf4JLogger->debug := execute query: set autocommit=1
07:44:59 DEBUG [AWT-EventQueue-0]->org.mariadb.jdbc.util.log.Slf4JLogger->debug := System variable change:  autocommit = ON
08:00:17 DEBUG [AWT-EventQueue-0]->org.mariadb.jdbc.util.log.Slf4JLogger->debug := execute query: CREATE DATABASE IF NOT EXISTS `edext`
08:00:17 DEBUG [AWT-EventQueue-0]->org.mariadb.jdbc.util.log.Slf4JLogger->debug := execute query: USE `edext`
08:00:17 DEBUG [AWT-EventQueue-0]->org.mariadb.jdbc.util.log.Slf4JLogger->debug := execute query: SET NAMES utf8mb4
08:00:17 DEBUG [AWT-EventQueue-0]->org.mariadb.jdbc.util.log.Slf4JLogger->debug := Database change: is 'edext'
08:00:17 DEBUG [AWT-EventQueue-0]->org.mariadb.jdbc.util.log.Slf4JLogger->debug := System variable change:  character_set_connection = utf8mb4
08:00:17 DEBUG [AWT-EventQueue-0]->org.mariadb.jdbc.util.log.Slf4JLogger->debug := System variable change:  character_set_client = utf8mb4
08:00:17 DEBUG [AWT-EventQueue-0]->org.mariadb.jdbc.util.log.Slf4JLogger->debug := System variable change:  character_set_results = utf8mb4
08:00:17 DEBUG [AWT-EventQueue-0]->org.mariadb.jdbc.util.log.Slf4JLogger->debug := execute query: set autocommit=0
08:00:17 DEBUG [AWT-EventQueue-0]->org.mariadb.jdbc.util.log.Slf4JLogger->debug := System variable change:  autocommit = OFF
08:00:18 DEBUG [AWT-EventQueue-0]->org.mariadb.jdbc.util.log.Slf4JLogger->debug := execute query: SELECT @@character_set_database, @@sql_mode
08:00:18 DEBUG [AWT-EventQueue-0]->org.mariadb.jdbc.util.log.Slf4JLogger->debug := execute query: select @@lower_case_table_names
08:00:18 DEBUG [AWT-EventQueue-0]->org.mariadb.jdbc.util.log.Slf4JLogger->debug := execute query: set autocommit=1
08:00:18 DEBUG [AWT-EventQueue-0]->org.mariadb.jdbc.util.log.Slf4JLogger->debug := System variable change:  autocommit = ON
08:00:20 DEBUG [AWT-EventQueue-0]->org.mariadb.jdbc.util.log.Slf4JLogger->debug := execute query: set autocommit=0
08:00:20 DEBUG [AWT-EventQueue-0]->org.mariadb.jdbc.util.log.Slf4JLogger->debug := System variable change:  autocommit = OFF
08:00:20 DEBUG [AWT-EventQueue-0]->org.mariadb.jdbc.util.log.Slf4JLogger->debug := execute query: set autocommit=1
08:00:20 DEBUG [AWT-EventQueue-0]->org.mariadb.jdbc.util.log.Slf4JLogger->debug := System variable change:  autocommit = ON
08:00:20 DEBUG [AWT-EventQueue-0]->org.mariadb.jdbc.util.log.Slf4JLogger->debug := execute query: select table_name from information_schema.TABLES where table_schema=database() and table_type='SEQUENCE'
08:00:20 DEBUG [AWT-EventQueue-0]->org.mariadb.jdbc.util.log.Slf4JLogger->debug := execute query: SELECT TABLE_SCHEMA TABLE_CAT, NULL  TABLE_SCHEM,  TABLE_NAME, IF(TABLE_TYPE='BASE TABLE' or TABLE_TYPE='SYSTEM VERSIONED', 'TABLE', IF(TABLE_TYPE='TEMPORARY', 'LOCAL TEMPORARY', TABLE_TYPE)) as TABLE_TYPE, TABLE_COMMENT REMARKS, NULL TYPE_CAT, NULL TYPE_SCHEM, NULL TYPE_NAME, NULL SELF_REFERENCING_COL_NAME,  NULL REF_GENERATION FROM INFORMATION_SCHEMA.TABLES WHERE TABLE_SCHEMA='edext' AND  TABLE_TYPE IN ('BASE TABLE','SYSTEM VERSIONED','VIEW') ORDER BY TABLE_TYPE, TABLE_SCHEMA, TABLE_NAME
08:00:20 DEBUG [AWT-EventQueue-0]->org.mariadb.jdbc.util.log.Slf4JLogger->debug := execute query: SELECT TABLE_SCHEMA TABLE_CAT, NULL TABLE_SCHEM, TABLE_NAME, COLUMN_NAME, CASE data_type WHEN 'bit' THEN -7 WHEN 'tinyblob' THEN -3 WHEN 'mediumblob' THEN -4 WHEN 'longblob' THEN -4 WHEN 'blob' THEN -4 WHEN 'tinytext' THEN 12 WHEN 'mediumtext' THEN -1 WHEN 'longtext' THEN -1 WHEN 'text' THEN -1 WHEN 'date' THEN 91 WHEN 'datetime' THEN 93 WHEN 'decimal' THEN 3 WHEN 'double' THEN 8 WHEN 'enum' THEN 12 WHEN 'float' THEN 7 WHEN 'int' THEN IF( COLUMN_TYPE like '%unsigned%', 4,4) WHEN 'bigint' THEN -5 WHEN 'mediumint' THEN 4 WHEN 'null' THEN 0 WHEN 'set' THEN 12 WHEN 'smallint' THEN IF( COLUMN_TYPE like '%unsigned%', 5,5) WHEN 'varchar' THEN 12 WHEN 'varbinary' THEN -3 WHEN 'char' THEN 1 WHEN 'binary' THEN -2 WHEN 'time' THEN 92 WHEN 'timestamp' THEN 93 WHEN 'tinyint' THEN IF(COLUMN_TYPE like 'tinyint(1)%',16,-6)  WHEN 'year' THEN 91 ELSE 1111 END  DATA_TYPE, IF(COLUMN_TYPE like 'tinyint(1)%', 'BOOLEAN',  UCASE(IF( COLUMN_TYPE LIKE '%(%)%', CONCAT(SUBSTRING( COLUMN_TYPE,1, LOCATE('(',COLUMN_TYPE) - 1 ), SUBSTRING(COLUMN_TYPE ,1+locate(')', COLUMN_TYPE))), COLUMN_TYPE))) TYPE_NAME, CASE DATA_TYPE WHEN 'date' THEN 10  WHEN 'time' THEN IF(DATETIME_PRECISION = 0, 10, CAST(11 + DATETIME_PRECISION as signed integer))  WHEN 'datetime' THEN IF(DATETIME_PRECISION = 0, 19, CAST(20 + DATETIME_PRECISION as signed integer))  WHEN 'timestamp' THEN IF(DATETIME_PRECISION = 0, 19, CAST(20 + DATETIME_PRECISION as signed integer))  ELSE   IF(NUMERIC_PRECISION IS NULL, LEAST(CHARACTER_MAXIMUM_LENGTH,2147483647), NUMERIC_PRECISION)  END COLUMN_SIZE, 65535 BUFFER_LENGTH,  CONVERT (CASE DATA_TYPE WHEN 'year' THEN NUMERIC_SCALE WHEN 'tinyint' THEN 0 ELSE NUMERIC_SCALE END, UNSIGNED INTEGER) DECIMAL_DIGITS, 10 NUM_PREC_RADIX, IF(IS_NULLABLE = 'yes',1,0) NULLABLE,COLUMN_COMMENT REMARKS, COLUMN_DEFAULT COLUMN_DEF, 0 SQL_DATA_TYPE, 0 SQL_DATETIME_SUB,   LEAST(CHARACTER_OCTET_LENGTH,2147483647) CHAR_OCTET_LENGTH, ORDINAL_POSITION, IS_NULLABLE, NULL SCOPE_CATALOG, NULL SCOPE_SCHEMA, NULL SCOPE_TABLE, NULL SOURCE_DATA_TYPE, IF(EXTRA = 'auto_increment','YES','NO') IS_AUTOINCREMENT,  IF(EXTRA in ('VIRTUAL', 'PERSISTENT', 'VIRTUAL GENERATED', 'STORED GENERATED') ,'YES','NO') IS_GENERATEDCOLUMN  FROM INFORMATION_SCHEMA.COLUMNS WHERE TABLE_SCHEMA='edext' ORDER BY TABLE_CAT, TABLE_SCHEM, TABLE_NAME, ORDINAL_POSITION
08:00:20 DEBUG [AWT-EventQueue-0]->org.mariadb.jdbc.util.log.Slf4JLogger->debug := execute query: SHOW CREATE TABLE `edext`.`Curso`
08:00:20 DEBUG [AWT-EventQueue-0]->org.mariadb.jdbc.util.log.Slf4JLogger->debug := execute query: SHOW CREATE TABLE `Instituto`
08:00:20 DEBUG [AWT-EventQueue-0]->org.mariadb.jdbc.util.log.Slf4JLogger->debug := execute query: SELECT TABLE_SCHEMA TABLE_CAT, NULL  TABLE_SCHEM,  TABLE_NAME, IF(TABLE_TYPE='BASE TABLE' or TABLE_TYPE='SYSTEM VERSIONED', 'TABLE', IF(TABLE_TYPE='TEMPORARY', 'LOCAL TEMPORARY', TABLE_TYPE)) as TABLE_TYPE, TABLE_COMMENT REMARKS, NULL TYPE_CAT, NULL TYPE_SCHEM, NULL TYPE_NAME, NULL SELF_REFERENCING_COL_NAME,  NULL REF_GENERATION FROM INFORMATION_SCHEMA.TABLES WHERE TABLE_SCHEMA='edext' AND TABLE_NAME='Instituto' AND  TABLE_TYPE IN ('BASE TABLE','SYSTEM VERSIONED','VIEW') ORDER BY TABLE_TYPE, TABLE_SCHEMA, TABLE_NAME
08:00:20 DEBUG [AWT-EventQueue-0]->org.mariadb.jdbc.util.log.Slf4JLogger->debug := execute query: select * from `edext`.`Instituto` where 1=0
08:00:20 DEBUG [AWT-EventQueue-0]->org.mariadb.jdbc.util.log.Slf4JLogger->debug := execute query: SHOW CREATE TABLE `edext`.`Edicion`
08:00:20 DEBUG [AWT-EventQueue-0]->org.mariadb.jdbc.util.log.Slf4JLogger->debug := execute query: SHOW CREATE TABLE `Curso`
08:00:20 DEBUG [AWT-EventQueue-0]->org.mariadb.jdbc.util.log.Slf4JLogger->debug := execute query: SELECT TABLE_SCHEMA TABLE_CAT, NULL  TABLE_SCHEM,  TABLE_NAME, IF(TABLE_TYPE='BASE TABLE' or TABLE_TYPE='SYSTEM VERSIONED', 'TABLE', IF(TABLE_TYPE='TEMPORARY', 'LOCAL TEMPORARY', TABLE_TYPE)) as TABLE_TYPE, TABLE_COMMENT REMARKS, NULL TYPE_CAT, NULL TYPE_SCHEM, NULL TYPE_NAME, NULL SELF_REFERENCING_COL_NAME,  NULL REF_GENERATION FROM INFORMATION_SCHEMA.TABLES WHERE TABLE_SCHEMA='edext' AND TABLE_NAME='Curso' AND  TABLE_TYPE IN ('BASE TABLE','SYSTEM VERSIONED','VIEW') ORDER BY TABLE_TYPE, TABLE_SCHEMA, TABLE_NAME
08:00:20 DEBUG [AWT-EventQueue-0]->org.mariadb.jdbc.util.log.Slf4JLogger->debug := execute query: select * from `edext`.`Curso` where 1=0
08:00:20 DEBUG [AWT-EventQueue-0]->org.mariadb.jdbc.util.log.Slf4JLogger->debug := execute query: SHOW CREATE TABLE `edext`.`InscripcionEdicion`
08:00:20 DEBUG [AWT-EventQueue-0]->org.mariadb.jdbc.util.log.Slf4JLogger->debug := execute query: SHOW CREATE TABLE `Edicion`
08:00:20 DEBUG [AWT-EventQueue-0]->org.mariadb.jdbc.util.log.Slf4JLogger->debug := execute query: SHOW CREATE TABLE `Usuario`
08:00:20 DEBUG [AWT-EventQueue-0]->org.mariadb.jdbc.util.log.Slf4JLogger->debug := execute query: SELECT TABLE_SCHEMA TABLE_CAT, NULL  TABLE_SCHEM,  TABLE_NAME, IF(TABLE_TYPE='BASE TABLE' or TABLE_TYPE='SYSTEM VERSIONED', 'TABLE', IF(TABLE_TYPE='TEMPORARY', 'LOCAL TEMPORARY', TABLE_TYPE)) as TABLE_TYPE, TABLE_COMMENT REMARKS, NULL TYPE_CAT, NULL TYPE_SCHEM, NULL TYPE_NAME, NULL SELF_REFERENCING_COL_NAME,  NULL REF_GENERATION FROM INFORMATION_SCHEMA.TABLES WHERE TABLE_SCHEMA='edext' AND TABLE_NAME='Edicion' AND  TABLE_TYPE IN ('BASE TABLE','SYSTEM VERSIONED','VIEW') ORDER BY TABLE_TYPE, TABLE_SCHEMA, TABLE_NAME
08:00:20 DEBUG [AWT-EventQueue-0]->org.mariadb.jdbc.util.log.Slf4JLogger->debug := execute query: select * from `edext`.`Edicion` where 1=0
08:00:20 DEBUG [AWT-EventQueue-0]->org.mariadb.jdbc.util.log.Slf4JLogger->debug := execute query: SELECT TABLE_SCHEMA TABLE_CAT, NULL  TABLE_SCHEM,  TABLE_NAME, IF(TABLE_TYPE='BASE TABLE' or TABLE_TYPE='SYSTEM VERSIONED', 'TABLE', IF(TABLE_TYPE='TEMPORARY', 'LOCAL TEMPORARY', TABLE_TYPE)) as TABLE_TYPE, TABLE_COMMENT REMARKS, NULL TYPE_CAT, NULL TYPE_SCHEM, NULL TYPE_NAME, NULL SELF_REFERENCING_COL_NAME,  NULL REF_GENERATION FROM INFORMATION_SCHEMA.TABLES WHERE TABLE_SCHEMA='edext' AND TABLE_NAME='Usuario' AND  TABLE_TYPE IN ('BASE TABLE','SYSTEM VERSIONED','VIEW') ORDER BY TABLE_TYPE, TABLE_SCHEMA, TABLE_NAME
08:00:20 DEBUG [AWT-EventQueue-0]->org.mariadb.jdbc.util.log.Slf4JLogger->debug := execute query: select * from `edext`.`Usuario` where 1=0
08:00:20 DEBUG [AWT-EventQueue-0]->org.mariadb.jdbc.util.log.Slf4JLogger->debug := execute query: SHOW CREATE TABLE `edext`.`InscripcionPrograma`
08:00:20 DEBUG [AWT-EventQueue-0]->org.mariadb.jdbc.util.log.Slf4JLogger->debug := execute query: SHOW CREATE TABLE `Usuario`
08:00:20 DEBUG [AWT-EventQueue-0]->org.mariadb.jdbc.util.log.Slf4JLogger->debug := execute query: SHOW CREATE TABLE `ProgramaFormacion`
08:00:20 DEBUG [AWT-EventQueue-0]->org.mariadb.jdbc.util.log.Slf4JLogger->debug := execute query: SELECT TABLE_SCHEMA TABLE_CAT, NULL  TABLE_SCHEM,  TABLE_NAME, IF(TABLE_TYPE='BASE TABLE' or TABLE_TYPE='SYSTEM VERSIONED', 'TABLE', IF(TABLE_TYPE='TEMPORARY', 'LOCAL TEMPORARY', TABLE_TYPE)) as TABLE_TYPE, TABLE_COMMENT REMARKS, NULL TYPE_CAT, NULL TYPE_SCHEM, NULL TYPE_NAME, NULL SELF_REFERENCING_COL_NAME,  NULL REF_GENERATION FROM INFORMATION_SCHEMA.TABLES WHERE TABLE_SCHEMA='edext' AND TABLE_NAME='ProgramaFormacion' AND  TABLE_TYPE IN ('BASE TABLE','SYSTEM VERSIONED','VIEW') ORDER BY TABLE_TYPE, TABLE_SCHEMA, TABLE_NAME
08:00:20 DEBUG [AWT-EventQueue-0]->org.mariadb.jdbc.util.log.Slf4JLogger->debug := execute query: select * from `edext`.`ProgramaFormacion` where 1=0
08:00:20 DEBUG [AWT-EventQueue-0]->org.mariadb.jdbc.util.log.Slf4JLogger->debug := execute query: SELECT TABLE_SCHEMA TABLE_CAT, NULL  TABLE_SCHEM,  TABLE_NAME, IF(TABLE_TYPE='BASE TABLE' or TABLE_TYPE='SYSTEM VERSIONED', 'TABLE', IF(TABLE_TYPE='TEMPORARY', 'LOCAL TEMPORARY', TABLE_TYPE)) as TABLE_TYPE, TABLE_COMMENT REMARKS, NULL TYPE_CAT, NULL TYPE_SCHEM, NULL TYPE_NAME, NULL SELF_REFERENCING_COL_NAME,  NULL REF_GENERATION FROM INFORMATION_SCHEMA.TABLES WHERE TABLE_SCHEMA='edext' AND TABLE_NAME='Usuario' AND  TABLE_TYPE IN ('BASE TABLE','SYSTEM VERSIONED','VIEW') ORDER BY TABLE_TYPE, TABLE_SCHEMA, TABLE_NAME
08:00:20 DEBUG [AWT-EventQueue-0]->org.mariadb.jdbc.util.log.Slf4JLogger->debug := execute query: select * from `edext`.`Usuario` where 1=0
08:00:20 DEBUG [AWT-EventQueue-0]->org.mariadb.jdbc.util.log.Slf4JLogger->debug := execute query: SHOW CREATE TABLE `edext`.`Integra`
08:00:20 DEBUG [AWT-EventQueue-0]->org.mariadb.jdbc.util.log.Slf4JLogger->debug := execute query: SHOW CREATE TABLE `ProgramaFormacion`
08:00:20 DEBUG [AWT-EventQueue-0]->org.mariadb.jdbc.util.log.Slf4JLogger->debug := execute query: SHOW CREATE TABLE `Curso`
08:00:20 DEBUG [AWT-EventQueue-0]->org.mariadb.jdbc.util.log.Slf4JLogger->debug := execute query: SELECT TABLE_SCHEMA TABLE_CAT, NULL  TABLE_SCHEM,  TABLE_NAME, IF(TABLE_TYPE='BASE TABLE' or TABLE_TYPE='SYSTEM VERSIONED', 'TABLE', IF(TABLE_TYPE='TEMPORARY', 'LOCAL TEMPORARY', TABLE_TYPE)) as TABLE_TYPE, TABLE_COMMENT REMARKS, NULL TYPE_CAT, NULL TYPE_SCHEM, NULL TYPE_NAME, NULL SELF_REFERENCING_COL_NAME,  NULL REF_GENERATION FROM INFORMATION_SCHEMA.TABLES WHERE TABLE_SCHEMA='edext' AND TABLE_NAME='Curso' AND  TABLE_TYPE IN ('BASE TABLE','SYSTEM VERSIONED','VIEW') ORDER BY TABLE_TYPE, TABLE_SCHEMA, TABLE_NAME
08:00:20 DEBUG [AWT-EventQueue-0]->org.mariadb.jdbc.util.log.Slf4JLogger->debug := execute query: select * from `edext`.`Curso` where 1=0
08:00:20 DEBUG [AWT-EventQueue-0]->org.mariadb.jdbc.util.log.Slf4JLogger->debug := execute query: SELECT TABLE_SCHEMA TABLE_CAT, NULL  TABLE_SCHEM,  TABLE_NAME, IF(TABLE_TYPE='BASE TABLE' or TABLE_TYPE='SYSTEM VERSIONED', 'TABLE', IF(TABLE_TYPE='TEMPORARY', 'LOCAL TEMPORARY', TABLE_TYPE)) as TABLE_TYPE, TABLE_COMMENT REMARKS, NULL TYPE_CAT, NULL TYPE_SCHEM, NULL TYPE_NAME, NULL SELF_REFERENCING_COL_NAME,  NULL REF_GENERATION FROM INFORMATION_SCHEMA.TABLES WHERE TABLE_SCHEMA='edext' AND TABLE_NAME='ProgramaFormacion' AND  TABLE_TYPE IN ('BASE TABLE','SYSTEM VERSIONED','VIEW') ORDER BY TABLE_TYPE, TABLE_SCHEMA, TABLE_NAME
08:00:20 DEBUG [AWT-EventQueue-0]->org.mariadb.jdbc.util.log.Slf4JLogger->debug := execute query: select * from `edext`.`ProgramaFormacion` where 1=0
08:00:20 DEBUG [AWT-EventQueue-0]->org.mariadb.jdbc.util.log.Slf4JLogger->debug := execute query: SHOW CREATE TABLE `edext`.`Organiza`
08:00:20 DEBUG [AWT-EventQueue-0]->org.mariadb.jdbc.util.log.Slf4JLogger->debug := execute query: SHOW CREATE TABLE `Edicion`
08:00:20 DEBUG [AWT-EventQueue-0]->org.mariadb.jdbc.util.log.Slf4JLogger->debug := execute query: SHOW CREATE TABLE `Usuario`
08:00:20 DEBUG [AWT-EventQueue-0]->org.mariadb.jdbc.util.log.Slf4JLogger->debug := execute query: SELECT TABLE_SCHEMA TABLE_CAT, NULL  TABLE_SCHEM,  TABLE_NAME, IF(TABLE_TYPE='BASE TABLE' or TABLE_TYPE='SYSTEM VERSIONED', 'TABLE', IF(TABLE_TYPE='TEMPORARY', 'LOCAL TEMPORARY', TABLE_TYPE)) as TABLE_TYPE, TABLE_COMMENT REMARKS, NULL TYPE_CAT, NULL TYPE_SCHEM, NULL TYPE_NAME, NULL SELF_REFERENCING_COL_NAME,  NULL REF_GENERATION FROM INFORMATION_SCHEMA.TABLES WHERE TABLE_SCHEMA='edext' AND TABLE_NAME='Edicion' AND  TABLE_TYPE IN ('BASE TABLE','SYSTEM VERSIONED','VIEW') ORDER BY TABLE_TYPE, TABLE_SCHEMA, TABLE_NAME
08:00:20 DEBUG [AWT-EventQueue-0]->org.mariadb.jdbc.util.log.Slf4JLogger->debug := execute query: select * from `edext`.`Edicion` where 1=0
08:00:20 DEBUG [AWT-EventQueue-0]->org.mariadb.jdbc.util.log.Slf4JLogger->debug := execute query: SELECT TABLE_SCHEMA TABLE_CAT, NULL  TABLE_SCHEM,  TABLE_NAME, IF(TABLE_TYPE='BASE TABLE' or TABLE_TYPE='SYSTEM VERSIONED', 'TABLE', IF(TABLE_TYPE='TEMPORARY', 'LOCAL TEMPORARY', TABLE_TYPE)) as TABLE_TYPE, TABLE_COMMENT REMARKS, NULL TYPE_CAT, NULL TYPE_SCHEM, NULL TYPE_NAME, NULL SELF_REFERENCING_COL_NAME,  NULL REF_GENERATION FROM INFORMATION_SCHEMA.TABLES WHERE TABLE_SCHEMA='edext' AND TABLE_NAME='Usuario' AND  TABLE_TYPE IN ('BASE TABLE','SYSTEM VERSIONED','VIEW') ORDER BY TABLE_TYPE, TABLE_SCHEMA, TABLE_NAME
08:00:20 DEBUG [AWT-EventQueue-0]->org.mariadb.jdbc.util.log.Slf4JLogger->debug := execute query: select * from `edext`.`Usuario` where 1=0
08:00:20 DEBUG [AWT-EventQueue-0]->org.mariadb.jdbc.util.log.Slf4JLogger->debug := execute query: SHOW CREATE TABLE `edext`.`Pertenece`
08:00:20 DEBUG [AWT-EventQueue-0]->org.mariadb.jdbc.util.log.Slf4JLogger->debug := execute query: SHOW CREATE TABLE `Usuario`
08:00:20 DEBUG [AWT-EventQueue-0]->org.mariadb.jdbc.util.log.Slf4JLogger->debug := execute query: SHOW CREATE TABLE `Instituto`
08:00:20 DEBUG [AWT-EventQueue-0]->org.mariadb.jdbc.util.log.Slf4JLogger->debug := execute query: SELECT TABLE_SCHEMA TABLE_CAT, NULL  TABLE_SCHEM,  TABLE_NAME, IF(TABLE_TYPE='BASE TABLE' or TABLE_TYPE='SYSTEM VERSIONED', 'TABLE', IF(TABLE_TYPE='TEMPORARY', 'LOCAL TEMPORARY', TABLE_TYPE)) as TABLE_TYPE, TABLE_COMMENT REMARKS, NULL TYPE_CAT, NULL TYPE_SCHEM, NULL TYPE_NAME, NULL SELF_REFERENCING_COL_NAME,  NULL REF_GENERATION FROM INFORMATION_SCHEMA.TABLES WHERE TABLE_SCHEMA='edext' AND TABLE_NAME='Instituto' AND  TABLE_TYPE IN ('BASE TABLE','SYSTEM VERSIONED','VIEW') ORDER BY TABLE_TYPE, TABLE_SCHEMA, TABLE_NAME
08:00:20 DEBUG [AWT-EventQueue-0]->org.mariadb.jdbc.util.log.Slf4JLogger->debug := execute query: select * from `edext`.`Instituto` where 1=0
08:00:20 DEBUG [AWT-EventQueue-0]->org.mariadb.jdbc.util.log.Slf4JLogger->debug := execute query: SELECT TABLE_SCHEMA TABLE_CAT, NULL  TABLE_SCHEM,  TABLE_NAME, IF(TABLE_TYPE='BASE TABLE' or TABLE_TYPE='SYSTEM VERSIONED', 'TABLE', IF(TABLE_TYPE='TEMPORARY', 'LOCAL TEMPORARY', TABLE_TYPE)) as TABLE_TYPE, TABLE_COMMENT REMARKS, NULL TYPE_CAT, NULL TYPE_SCHEM, NULL TYPE_NAME, NULL SELF_REFERENCING_COL_NAME,  NULL REF_GENERATION FROM INFORMATION_SCHEMA.TABLES WHERE TABLE_SCHEMA='edext' AND TABLE_NAME='Usuario' AND  TABLE_TYPE IN ('BASE TABLE','SYSTEM VERSIONED','VIEW') ORDER BY TABLE_TYPE, TABLE_SCHEMA, TABLE_NAME
08:00:20 DEBUG [AWT-EventQueue-0]->org.mariadb.jdbc.util.log.Slf4JLogger->debug := execute query: select * from `edext`.`Usuario` where 1=0
08:00:20 DEBUG [AWT-EventQueue-0]->org.mariadb.jdbc.util.log.Slf4JLogger->debug := execute query: SHOW CREATE TABLE `edext`.`Previas`
08:00:20 DEBUG [AWT-EventQueue-0]->org.mariadb.jdbc.util.log.Slf4JLogger->debug := execute query: SHOW CREATE TABLE `Curso`
08:00:20 DEBUG [AWT-EventQueue-0]->org.mariadb.jdbc.util.log.Slf4JLogger->debug := execute query: SHOW CREATE TABLE `Curso`
08:00:20 DEBUG [AWT-EventQueue-0]->org.mariadb.jdbc.util.log.Slf4JLogger->debug := execute query: SELECT TABLE_SCHEMA TABLE_CAT, NULL  TABLE_SCHEM,  TABLE_NAME, IF(TABLE_TYPE='BASE TABLE' or TABLE_TYPE='SYSTEM VERSIONED', 'TABLE', IF(TABLE_TYPE='TEMPORARY', 'LOCAL TEMPORARY', TABLE_TYPE)) as TABLE_TYPE, TABLE_COMMENT REMARKS, NULL TYPE_CAT, NULL TYPE_SCHEM, NULL TYPE_NAME, NULL SELF_REFERENCING_COL_NAME,  NULL REF_GENERATION FROM INFORMATION_SCHEMA.TABLES WHERE TABLE_SCHEMA='edext' AND TABLE_NAME='Curso' AND  TABLE_TYPE IN ('BASE TABLE','SYSTEM VERSIONED','VIEW') ORDER BY TABLE_TYPE, TABLE_SCHEMA, TABLE_NAME
08:00:20 DEBUG [AWT-EventQueue-0]->org.mariadb.jdbc.util.log.Slf4JLogger->debug := execute query: select * from `edext`.`Curso` where 1=0
08:00:20 DEBUG [AWT-EventQueue-0]->org.mariadb.jdbc.util.log.Slf4JLogger->debug := execute query: SELECT TABLE_SCHEMA TABLE_CAT, NULL  TABLE_SCHEM,  TABLE_NAME, IF(TABLE_TYPE='BASE TABLE' or TABLE_TYPE='SYSTEM VERSIONED', 'TABLE', IF(TABLE_TYPE='TEMPORARY', 'LOCAL TEMPORARY', TABLE_TYPE)) as TABLE_TYPE, TABLE_COMMENT REMARKS, NULL TYPE_CAT, NULL TYPE_SCHEM, NULL TYPE_NAME, NULL SELF_REFERENCING_COL_NAME,  NULL REF_GENERATION FROM INFORMATION_SCHEMA.TABLES WHERE TABLE_SCHEMA='edext' AND TABLE_NAME='Curso' AND  TABLE_TYPE IN ('BASE TABLE','SYSTEM VERSIONED','VIEW') ORDER BY TABLE_TYPE, TABLE_SCHEMA, TABLE_NAME
08:00:20 DEBUG [AWT-EventQueue-0]->org.mariadb.jdbc.util.log.Slf4JLogger->debug := execute query: select * from `edext`.`Curso` where 1=0
08:00:20 DEBUG [AWT-EventQueue-0]->org.mariadb.jdbc.util.log.Slf4JLogger->debug := execute query: set autocommit=0
08:00:20 DEBUG [AWT-EventQueue-0]->org.mariadb.jdbc.util.log.Slf4JLogger->debug := System variable change:  autocommit = OFF
08:00:20 DEBUG [AWT-EventQueue-0]->org.mariadb.jdbc.util.log.Slf4JLogger->debug := execute query: set autocommit=1
08:00:20 DEBUG [AWT-EventQueue-0]->org.mariadb.jdbc.util.log.Slf4JLogger->debug := System variable change:  autocommit = ON
08:00:20 DEBUG [AWT-EventQueue-0]->org.mariadb.jdbc.util.log.Slf4JLogger->debug := execute query: set autocommit=0
08:00:20 DEBUG [AWT-EventQueue-0]->org.mariadb.jdbc.util.log.Slf4JLogger->debug := System variable change:  autocommit = OFF
08:00:20 DEBUG [AWT-EventQueue-0]->org.mariadb.jdbc.util.log.Slf4JLogger->debug := execute query: select i1_0.nombre from Instituto i1_0
08:00:20 DEBUG [AWT-EventQueue-0]->org.mariadb.jdbc.util.log.Slf4JLogger->debug := execute query: set autocommit=1
08:00:20 DEBUG [AWT-EventQueue-0]->org.mariadb.jdbc.util.log.Slf4JLogger->debug := System variable change:  autocommit = ON
08:01:55 DEBUG [AWT-EventQueue-0]->org.mariadb.jdbc.util.log.Slf4JLogger->debug := execute query: CREATE DATABASE IF NOT EXISTS `edext`
08:01:55 DEBUG [AWT-EventQueue-0]->org.mariadb.jdbc.util.log.Slf4JLogger->debug := execute query: USE `edext`
08:01:55 DEBUG [AWT-EventQueue-0]->org.mariadb.jdbc.util.log.Slf4JLogger->debug := execute query: SET NAMES utf8mb4
08:01:55 DEBUG [AWT-EventQueue-0]->org.mariadb.jdbc.util.log.Slf4JLogger->debug := Database change: is 'edext'
08:01:55 DEBUG [AWT-EventQueue-0]->org.mariadb.jdbc.util.log.Slf4JLogger->debug := System variable change:  character_set_connection = utf8mb4
08:01:55 DEBUG [AWT-EventQueue-0]->org.mariadb.jdbc.util.log.Slf4JLogger->debug := System variable change:  character_set_client = utf8mb4
08:01:55 DEBUG [AWT-EventQueue-0]->org.mariadb.jdbc.util.log.Slf4JLogger->debug := System variable change:  character_set_results = utf8mb4
08:01:55 DEBUG [AWT-EventQueue-0]->org.mariadb.jdbc.util.log.Slf4JLogger->debug := execute query: set autocommit=0
08:01:55 DEBUG [AWT-EventQueue-0]->org.mariadb.jdbc.util.log.Slf4JLogger->debug := System variable change:  autocommit = OFF
08:01:55 DEBUG [AWT-EventQueue-0]->org.mariadb.jdbc.util.log.Slf4JLogger->debug := execute query: SELECT @@character_set_database, @@sql_mode
08:01:55 DEBUG [AWT-EventQueue-0]->org.mariadb.jdbc.util.log.Slf4JLogger->debug := execute query: select @@lower_case_table_names
08:01:55 DEBUG [AWT-EventQueue-0]->org.mariadb.jdbc.util.log.Slf4JLogger->debug := execute query: set autocommit=1
08:01:55 DEBUG [AWT-EventQueue-0]->org.mariadb.jdbc.util.log.Slf4JLogger->debug := System variable change:  autocommit = ON
08:01:57 DEBUG [AWT-EventQueue-0]->org.mariadb.jdbc.util.log.Slf4JLogger->debug := execute query: set autocommit=0
08:01:57 DEBUG [AWT-EventQueue-0]->org.mariadb.jdbc.util.log.Slf4JLogger->debug := System variable change:  autocommit = OFF
08:01:57 DEBUG [AWT-EventQueue-0]->org.mariadb.jdbc.util.log.Slf4JLogger->debug := execute query: set autocommit=1
08:01:57 DEBUG [AWT-EventQueue-0]->org.mariadb.jdbc.util.log.Slf4JLogger->debug := System variable change:  autocommit = ON
08:01:57 DEBUG [AWT-EventQueue-0]->org.mariadb.jdbc.util.log.Slf4JLogger->debug := execute query: select table_name from information_schema.TABLES where table_schema=database() and table_type='SEQUENCE'
08:01:57 DEBUG [AWT-EventQueue-0]->org.mariadb.jdbc.util.log.Slf4JLogger->debug := execute query: SELECT TABLE_SCHEMA TABLE_CAT, NULL  TABLE_SCHEM,  TABLE_NAME, IF(TABLE_TYPE='BASE TABLE' or TABLE_TYPE='SYSTEM VERSIONED', 'TABLE', IF(TABLE_TYPE='TEMPORARY', 'LOCAL TEMPORARY', TABLE_TYPE)) as TABLE_TYPE, TABLE_COMMENT REMARKS, NULL TYPE_CAT, NULL TYPE_SCHEM, NULL TYPE_NAME, NULL SELF_REFERENCING_COL_NAME,  NULL REF_GENERATION FROM INFORMATION_SCHEMA.TABLES WHERE TABLE_SCHEMA='edext' AND  TABLE_TYPE IN ('BASE TABLE','SYSTEM VERSIONED','VIEW') ORDER BY TABLE_TYPE, TABLE_SCHEMA, TABLE_NAME
08:01:57 DEBUG [AWT-EventQueue-0]->org.mariadb.jdbc.util.log.Slf4JLogger->debug := execute query: SELECT TABLE_SCHEMA TABLE_CAT, NULL TABLE_SCHEM, TABLE_NAME, COLUMN_NAME, CASE data_type WHEN 'bit' THEN -7 WHEN 'tinyblob' THEN -3 WHEN 'mediumblob' THEN -4 WHEN 'longblob' THEN -4 WHEN 'blob' THEN -4 WHEN 'tinytext' THEN 12 WHEN 'mediumtext' THEN -1 WHEN 'longtext' THEN -1 WHEN 'text' THEN -1 WHEN 'date' THEN 91 WHEN 'datetime' THEN 93 WHEN 'decimal' THEN 3 WHEN 'double' THEN 8 WHEN 'enum' THEN 12 WHEN 'float' THEN 7 WHEN 'int' THEN IF( COLUMN_TYPE like '%unsigned%', 4,4) WHEN 'bigint' THEN -5 WHEN 'mediumint' THEN 4 WHEN 'null' THEN 0 WHEN 'set' THEN 12 WHEN 'smallint' THEN IF( COLUMN_TYPE like '%unsigned%', 5,5) WHEN 'varchar' THEN 12 WHEN 'varbinary' THEN -3 WHEN 'char' THEN 1 WHEN 'binary' THEN -2 WHEN 'time' THEN 92 WHEN 'timestamp' THEN 93 WHEN 'tinyint' THEN IF(COLUMN_TYPE like 'tinyint(1)%',16,-6)  WHEN 'year' THEN 91 ELSE 1111 END  DATA_TYPE, IF(COLUMN_TYPE like 'tinyint(1)%', 'BOOLEAN',  UCASE(IF( COLUMN_TYPE LIKE '%(%)%', CONCAT(SUBSTRING( COLUMN_TYPE,1, LOCATE('(',COLUMN_TYPE) - 1 ), SUBSTRING(COLUMN_TYPE ,1+locate(')', COLUMN_TYPE))), COLUMN_TYPE))) TYPE_NAME, CASE DATA_TYPE WHEN 'date' THEN 10  WHEN 'time' THEN IF(DATETIME_PRECISION = 0, 10, CAST(11 + DATETIME_PRECISION as signed integer))  WHEN 'datetime' THEN IF(DATETIME_PRECISION = 0, 19, CAST(20 + DATETIME_PRECISION as signed integer))  WHEN 'timestamp' THEN IF(DATETIME_PRECISION = 0, 19, CAST(20 + DATETIME_PRECISION as signed integer))  ELSE   IF(NUMERIC_PRECISION IS NULL, LEAST(CHARACTER_MAXIMUM_LENGTH,2147483647), NUMERIC_PRECISION)  END COLUMN_SIZE, 65535 BUFFER_LENGTH,  CONVERT (CASE DATA_TYPE WHEN 'year' THEN NUMERIC_SCALE WHEN 'tinyint' THEN 0 ELSE NUMERIC_SCALE END, UNSIGNED INTEGER) DECIMAL_DIGITS, 10 NUM_PREC_RADIX, IF(IS_NULLABLE = 'yes',1,0) NULLABLE,COLUMN_COMMENT REMARKS, COLUMN_DEFAULT COLUMN_DEF, 0 SQL_DATA_TYPE, 0 SQL_DATETIME_SUB,   LEAST(CHARACTER_OCTET_LENGTH,2147483647) CHAR_OCTET_LENGTH, ORDINAL_POSITION, IS_NULLABLE, NULL SCOPE_CATALOG, NULL SCOPE_SCHEMA, NULL SCOPE_TABLE, NULL SOURCE_DATA_TYPE, IF(EXTRA = 'auto_increment','YES','NO') IS_AUTOINCREMENT,  IF(EXTRA in ('VIRTUAL', 'PERSISTENT', 'VIRTUAL GENERATED', 'STORED GENERATED') ,'YES','NO') IS_GENERATEDCOLUMN  FROM INFORMATION_SCHEMA.COLUMNS WHERE TABLE_SCHEMA='edext' ORDER BY TABLE_CAT, TABLE_SCHEM, TABLE_NAME, ORDINAL_POSITION
08:01:57 DEBUG [AWT-EventQueue-0]->org.mariadb.jdbc.util.log.Slf4JLogger->debug := execute query: SHOW CREATE TABLE `edext`.`Curso`
08:01:57 DEBUG [AWT-EventQueue-0]->org.mariadb.jdbc.util.log.Slf4JLogger->debug := execute query: SHOW CREATE TABLE `Instituto`
08:01:57 DEBUG [AWT-EventQueue-0]->org.mariadb.jdbc.util.log.Slf4JLogger->debug := execute query: SELECT TABLE_SCHEMA TABLE_CAT, NULL  TABLE_SCHEM,  TABLE_NAME, IF(TABLE_TYPE='BASE TABLE' or TABLE_TYPE='SYSTEM VERSIONED', 'TABLE', IF(TABLE_TYPE='TEMPORARY', 'LOCAL TEMPORARY', TABLE_TYPE)) as TABLE_TYPE, TABLE_COMMENT REMARKS, NULL TYPE_CAT, NULL TYPE_SCHEM, NULL TYPE_NAME, NULL SELF_REFERENCING_COL_NAME,  NULL REF_GENERATION FROM INFORMATION_SCHEMA.TABLES WHERE TABLE_SCHEMA='edext' AND TABLE_NAME='Instituto' AND  TABLE_TYPE IN ('BASE TABLE','SYSTEM VERSIONED','VIEW') ORDER BY TABLE_TYPE, TABLE_SCHEMA, TABLE_NAME
08:01:57 DEBUG [AWT-EventQueue-0]->org.mariadb.jdbc.util.log.Slf4JLogger->debug := execute query: select * from `edext`.`Instituto` where 1=0
08:01:57 DEBUG [AWT-EventQueue-0]->org.mariadb.jdbc.util.log.Slf4JLogger->debug := execute query: SHOW CREATE TABLE `edext`.`Edicion`
08:01:57 DEBUG [AWT-EventQueue-0]->org.mariadb.jdbc.util.log.Slf4JLogger->debug := execute query: SHOW CREATE TABLE `Curso`
08:01:57 DEBUG [AWT-EventQueue-0]->org.mariadb.jdbc.util.log.Slf4JLogger->debug := execute query: SELECT TABLE_SCHEMA TABLE_CAT, NULL  TABLE_SCHEM,  TABLE_NAME, IF(TABLE_TYPE='BASE TABLE' or TABLE_TYPE='SYSTEM VERSIONED', 'TABLE', IF(TABLE_TYPE='TEMPORARY', 'LOCAL TEMPORARY', TABLE_TYPE)) as TABLE_TYPE, TABLE_COMMENT REMARKS, NULL TYPE_CAT, NULL TYPE_SCHEM, NULL TYPE_NAME, NULL SELF_REFERENCING_COL_NAME,  NULL REF_GENERATION FROM INFORMATION_SCHEMA.TABLES WHERE TABLE_SCHEMA='edext' AND TABLE_NAME='Curso' AND  TABLE_TYPE IN ('BASE TABLE','SYSTEM VERSIONED','VIEW') ORDER BY TABLE_TYPE, TABLE_SCHEMA, TABLE_NAME
08:01:57 DEBUG [AWT-EventQueue-0]->org.mariadb.jdbc.util.log.Slf4JLogger->debug := execute query: select * from `edext`.`Curso` where 1=0
08:01:57 DEBUG [AWT-EventQueue-0]->org.mariadb.jdbc.util.log.Slf4JLogger->debug := execute query: SHOW CREATE TABLE `edext`.`InscripcionEdicion`
08:01:57 DEBUG [AWT-EventQueue-0]->org.mariadb.jdbc.util.log.Slf4JLogger->debug := execute query: SHOW CREATE TABLE `Edicion`
08:01:57 DEBUG [AWT-EventQueue-0]->org.mariadb.jdbc.util.log.Slf4JLogger->debug := execute query: SHOW CREATE TABLE `Usuario`
08:01:57 DEBUG [AWT-EventQueue-0]->org.mariadb.jdbc.util.log.Slf4JLogger->debug := execute query: SELECT TABLE_SCHEMA TABLE_CAT, NULL  TABLE_SCHEM,  TABLE_NAME, IF(TABLE_TYPE='BASE TABLE' or TABLE_TYPE='SYSTEM VERSIONED', 'TABLE', IF(TABLE_TYPE='TEMPORARY', 'LOCAL TEMPORARY', TABLE_TYPE)) as TABLE_TYPE, TABLE_COMMENT REMARKS, NULL TYPE_CAT, NULL TYPE_SCHEM, NULL TYPE_NAME, NULL SELF_REFERENCING_COL_NAME,  NULL REF_GENERATION FROM INFORMATION_SCHEMA.TABLES WHERE TABLE_SCHEMA='edext' AND TABLE_NAME='Edicion' AND  TABLE_TYPE IN ('BASE TABLE','SYSTEM VERSIONED','VIEW') ORDER BY TABLE_TYPE, TABLE_SCHEMA, TABLE_NAME
08:01:57 DEBUG [AWT-EventQueue-0]->org.mariadb.jdbc.util.log.Slf4JLogger->debug := execute query: select * from `edext`.`Edicion` where 1=0
08:01:57 DEBUG [AWT-EventQueue-0]->org.mariadb.jdbc.util.log.Slf4JLogger->debug := execute query: SELECT TABLE_SCHEMA TABLE_CAT, NULL  TABLE_SCHEM,  TABLE_NAME, IF(TABLE_TYPE='BASE TABLE' or TABLE_TYPE='SYSTEM VERSIONED', 'TABLE', IF(TABLE_TYPE='TEMPORARY', 'LOCAL TEMPORARY', TABLE_TYPE)) as TABLE_TYPE, TABLE_COMMENT REMARKS, NULL TYPE_CAT, NULL TYPE_SCHEM, NULL TYPE_NAME, NULL SELF_REFERENCING_COL_NAME,  NULL REF_GENERATION FROM INFORMATION_SCHEMA.TABLES WHERE TABLE_SCHEMA='edext' AND TABLE_NAME='Usuario' AND  TABLE_TYPE IN ('BASE TABLE','SYSTEM VERSIONED','VIEW') ORDER BY TABLE_TYPE, TABLE_SCHEMA, TABLE_NAME
08:01:57 DEBUG [AWT-EventQueue-0]->org.mariadb.jdbc.util.log.Slf4JLogger->debug := execute query: select * from `edext`.`Usuario` where 1=0
08:01:57 DEBUG [AWT-EventQueue-0]->org.mariadb.jdbc.util.log.Slf4JLogger->debug := execute query: SHOW CREATE TABLE `edext`.`InscripcionPrograma`
08:01:57 DEBUG [AWT-EventQueue-0]->org.mariadb.jdbc.util.log.Slf4JLogger->debug := execute query: SHOW CREATE TABLE `Usuario`
08:01:57 DEBUG [AWT-EventQueue-0]->org.mariadb.jdbc.util.log.Slf4JLogger->debug := execute query: SHOW CREATE TABLE `ProgramaFormacion`
08:01:57 DEBUG [AWT-EventQueue-0]->org.mariadb.jdbc.util.log.Slf4JLogger->debug := execute query: SELECT TABLE_SCHEMA TABLE_CAT, NULL  TABLE_SCHEM,  TABLE_NAME, IF(TABLE_TYPE='BASE TABLE' or TABLE_TYPE='SYSTEM VERSIONED', 'TABLE', IF(TABLE_TYPE='TEMPORARY', 'LOCAL TEMPORARY', TABLE_TYPE)) as TABLE_TYPE, TABLE_COMMENT REMARKS, NULL TYPE_CAT, NULL TYPE_SCHEM, NULL TYPE_NAME, NULL SELF_REFERENCING_COL_NAME,  NULL REF_GENERATION FROM INFORMATION_SCHEMA.TABLES WHERE TABLE_SCHEMA='edext' AND TABLE_NAME='ProgramaFormacion' AND  TABLE_TYPE IN ('BASE TABLE','SYSTEM VERSIONED','VIEW') ORDER BY TABLE_TYPE, TABLE_SCHEMA, TABLE_NAME
08:01:57 DEBUG [AWT-EventQueue-0]->org.mariadb.jdbc.util.log.Slf4JLogger->debug := execute query: select * from `edext`.`ProgramaFormacion` where 1=0
08:01:57 DEBUG [AWT-EventQueue-0]->org.mariadb.jdbc.util.log.Slf4JLogger->debug := execute query: SELECT TABLE_SCHEMA TABLE_CAT, NULL  TABLE_SCHEM,  TABLE_NAME, IF(TABLE_TYPE='BASE TABLE' or TABLE_TYPE='SYSTEM VERSIONED', 'TABLE', IF(TABLE_TYPE='TEMPORARY', 'LOCAL TEMPORARY', TABLE_TYPE)) as TABLE_TYPE, TABLE_COMMENT REMARKS, NULL TYPE_CAT, NULL TYPE_SCHEM, NULL TYPE_NAME, NULL SELF_REFERENCING_COL_NAME,  NULL REF_GENERATION FROM INFORMATION_SCHEMA.TABLES WHERE TABLE_SCHEMA='edext' AND TABLE_NAME='Usuario' AND  TABLE_TYPE IN ('BASE TABLE','SYSTEM VERSIONED','VIEW') ORDER BY TABLE_TYPE, TABLE_SCHEMA, TABLE_NAME
08:01:57 DEBUG [AWT-EventQueue-0]->org.mariadb.jdbc.util.log.Slf4JLogger->debug := execute query: select * from `edext`.`Usuario` where 1=0
08:01:57 DEBUG [AWT-EventQueue-0]->org.mariadb.jdbc.util.log.Slf4JLogger->debug := execute query: SHOW CREATE TABLE `edext`.`Integra`
08:01:57 DEBUG [AWT-EventQueue-0]->org.mariadb.jdbc.util.log.Slf4JLogger->debug := execute query: SHOW CREATE TABLE `ProgramaFormacion`
08:01:57 DEBUG [AWT-EventQueue-0]->org.mariadb.jdbc.util.log.Slf4JLogger->debug := execute query: SHOW CREATE TABLE `Curso`
08:01:57 DEBUG [AWT-EventQueue-0]->org.mariadb.jdbc.util.log.Slf4JLogger->debug := execute query: SELECT TABLE_SCHEMA TABLE_CAT, NULL  TABLE_SCHEM,  TABLE_NAME, IF(TABLE_TYPE='BASE TABLE' or TABLE_TYPE='SYSTEM VERSIONED', 'TABLE', IF(TABLE_TYPE='TEMPORARY', 'LOCAL TEMPORARY', TABLE_TYPE)) as TABLE_TYPE, TABLE_COMMENT REMARKS, NULL TYPE_CAT, NULL TYPE_SCHEM, NULL TYPE_NAME, NULL SELF_REFERENCING_COL_NAME,  NULL REF_GENERATION FROM INFORMATION_SCHEMA.TABLES WHERE TABLE_SCHEMA='edext' AND TABLE_NAME='Curso' AND  TABLE_TYPE IN ('BASE TABLE','SYSTEM VERSIONED','VIEW') ORDER BY TABLE_TYPE, TABLE_SCHEMA, TABLE_NAME
08:01:57 DEBUG [AWT-EventQueue-0]->org.mariadb.jdbc.util.log.Slf4JLogger->debug := execute query: select * from `edext`.`Curso` where 1=0
08:01:57 DEBUG [AWT-EventQueue-0]->org.mariadb.jdbc.util.log.Slf4JLogger->debug := execute query: SELECT TABLE_SCHEMA TABLE_CAT, NULL  TABLE_SCHEM,  TABLE_NAME, IF(TABLE_TYPE='BASE TABLE' or TABLE_TYPE='SYSTEM VERSIONED', 'TABLE', IF(TABLE_TYPE='TEMPORARY', 'LOCAL TEMPORARY', TABLE_TYPE)) as TABLE_TYPE, TABLE_COMMENT REMARKS, NULL TYPE_CAT, NULL TYPE_SCHEM, NULL TYPE_NAME, NULL SELF_REFERENCING_COL_NAME,  NULL REF_GENERATION FROM INFORMATION_SCHEMA.TABLES WHERE TABLE_SCHEMA='edext' AND TABLE_NAME='ProgramaFormacion' AND  TABLE_TYPE IN ('BASE TABLE','SYSTEM VERSIONED','VIEW') ORDER BY TABLE_TYPE, TABLE_SCHEMA, TABLE_NAME
08:01:57 DEBUG [AWT-EventQueue-0]->org.mariadb.jdbc.util.log.Slf4JLogger->debug := execute query: select * from `edext`.`ProgramaFormacion` where 1=0
08:01:57 DEBUG [AWT-EventQueue-0]->org.mariadb.jdbc.util.log.Slf4JLogger->debug := execute query: SHOW CREATE TABLE `edext`.`Organiza`
08:01:57 DEBUG [AWT-EventQueue-0]->org.mariadb.jdbc.util.log.Slf4JLogger->debug := execute query: SHOW CREATE TABLE `Edicion`
08:01:57 DEBUG [AWT-EventQueue-0]->org.mariadb.jdbc.util.log.Slf4JLogger->debug := execute query: SHOW CREATE TABLE `Usuario`
08:01:57 DEBUG [AWT-EventQueue-0]->org.mariadb.jdbc.util.log.Slf4JLogger->debug := execute query: SELECT TABLE_SCHEMA TABLE_CAT, NULL  TABLE_SCHEM,  TABLE_NAME, IF(TABLE_TYPE='BASE TABLE' or TABLE_TYPE='SYSTEM VERSIONED', 'TABLE', IF(TABLE_TYPE='TEMPORARY', 'LOCAL TEMPORARY', TABLE_TYPE)) as TABLE_TYPE, TABLE_COMMENT REMARKS, NULL TYPE_CAT, NULL TYPE_SCHEM, NULL TYPE_NAME, NULL SELF_REFERENCING_COL_NAME,  NULL REF_GENERATION FROM INFORMATION_SCHEMA.TABLES WHERE TABLE_SCHEMA='edext' AND TABLE_NAME='Edicion' AND  TABLE_TYPE IN ('BASE TABLE','SYSTEM VERSIONED','VIEW') ORDER BY TABLE_TYPE, TABLE_SCHEMA, TABLE_NAME
08:01:57 DEBUG [AWT-EventQueue-0]->org.mariadb.jdbc.util.log.Slf4JLogger->debug := execute query: select * from `edext`.`Edicion` where 1=0
08:01:57 DEBUG [AWT-EventQueue-0]->org.mariadb.jdbc.util.log.Slf4JLogger->debug := execute query: SELECT TABLE_SCHEMA TABLE_CAT, NULL  TABLE_SCHEM,  TABLE_NAME, IF(TABLE_TYPE='BASE TABLE' or TABLE_TYPE='SYSTEM VERSIONED', 'TABLE', IF(TABLE_TYPE='TEMPORARY', 'LOCAL TEMPORARY', TABLE_TYPE)) as TABLE_TYPE, TABLE_COMMENT REMARKS, NULL TYPE_CAT, NULL TYPE_SCHEM, NULL TYPE_NAME, NULL SELF_REFERENCING_COL_NAME,  NULL REF_GENERATION FROM INFORMATION_SCHEMA.TABLES WHERE TABLE_SCHEMA='edext' AND TABLE_NAME='Usuario' AND  TABLE_TYPE IN ('BASE TABLE','SYSTEM VERSIONED','VIEW') ORDER BY TABLE_TYPE, TABLE_SCHEMA, TABLE_NAME
08:01:57 DEBUG [AWT-EventQueue-0]->org.mariadb.jdbc.util.log.Slf4JLogger->debug := execute query: select * from `edext`.`Usuario` where 1=0
08:01:57 DEBUG [AWT-EventQueue-0]->org.mariadb.jdbc.util.log.Slf4JLogger->debug := execute query: SHOW CREATE TABLE `edext`.`Pertenece`
08:01:57 DEBUG [AWT-EventQueue-0]->org.mariadb.jdbc.util.log.Slf4JLogger->debug := execute query: SHOW CREATE TABLE `Usuario`
08:01:57 DEBUG [AWT-EventQueue-0]->org.mariadb.jdbc.util.log.Slf4JLogger->debug := execute query: SHOW CREATE TABLE `Instituto`
08:01:57 DEBUG [AWT-EventQueue-0]->org.mariadb.jdbc.util.log.Slf4JLogger->debug := execute query: SELECT TABLE_SCHEMA TABLE_CAT, NULL  TABLE_SCHEM,  TABLE_NAME, IF(TABLE_TYPE='BASE TABLE' or TABLE_TYPE='SYSTEM VERSIONED', 'TABLE', IF(TABLE_TYPE='TEMPORARY', 'LOCAL TEMPORARY', TABLE_TYPE)) as TABLE_TYPE, TABLE_COMMENT REMARKS, NULL TYPE_CAT, NULL TYPE_SCHEM, NULL TYPE_NAME, NULL SELF_REFERENCING_COL_NAME,  NULL REF_GENERATION FROM INFORMATION_SCHEMA.TABLES WHERE TABLE_SCHEMA='edext' AND TABLE_NAME='Instituto' AND  TABLE_TYPE IN ('BASE TABLE','SYSTEM VERSIONED','VIEW') ORDER BY TABLE_TYPE, TABLE_SCHEMA, TABLE_NAME
08:01:57 DEBUG [AWT-EventQueue-0]->org.mariadb.jdbc.util.log.Slf4JLogger->debug := execute query: select * from `edext`.`Instituto` where 1=0
08:01:57 DEBUG [AWT-EventQueue-0]->org.mariadb.jdbc.util.log.Slf4JLogger->debug := execute query: SELECT TABLE_SCHEMA TABLE_CAT, NULL  TABLE_SCHEM,  TABLE_NAME, IF(TABLE_TYPE='BASE TABLE' or TABLE_TYPE='SYSTEM VERSIONED', 'TABLE', IF(TABLE_TYPE='TEMPORARY', 'LOCAL TEMPORARY', TABLE_TYPE)) as TABLE_TYPE, TABLE_COMMENT REMARKS, NULL TYPE_CAT, NULL TYPE_SCHEM, NULL TYPE_NAME, NULL SELF_REFERENCING_COL_NAME,  NULL REF_GENERATION FROM INFORMATION_SCHEMA.TABLES WHERE TABLE_SCHEMA='edext' AND TABLE_NAME='Usuario' AND  TABLE_TYPE IN ('BASE TABLE','SYSTEM VERSIONED','VIEW') ORDER BY TABLE_TYPE, TABLE_SCHEMA, TABLE_NAME
08:01:57 DEBUG [AWT-EventQueue-0]->org.mariadb.jdbc.util.log.Slf4JLogger->debug := execute query: select * from `edext`.`Usuario` where 1=0
08:01:57 DEBUG [AWT-EventQueue-0]->org.mariadb.jdbc.util.log.Slf4JLogger->debug := execute query: SHOW CREATE TABLE `edext`.`Previas`
08:01:57 DEBUG [AWT-EventQueue-0]->org.mariadb.jdbc.util.log.Slf4JLogger->debug := execute query: SHOW CREATE TABLE `Curso`
08:01:57 DEBUG [AWT-EventQueue-0]->org.mariadb.jdbc.util.log.Slf4JLogger->debug := execute query: SHOW CREATE TABLE `Curso`
08:01:57 DEBUG [AWT-EventQueue-0]->org.mariadb.jdbc.util.log.Slf4JLogger->debug := execute query: SELECT TABLE_SCHEMA TABLE_CAT, NULL  TABLE_SCHEM,  TABLE_NAME, IF(TABLE_TYPE='BASE TABLE' or TABLE_TYPE='SYSTEM VERSIONED', 'TABLE', IF(TABLE_TYPE='TEMPORARY', 'LOCAL TEMPORARY', TABLE_TYPE)) as TABLE_TYPE, TABLE_COMMENT REMARKS, NULL TYPE_CAT, NULL TYPE_SCHEM, NULL TYPE_NAME, NULL SELF_REFERENCING_COL_NAME,  NULL REF_GENERATION FROM INFORMATION_SCHEMA.TABLES WHERE TABLE_SCHEMA='edext' AND TABLE_NAME='Curso' AND  TABLE_TYPE IN ('BASE TABLE','SYSTEM VERSIONED','VIEW') ORDER BY TABLE_TYPE, TABLE_SCHEMA, TABLE_NAME
08:01:57 DEBUG [AWT-EventQueue-0]->org.mariadb.jdbc.util.log.Slf4JLogger->debug := execute query: select * from `edext`.`Curso` where 1=0
08:01:57 DEBUG [AWT-EventQueue-0]->org.mariadb.jdbc.util.log.Slf4JLogger->debug := execute query: SELECT TABLE_SCHEMA TABLE_CAT, NULL  TABLE_SCHEM,  TABLE_NAME, IF(TABLE_TYPE='BASE TABLE' or TABLE_TYPE='SYSTEM VERSIONED', 'TABLE', IF(TABLE_TYPE='TEMPORARY', 'LOCAL TEMPORARY', TABLE_TYPE)) as TABLE_TYPE, TABLE_COMMENT REMARKS, NULL TYPE_CAT, NULL TYPE_SCHEM, NULL TYPE_NAME, NULL SELF_REFERENCING_COL_NAME,  NULL REF_GENERATION FROM INFORMATION_SCHEMA.TABLES WHERE TABLE_SCHEMA='edext' AND TABLE_NAME='Curso' AND  TABLE_TYPE IN ('BASE TABLE','SYSTEM VERSIONED','VIEW') ORDER BY TABLE_TYPE, TABLE_SCHEMA, TABLE_NAME
08:01:57 DEBUG [AWT-EventQueue-0]->org.mariadb.jdbc.util.log.Slf4JLogger->debug := execute query: select * from `edext`.`Curso` where 1=0
08:01:57 DEBUG [AWT-EventQueue-0]->org.mariadb.jdbc.util.log.Slf4JLogger->debug := execute query: set autocommit=0
08:01:57 DEBUG [AWT-EventQueue-0]->org.mariadb.jdbc.util.log.Slf4JLogger->debug := System variable change:  autocommit = OFF
08:01:57 DEBUG [AWT-EventQueue-0]->org.mariadb.jdbc.util.log.Slf4JLogger->debug := execute query: set autocommit=1
08:01:57 DEBUG [AWT-EventQueue-0]->org.mariadb.jdbc.util.log.Slf4JLogger->debug := System variable change:  autocommit = ON
08:01:58 DEBUG [AWT-EventQueue-0]->org.mariadb.jdbc.util.log.Slf4JLogger->debug := execute query: set autocommit=0
08:01:58 DEBUG [AWT-EventQueue-0]->org.mariadb.jdbc.util.log.Slf4JLogger->debug := System variable change:  autocommit = OFF
08:01:58 DEBUG [AWT-EventQueue-0]->org.mariadb.jdbc.util.log.Slf4JLogger->debug := execute query: select i1_0.nombre from Instituto i1_0
08:01:58 DEBUG [AWT-EventQueue-0]->org.mariadb.jdbc.util.log.Slf4JLogger->debug := execute query: set autocommit=1
08:01:58 DEBUG [AWT-EventQueue-0]->org.mariadb.jdbc.util.log.Slf4JLogger->debug := System variable change:  autocommit = ON
08:07:01 DEBUG [AWT-EventQueue-0]->org.mariadb.jdbc.util.log.Slf4JLogger->debug := execute query: CREATE DATABASE IF NOT EXISTS `edext`
08:07:01 DEBUG [AWT-EventQueue-0]->org.mariadb.jdbc.util.log.Slf4JLogger->debug := execute query: USE `edext`
08:07:01 DEBUG [AWT-EventQueue-0]->org.mariadb.jdbc.util.log.Slf4JLogger->debug := execute query: SET NAMES utf8mb4
08:07:01 DEBUG [AWT-EventQueue-0]->org.mariadb.jdbc.util.log.Slf4JLogger->debug := Database change: is 'edext'
08:07:01 DEBUG [AWT-EventQueue-0]->org.mariadb.jdbc.util.log.Slf4JLogger->debug := System variable change:  character_set_connection = utf8mb4
08:07:01 DEBUG [AWT-EventQueue-0]->org.mariadb.jdbc.util.log.Slf4JLogger->debug := System variable change:  character_set_client = utf8mb4
08:07:01 DEBUG [AWT-EventQueue-0]->org.mariadb.jdbc.util.log.Slf4JLogger->debug := System variable change:  character_set_results = utf8mb4
08:07:01 DEBUG [AWT-EventQueue-0]->org.mariadb.jdbc.util.log.Slf4JLogger->debug := execute query: set autocommit=0
08:07:01 DEBUG [AWT-EventQueue-0]->org.mariadb.jdbc.util.log.Slf4JLogger->debug := System variable change:  autocommit = OFF
08:07:01 DEBUG [AWT-EventQueue-0]->org.mariadb.jdbc.util.log.Slf4JLogger->debug := execute query: SELECT @@character_set_database, @@sql_mode
08:07:01 DEBUG [AWT-EventQueue-0]->org.mariadb.jdbc.util.log.Slf4JLogger->debug := execute query: select @@lower_case_table_names
08:07:01 DEBUG [AWT-EventQueue-0]->org.mariadb.jdbc.util.log.Slf4JLogger->debug := execute query: set autocommit=1
08:07:01 DEBUG [AWT-EventQueue-0]->org.mariadb.jdbc.util.log.Slf4JLogger->debug := System variable change:  autocommit = ON
08:07:03 DEBUG [AWT-EventQueue-0]->org.mariadb.jdbc.util.log.Slf4JLogger->debug := execute query: set autocommit=0
08:07:03 DEBUG [AWT-EventQueue-0]->org.mariadb.jdbc.util.log.Slf4JLogger->debug := System variable change:  autocommit = OFF
08:07:03 DEBUG [AWT-EventQueue-0]->org.mariadb.jdbc.util.log.Slf4JLogger->debug := execute query: set autocommit=1
08:07:03 DEBUG [AWT-EventQueue-0]->org.mariadb.jdbc.util.log.Slf4JLogger->debug := System variable change:  autocommit = ON
08:07:03 DEBUG [AWT-EventQueue-0]->org.mariadb.jdbc.util.log.Slf4JLogger->debug := execute query: select table_name from information_schema.TABLES where table_schema=database() and table_type='SEQUENCE'
08:07:03 DEBUG [AWT-EventQueue-0]->org.mariadb.jdbc.util.log.Slf4JLogger->debug := execute query: SELECT TABLE_SCHEMA TABLE_CAT, NULL  TABLE_SCHEM,  TABLE_NAME, IF(TABLE_TYPE='BASE TABLE' or TABLE_TYPE='SYSTEM VERSIONED', 'TABLE', IF(TABLE_TYPE='TEMPORARY', 'LOCAL TEMPORARY', TABLE_TYPE)) as TABLE_TYPE, TABLE_COMMENT REMARKS, NULL TYPE_CAT, NULL TYPE_SCHEM, NULL TYPE_NAME, NULL SELF_REFERENCING_COL_NAME,  NULL REF_GENERATION FROM INFORMATION_SCHEMA.TABLES WHERE TABLE_SCHEMA='edext' AND  TABLE_TYPE IN ('BASE TABLE','SYSTEM VERSIONED','VIEW') ORDER BY TABLE_TYPE, TABLE_SCHEMA, TABLE_NAME
08:07:03 DEBUG [AWT-EventQueue-0]->org.mariadb.jdbc.util.log.Slf4JLogger->debug := execute query: SELECT TABLE_SCHEMA TABLE_CAT, NULL TABLE_SCHEM, TABLE_NAME, COLUMN_NAME, CASE data_type WHEN 'bit' THEN -7 WHEN 'tinyblob' THEN -3 WHEN 'mediumblob' THEN -4 WHEN 'longblob' THEN -4 WHEN 'blob' THEN -4 WHEN 'tinytext' THEN 12 WHEN 'mediumtext' THEN -1 WHEN 'longtext' THEN -1 WHEN 'text' THEN -1 WHEN 'date' THEN 91 WHEN 'datetime' THEN 93 WHEN 'decimal' THEN 3 WHEN 'double' THEN 8 WHEN 'enum' THEN 12 WHEN 'float' THEN 7 WHEN 'int' THEN IF( COLUMN_TYPE like '%unsigned%', 4,4) WHEN 'bigint' THEN -5 WHEN 'mediumint' THEN 4 WHEN 'null' THEN 0 WHEN 'set' THEN 12 WHEN 'smallint' THEN IF( COLUMN_TYPE like '%unsigned%', 5,5) WHEN 'varchar' THEN 12 WHEN 'varbinary' THEN -3 WHEN 'char' THEN 1 WHEN 'binary' THEN -2 WHEN 'time' THEN 92 WHEN 'timestamp' THEN 93 WHEN 'tinyint' THEN IF(COLUMN_TYPE like 'tinyint(1)%',16,-6)  WHEN 'year' THEN 91 ELSE 1111 END  DATA_TYPE, IF(COLUMN_TYPE like 'tinyint(1)%', 'BOOLEAN',  UCASE(IF( COLUMN_TYPE LIKE '%(%)%', CONCAT(SUBSTRING( COLUMN_TYPE,1, LOCATE('(',COLUMN_TYPE) - 1 ), SUBSTRING(COLUMN_TYPE ,1+locate(')', COLUMN_TYPE))), COLUMN_TYPE))) TYPE_NAME, CASE DATA_TYPE WHEN 'date' THEN 10  WHEN 'time' THEN IF(DATETIME_PRECISION = 0, 10, CAST(11 + DATETIME_PRECISION as signed integer))  WHEN 'datetime' THEN IF(DATETIME_PRECISION = 0, 19, CAST(20 + DATETIME_PRECISION as signed integer))  WHEN 'timestamp' THEN IF(DATETIME_PRECISION = 0, 19, CAST(20 + DATETIME_PRECISION as signed integer))  ELSE   IF(NUMERIC_PRECISION IS NULL, LEAST(CHARACTER_MAXIMUM_LENGTH,2147483647), NUMERIC_PRECISION)  END COLUMN_SIZE, 65535 BUFFER_LENGTH,  CONVERT (CASE DATA_TYPE WHEN 'year' THEN NUMERIC_SCALE WHEN 'tinyint' THEN 0 ELSE NUMERIC_SCALE END, UNSIGNED INTEGER) DECIMAL_DIGITS, 10 NUM_PREC_RADIX, IF(IS_NULLABLE = 'yes',1,0) NULLABLE,COLUMN_COMMENT REMARKS, COLUMN_DEFAULT COLUMN_DEF, 0 SQL_DATA_TYPE, 0 SQL_DATETIME_SUB,   LEAST(CHARACTER_OCTET_LENGTH,2147483647) CHAR_OCTET_LENGTH, ORDINAL_POSITION, IS_NULLABLE, NULL SCOPE_CATALOG, NULL SCOPE_SCHEMA, NULL SCOPE_TABLE, NULL SOURCE_DATA_TYPE, IF(EXTRA = 'auto_increment','YES','NO') IS_AUTOINCREMENT,  IF(EXTRA in ('VIRTUAL', 'PERSISTENT', 'VIRTUAL GENERATED', 'STORED GENERATED') ,'YES','NO') IS_GENERATEDCOLUMN  FROM INFORMATION_SCHEMA.COLUMNS WHERE TABLE_SCHEMA='edext' ORDER BY TABLE_CAT, TABLE_SCHEM, TABLE_NAME, ORDINAL_POSITION
08:07:03 DEBUG [AWT-EventQueue-0]->org.mariadb.jdbc.util.log.Slf4JLogger->debug := execute query: SHOW CREATE TABLE `edext`.`Curso`
08:07:03 DEBUG [AWT-EventQueue-0]->org.mariadb.jdbc.util.log.Slf4JLogger->debug := execute query: SHOW CREATE TABLE `Instituto`
08:07:03 DEBUG [AWT-EventQueue-0]->org.mariadb.jdbc.util.log.Slf4JLogger->debug := execute query: SELECT TABLE_SCHEMA TABLE_CAT, NULL  TABLE_SCHEM,  TABLE_NAME, IF(TABLE_TYPE='BASE TABLE' or TABLE_TYPE='SYSTEM VERSIONED', 'TABLE', IF(TABLE_TYPE='TEMPORARY', 'LOCAL TEMPORARY', TABLE_TYPE)) as TABLE_TYPE, TABLE_COMMENT REMARKS, NULL TYPE_CAT, NULL TYPE_SCHEM, NULL TYPE_NAME, NULL SELF_REFERENCING_COL_NAME,  NULL REF_GENERATION FROM INFORMATION_SCHEMA.TABLES WHERE TABLE_SCHEMA='edext' AND TABLE_NAME='Instituto' AND  TABLE_TYPE IN ('BASE TABLE','SYSTEM VERSIONED','VIEW') ORDER BY TABLE_TYPE, TABLE_SCHEMA, TABLE_NAME
08:07:03 DEBUG [AWT-EventQueue-0]->org.mariadb.jdbc.util.log.Slf4JLogger->debug := execute query: select * from `edext`.`Instituto` where 1=0
08:07:03 DEBUG [AWT-EventQueue-0]->org.mariadb.jdbc.util.log.Slf4JLogger->debug := execute query: SHOW CREATE TABLE `edext`.`Edicion`
08:07:03 DEBUG [AWT-EventQueue-0]->org.mariadb.jdbc.util.log.Slf4JLogger->debug := execute query: SHOW CREATE TABLE `Curso`
08:07:03 DEBUG [AWT-EventQueue-0]->org.mariadb.jdbc.util.log.Slf4JLogger->debug := execute query: SELECT TABLE_SCHEMA TABLE_CAT, NULL  TABLE_SCHEM,  TABLE_NAME, IF(TABLE_TYPE='BASE TABLE' or TABLE_TYPE='SYSTEM VERSIONED', 'TABLE', IF(TABLE_TYPE='TEMPORARY', 'LOCAL TEMPORARY', TABLE_TYPE)) as TABLE_TYPE, TABLE_COMMENT REMARKS, NULL TYPE_CAT, NULL TYPE_SCHEM, NULL TYPE_NAME, NULL SELF_REFERENCING_COL_NAME,  NULL REF_GENERATION FROM INFORMATION_SCHEMA.TABLES WHERE TABLE_SCHEMA='edext' AND TABLE_NAME='Curso' AND  TABLE_TYPE IN ('BASE TABLE','SYSTEM VERSIONED','VIEW') ORDER BY TABLE_TYPE, TABLE_SCHEMA, TABLE_NAME
08:07:03 DEBUG [AWT-EventQueue-0]->org.mariadb.jdbc.util.log.Slf4JLogger->debug := execute query: select * from `edext`.`Curso` where 1=0
08:07:03 DEBUG [AWT-EventQueue-0]->org.mariadb.jdbc.util.log.Slf4JLogger->debug := execute query: SHOW CREATE TABLE `edext`.`InscripcionEdicion`
08:07:03 DEBUG [AWT-EventQueue-0]->org.mariadb.jdbc.util.log.Slf4JLogger->debug := execute query: SHOW CREATE TABLE `Edicion`
08:07:03 DEBUG [AWT-EventQueue-0]->org.mariadb.jdbc.util.log.Slf4JLogger->debug := execute query: SHOW CREATE TABLE `Usuario`
08:07:03 DEBUG [AWT-EventQueue-0]->org.mariadb.jdbc.util.log.Slf4JLogger->debug := execute query: SELECT TABLE_SCHEMA TABLE_CAT, NULL  TABLE_SCHEM,  TABLE_NAME, IF(TABLE_TYPE='BASE TABLE' or TABLE_TYPE='SYSTEM VERSIONED', 'TABLE', IF(TABLE_TYPE='TEMPORARY', 'LOCAL TEMPORARY', TABLE_TYPE)) as TABLE_TYPE, TABLE_COMMENT REMARKS, NULL TYPE_CAT, NULL TYPE_SCHEM, NULL TYPE_NAME, NULL SELF_REFERENCING_COL_NAME,  NULL REF_GENERATION FROM INFORMATION_SCHEMA.TABLES WHERE TABLE_SCHEMA='edext' AND TABLE_NAME='Edicion' AND  TABLE_TYPE IN ('BASE TABLE','SYSTEM VERSIONED','VIEW') ORDER BY TABLE_TYPE, TABLE_SCHEMA, TABLE_NAME
08:07:03 DEBUG [AWT-EventQueue-0]->org.mariadb.jdbc.util.log.Slf4JLogger->debug := execute query: select * from `edext`.`Edicion` where 1=0
08:07:03 DEBUG [AWT-EventQueue-0]->org.mariadb.jdbc.util.log.Slf4JLogger->debug := execute query: SELECT TABLE_SCHEMA TABLE_CAT, NULL  TABLE_SCHEM,  TABLE_NAME, IF(TABLE_TYPE='BASE TABLE' or TABLE_TYPE='SYSTEM VERSIONED', 'TABLE', IF(TABLE_TYPE='TEMPORARY', 'LOCAL TEMPORARY', TABLE_TYPE)) as TABLE_TYPE, TABLE_COMMENT REMARKS, NULL TYPE_CAT, NULL TYPE_SCHEM, NULL TYPE_NAME, NULL SELF_REFERENCING_COL_NAME,  NULL REF_GENERATION FROM INFORMATION_SCHEMA.TABLES WHERE TABLE_SCHEMA='edext' AND TABLE_NAME='Usuario' AND  TABLE_TYPE IN ('BASE TABLE','SYSTEM VERSIONED','VIEW') ORDER BY TABLE_TYPE, TABLE_SCHEMA, TABLE_NAME
08:07:03 DEBUG [AWT-EventQueue-0]->org.mariadb.jdbc.util.log.Slf4JLogger->debug := execute query: select * from `edext`.`Usuario` where 1=0
08:07:03 DEBUG [AWT-EventQueue-0]->org.mariadb.jdbc.util.log.Slf4JLogger->debug := execute query: SHOW CREATE TABLE `edext`.`InscripcionPrograma`
08:07:03 DEBUG [AWT-EventQueue-0]->org.mariadb.jdbc.util.log.Slf4JLogger->debug := execute query: SHOW CREATE TABLE `Usuario`
08:07:03 DEBUG [AWT-EventQueue-0]->org.mariadb.jdbc.util.log.Slf4JLogger->debug := execute query: SHOW CREATE TABLE `ProgramaFormacion`
08:07:03 DEBUG [AWT-EventQueue-0]->org.mariadb.jdbc.util.log.Slf4JLogger->debug := execute query: SELECT TABLE_SCHEMA TABLE_CAT, NULL  TABLE_SCHEM,  TABLE_NAME, IF(TABLE_TYPE='BASE TABLE' or TABLE_TYPE='SYSTEM VERSIONED', 'TABLE', IF(TABLE_TYPE='TEMPORARY', 'LOCAL TEMPORARY', TABLE_TYPE)) as TABLE_TYPE, TABLE_COMMENT REMARKS, NULL TYPE_CAT, NULL TYPE_SCHEM, NULL TYPE_NAME, NULL SELF_REFERENCING_COL_NAME,  NULL REF_GENERATION FROM INFORMATION_SCHEMA.TABLES WHERE TABLE_SCHEMA='edext' AND TABLE_NAME='ProgramaFormacion' AND  TABLE_TYPE IN ('BASE TABLE','SYSTEM VERSIONED','VIEW') ORDER BY TABLE_TYPE, TABLE_SCHEMA, TABLE_NAME
08:07:03 DEBUG [AWT-EventQueue-0]->org.mariadb.jdbc.util.log.Slf4JLogger->debug := execute query: select * from `edext`.`ProgramaFormacion` where 1=0
08:07:03 DEBUG [AWT-EventQueue-0]->org.mariadb.jdbc.util.log.Slf4JLogger->debug := execute query: SELECT TABLE_SCHEMA TABLE_CAT, NULL  TABLE_SCHEM,  TABLE_NAME, IF(TABLE_TYPE='BASE TABLE' or TABLE_TYPE='SYSTEM VERSIONED', 'TABLE', IF(TABLE_TYPE='TEMPORARY', 'LOCAL TEMPORARY', TABLE_TYPE)) as TABLE_TYPE, TABLE_COMMENT REMARKS, NULL TYPE_CAT, NULL TYPE_SCHEM, NULL TYPE_NAME, NULL SELF_REFERENCING_COL_NAME,  NULL REF_GENERATION FROM INFORMATION_SCHEMA.TABLES WHERE TABLE_SCHEMA='edext' AND TABLE_NAME='Usuario' AND  TABLE_TYPE IN ('BASE TABLE','SYSTEM VERSIONED','VIEW') ORDER BY TABLE_TYPE, TABLE_SCHEMA, TABLE_NAME
08:07:03 DEBUG [AWT-EventQueue-0]->org.mariadb.jdbc.util.log.Slf4JLogger->debug := execute query: select * from `edext`.`Usuario` where 1=0
08:07:03 DEBUG [AWT-EventQueue-0]->org.mariadb.jdbc.util.log.Slf4JLogger->debug := execute query: SHOW CREATE TABLE `edext`.`Integra`
08:07:03 DEBUG [AWT-EventQueue-0]->org.mariadb.jdbc.util.log.Slf4JLogger->debug := execute query: SHOW CREATE TABLE `ProgramaFormacion`
08:07:03 DEBUG [AWT-EventQueue-0]->org.mariadb.jdbc.util.log.Slf4JLogger->debug := execute query: SHOW CREATE TABLE `Curso`
08:07:03 DEBUG [AWT-EventQueue-0]->org.mariadb.jdbc.util.log.Slf4JLogger->debug := execute query: SELECT TABLE_SCHEMA TABLE_CAT, NULL  TABLE_SCHEM,  TABLE_NAME, IF(TABLE_TYPE='BASE TABLE' or TABLE_TYPE='SYSTEM VERSIONED', 'TABLE', IF(TABLE_TYPE='TEMPORARY', 'LOCAL TEMPORARY', TABLE_TYPE)) as TABLE_TYPE, TABLE_COMMENT REMARKS, NULL TYPE_CAT, NULL TYPE_SCHEM, NULL TYPE_NAME, NULL SELF_REFERENCING_COL_NAME,  NULL REF_GENERATION FROM INFORMATION_SCHEMA.TABLES WHERE TABLE_SCHEMA='edext' AND TABLE_NAME='Curso' AND  TABLE_TYPE IN ('BASE TABLE','SYSTEM VERSIONED','VIEW') ORDER BY TABLE_TYPE, TABLE_SCHEMA, TABLE_NAME
08:07:03 DEBUG [AWT-EventQueue-0]->org.mariadb.jdbc.util.log.Slf4JLogger->debug := execute query: select * from `edext`.`Curso` where 1=0
08:07:03 DEBUG [AWT-EventQueue-0]->org.mariadb.jdbc.util.log.Slf4JLogger->debug := execute query: SELECT TABLE_SCHEMA TABLE_CAT, NULL  TABLE_SCHEM,  TABLE_NAME, IF(TABLE_TYPE='BASE TABLE' or TABLE_TYPE='SYSTEM VERSIONED', 'TABLE', IF(TABLE_TYPE='TEMPORARY', 'LOCAL TEMPORARY', TABLE_TYPE)) as TABLE_TYPE, TABLE_COMMENT REMARKS, NULL TYPE_CAT, NULL TYPE_SCHEM, NULL TYPE_NAME, NULL SELF_REFERENCING_COL_NAME,  NULL REF_GENERATION FROM INFORMATION_SCHEMA.TABLES WHERE TABLE_SCHEMA='edext' AND TABLE_NAME='ProgramaFormacion' AND  TABLE_TYPE IN ('BASE TABLE','SYSTEM VERSIONED','VIEW') ORDER BY TABLE_TYPE, TABLE_SCHEMA, TABLE_NAME
08:07:03 DEBUG [AWT-EventQueue-0]->org.mariadb.jdbc.util.log.Slf4JLogger->debug := execute query: select * from `edext`.`ProgramaFormacion` where 1=0
08:07:03 DEBUG [AWT-EventQueue-0]->org.mariadb.jdbc.util.log.Slf4JLogger->debug := execute query: SHOW CREATE TABLE `edext`.`Organiza`
08:07:03 DEBUG [AWT-EventQueue-0]->org.mariadb.jdbc.util.log.Slf4JLogger->debug := execute query: SHOW CREATE TABLE `Edicion`
08:07:03 DEBUG [AWT-EventQueue-0]->org.mariadb.jdbc.util.log.Slf4JLogger->debug := execute query: SHOW CREATE TABLE `Usuario`
08:07:03 DEBUG [AWT-EventQueue-0]->org.mariadb.jdbc.util.log.Slf4JLogger->debug := execute query: SELECT TABLE_SCHEMA TABLE_CAT, NULL  TABLE_SCHEM,  TABLE_NAME, IF(TABLE_TYPE='BASE TABLE' or TABLE_TYPE='SYSTEM VERSIONED', 'TABLE', IF(TABLE_TYPE='TEMPORARY', 'LOCAL TEMPORARY', TABLE_TYPE)) as TABLE_TYPE, TABLE_COMMENT REMARKS, NULL TYPE_CAT, NULL TYPE_SCHEM, NULL TYPE_NAME, NULL SELF_REFERENCING_COL_NAME,  NULL REF_GENERATION FROM INFORMATION_SCHEMA.TABLES WHERE TABLE_SCHEMA='edext' AND TABLE_NAME='Edicion' AND  TABLE_TYPE IN ('BASE TABLE','SYSTEM VERSIONED','VIEW') ORDER BY TABLE_TYPE, TABLE_SCHEMA, TABLE_NAME
08:07:03 DEBUG [AWT-EventQueue-0]->org.mariadb.jdbc.util.log.Slf4JLogger->debug := execute query: select * from `edext`.`Edicion` where 1=0
08:07:03 DEBUG [AWT-EventQueue-0]->org.mariadb.jdbc.util.log.Slf4JLogger->debug := execute query: SELECT TABLE_SCHEMA TABLE_CAT, NULL  TABLE_SCHEM,  TABLE_NAME, IF(TABLE_TYPE='BASE TABLE' or TABLE_TYPE='SYSTEM VERSIONED', 'TABLE', IF(TABLE_TYPE='TEMPORARY', 'LOCAL TEMPORARY', TABLE_TYPE)) as TABLE_TYPE, TABLE_COMMENT REMARKS, NULL TYPE_CAT, NULL TYPE_SCHEM, NULL TYPE_NAME, NULL SELF_REFERENCING_COL_NAME,  NULL REF_GENERATION FROM INFORMATION_SCHEMA.TABLES WHERE TABLE_SCHEMA='edext' AND TABLE_NAME='Usuario' AND  TABLE_TYPE IN ('BASE TABLE','SYSTEM VERSIONED','VIEW') ORDER BY TABLE_TYPE, TABLE_SCHEMA, TABLE_NAME
08:07:03 DEBUG [AWT-EventQueue-0]->org.mariadb.jdbc.util.log.Slf4JLogger->debug := execute query: select * from `edext`.`Usuario` where 1=0
08:07:03 DEBUG [AWT-EventQueue-0]->org.mariadb.jdbc.util.log.Slf4JLogger->debug := execute query: SHOW CREATE TABLE `edext`.`Pertenece`
08:07:03 DEBUG [AWT-EventQueue-0]->org.mariadb.jdbc.util.log.Slf4JLogger->debug := execute query: SHOW CREATE TABLE `Usuario`
08:07:03 DEBUG [AWT-EventQueue-0]->org.mariadb.jdbc.util.log.Slf4JLogger->debug := execute query: SHOW CREATE TABLE `Instituto`
08:07:03 DEBUG [AWT-EventQueue-0]->org.mariadb.jdbc.util.log.Slf4JLogger->debug := execute query: SELECT TABLE_SCHEMA TABLE_CAT, NULL  TABLE_SCHEM,  TABLE_NAME, IF(TABLE_TYPE='BASE TABLE' or TABLE_TYPE='SYSTEM VERSIONED', 'TABLE', IF(TABLE_TYPE='TEMPORARY', 'LOCAL TEMPORARY', TABLE_TYPE)) as TABLE_TYPE, TABLE_COMMENT REMARKS, NULL TYPE_CAT, NULL TYPE_SCHEM, NULL TYPE_NAME, NULL SELF_REFERENCING_COL_NAME,  NULL REF_GENERATION FROM INFORMATION_SCHEMA.TABLES WHERE TABLE_SCHEMA='edext' AND TABLE_NAME='Instituto' AND  TABLE_TYPE IN ('BASE TABLE','SYSTEM VERSIONED','VIEW') ORDER BY TABLE_TYPE, TABLE_SCHEMA, TABLE_NAME
08:07:03 DEBUG [AWT-EventQueue-0]->org.mariadb.jdbc.util.log.Slf4JLogger->debug := execute query: select * from `edext`.`Instituto` where 1=0
08:07:03 DEBUG [AWT-EventQueue-0]->org.mariadb.jdbc.util.log.Slf4JLogger->debug := execute query: SELECT TABLE_SCHEMA TABLE_CAT, NULL  TABLE_SCHEM,  TABLE_NAME, IF(TABLE_TYPE='BASE TABLE' or TABLE_TYPE='SYSTEM VERSIONED', 'TABLE', IF(TABLE_TYPE='TEMPORARY', 'LOCAL TEMPORARY', TABLE_TYPE)) as TABLE_TYPE, TABLE_COMMENT REMARKS, NULL TYPE_CAT, NULL TYPE_SCHEM, NULL TYPE_NAME, NULL SELF_REFERENCING_COL_NAME,  NULL REF_GENERATION FROM INFORMATION_SCHEMA.TABLES WHERE TABLE_SCHEMA='edext' AND TABLE_NAME='Usuario' AND  TABLE_TYPE IN ('BASE TABLE','SYSTEM VERSIONED','VIEW') ORDER BY TABLE_TYPE, TABLE_SCHEMA, TABLE_NAME
08:07:03 DEBUG [AWT-EventQueue-0]->org.mariadb.jdbc.util.log.Slf4JLogger->debug := execute query: select * from `edext`.`Usuario` where 1=0
08:07:03 DEBUG [AWT-EventQueue-0]->org.mariadb.jdbc.util.log.Slf4JLogger->debug := execute query: SHOW CREATE TABLE `edext`.`Previas`
08:07:03 DEBUG [AWT-EventQueue-0]->org.mariadb.jdbc.util.log.Slf4JLogger->debug := execute query: SHOW CREATE TABLE `Curso`
08:07:03 DEBUG [AWT-EventQueue-0]->org.mariadb.jdbc.util.log.Slf4JLogger->debug := execute query: SHOW CREATE TABLE `Curso`
08:07:03 DEBUG [AWT-EventQueue-0]->org.mariadb.jdbc.util.log.Slf4JLogger->debug := execute query: SELECT TABLE_SCHEMA TABLE_CAT, NULL  TABLE_SCHEM,  TABLE_NAME, IF(TABLE_TYPE='BASE TABLE' or TABLE_TYPE='SYSTEM VERSIONED', 'TABLE', IF(TABLE_TYPE='TEMPORARY', 'LOCAL TEMPORARY', TABLE_TYPE)) as TABLE_TYPE, TABLE_COMMENT REMARKS, NULL TYPE_CAT, NULL TYPE_SCHEM, NULL TYPE_NAME, NULL SELF_REFERENCING_COL_NAME,  NULL REF_GENERATION FROM INFORMATION_SCHEMA.TABLES WHERE TABLE_SCHEMA='edext' AND TABLE_NAME='Curso' AND  TABLE_TYPE IN ('BASE TABLE','SYSTEM VERSIONED','VIEW') ORDER BY TABLE_TYPE, TABLE_SCHEMA, TABLE_NAME
08:07:03 DEBUG [AWT-EventQueue-0]->org.mariadb.jdbc.util.log.Slf4JLogger->debug := execute query: select * from `edext`.`Curso` where 1=0
08:07:03 DEBUG [AWT-EventQueue-0]->org.mariadb.jdbc.util.log.Slf4JLogger->debug := execute query: SELECT TABLE_SCHEMA TABLE_CAT, NULL  TABLE_SCHEM,  TABLE_NAME, IF(TABLE_TYPE='BASE TABLE' or TABLE_TYPE='SYSTEM VERSIONED', 'TABLE', IF(TABLE_TYPE='TEMPORARY', 'LOCAL TEMPORARY', TABLE_TYPE)) as TABLE_TYPE, TABLE_COMMENT REMARKS, NULL TYPE_CAT, NULL TYPE_SCHEM, NULL TYPE_NAME, NULL SELF_REFERENCING_COL_NAME,  NULL REF_GENERATION FROM INFORMATION_SCHEMA.TABLES WHERE TABLE_SCHEMA='edext' AND TABLE_NAME='Curso' AND  TABLE_TYPE IN ('BASE TABLE','SYSTEM VERSIONED','VIEW') ORDER BY TABLE_TYPE, TABLE_SCHEMA, TABLE_NAME
08:07:03 DEBUG [AWT-EventQueue-0]->org.mariadb.jdbc.util.log.Slf4JLogger->debug := execute query: select * from `edext`.`Curso` where 1=0
08:07:03 DEBUG [AWT-EventQueue-0]->org.mariadb.jdbc.util.log.Slf4JLogger->debug := execute query: set autocommit=0
08:07:03 DEBUG [AWT-EventQueue-0]->org.mariadb.jdbc.util.log.Slf4JLogger->debug := System variable change:  autocommit = OFF
08:07:03 DEBUG [AWT-EventQueue-0]->org.mariadb.jdbc.util.log.Slf4JLogger->debug := execute query: set autocommit=1
08:07:03 DEBUG [AWT-EventQueue-0]->org.mariadb.jdbc.util.log.Slf4JLogger->debug := System variable change:  autocommit = ON
08:07:03 DEBUG [AWT-EventQueue-0]->org.mariadb.jdbc.util.log.Slf4JLogger->debug := execute query: set autocommit=0
08:07:03 DEBUG [AWT-EventQueue-0]->org.mariadb.jdbc.util.log.Slf4JLogger->debug := System variable change:  autocommit = OFF
08:07:03 DEBUG [AWT-EventQueue-0]->org.mariadb.jdbc.util.log.Slf4JLogger->debug := execute query: select i1_0.nombre from Instituto i1_0
08:07:04 DEBUG [AWT-EventQueue-0]->org.mariadb.jdbc.util.log.Slf4JLogger->debug := execute query: set autocommit=1
08:07:04 DEBUG [AWT-EventQueue-0]->org.mariadb.jdbc.util.log.Slf4JLogger->debug := System variable change:  autocommit = ON
08:25:26 DEBUG [AWT-EventQueue-0]->org.mariadb.jdbc.util.log.Slf4JLogger->debug := execute query: CREATE DATABASE IF NOT EXISTS `edext`
08:25:26 DEBUG [AWT-EventQueue-0]->org.mariadb.jdbc.util.log.Slf4JLogger->debug := execute query: USE `edext`
08:25:26 DEBUG [AWT-EventQueue-0]->org.mariadb.jdbc.util.log.Slf4JLogger->debug := execute query: SET NAMES utf8mb4
08:25:26 DEBUG [AWT-EventQueue-0]->org.mariadb.jdbc.util.log.Slf4JLogger->debug := Database change: is 'edext'
08:25:26 DEBUG [AWT-EventQueue-0]->org.mariadb.jdbc.util.log.Slf4JLogger->debug := System variable change:  character_set_connection = utf8mb4
08:25:26 DEBUG [AWT-EventQueue-0]->org.mariadb.jdbc.util.log.Slf4JLogger->debug := System variable change:  character_set_client = utf8mb4
08:25:26 DEBUG [AWT-EventQueue-0]->org.mariadb.jdbc.util.log.Slf4JLogger->debug := System variable change:  character_set_results = utf8mb4
08:25:26 DEBUG [AWT-EventQueue-0]->org.mariadb.jdbc.util.log.Slf4JLogger->debug := execute query: set autocommit=0
08:25:26 DEBUG [AWT-EventQueue-0]->org.mariadb.jdbc.util.log.Slf4JLogger->debug := System variable change:  autocommit = OFF
08:25:26 DEBUG [AWT-EventQueue-0]->org.mariadb.jdbc.util.log.Slf4JLogger->debug := execute query: SELECT @@character_set_database, @@sql_mode
08:25:26 DEBUG [AWT-EventQueue-0]->org.mariadb.jdbc.util.log.Slf4JLogger->debug := execute query: select @@lower_case_table_names
08:25:26 DEBUG [AWT-EventQueue-0]->org.mariadb.jdbc.util.log.Slf4JLogger->debug := execute query: set autocommit=1
08:25:26 DEBUG [AWT-EventQueue-0]->org.mariadb.jdbc.util.log.Slf4JLogger->debug := System variable change:  autocommit = ON
08:25:29 DEBUG [AWT-EventQueue-0]->org.mariadb.jdbc.util.log.Slf4JLogger->debug := execute query: set autocommit=0
08:25:29 DEBUG [AWT-EventQueue-0]->org.mariadb.jdbc.util.log.Slf4JLogger->debug := System variable change:  autocommit = OFF
08:25:29 DEBUG [AWT-EventQueue-0]->org.mariadb.jdbc.util.log.Slf4JLogger->debug := execute query: set autocommit=1
08:25:29 DEBUG [AWT-EventQueue-0]->org.mariadb.jdbc.util.log.Slf4JLogger->debug := System variable change:  autocommit = ON
08:25:29 DEBUG [AWT-EventQueue-0]->org.mariadb.jdbc.util.log.Slf4JLogger->debug := execute query: select table_name from information_schema.TABLES where table_schema=database() and table_type='SEQUENCE'
08:25:29 DEBUG [AWT-EventQueue-0]->org.mariadb.jdbc.util.log.Slf4JLogger->debug := execute query: SELECT TABLE_SCHEMA TABLE_CAT, NULL  TABLE_SCHEM,  TABLE_NAME, IF(TABLE_TYPE='BASE TABLE' or TABLE_TYPE='SYSTEM VERSIONED', 'TABLE', IF(TABLE_TYPE='TEMPORARY', 'LOCAL TEMPORARY', TABLE_TYPE)) as TABLE_TYPE, TABLE_COMMENT REMARKS, NULL TYPE_CAT, NULL TYPE_SCHEM, NULL TYPE_NAME, NULL SELF_REFERENCING_COL_NAME,  NULL REF_GENERATION FROM INFORMATION_SCHEMA.TABLES WHERE TABLE_SCHEMA='edext' AND  TABLE_TYPE IN ('BASE TABLE','SYSTEM VERSIONED','VIEW') ORDER BY TABLE_TYPE, TABLE_SCHEMA, TABLE_NAME
08:25:29 DEBUG [AWT-EventQueue-0]->org.mariadb.jdbc.util.log.Slf4JLogger->debug := execute query: SELECT TABLE_SCHEMA TABLE_CAT, NULL TABLE_SCHEM, TABLE_NAME, COLUMN_NAME, CASE data_type WHEN 'bit' THEN -7 WHEN 'tinyblob' THEN -3 WHEN 'mediumblob' THEN -4 WHEN 'longblob' THEN -4 WHEN 'blob' THEN -4 WHEN 'tinytext' THEN 12 WHEN 'mediumtext' THEN -1 WHEN 'longtext' THEN -1 WHEN 'text' THEN -1 WHEN 'date' THEN 91 WHEN 'datetime' THEN 93 WHEN 'decimal' THEN 3 WHEN 'double' THEN 8 WHEN 'enum' THEN 12 WHEN 'float' THEN 7 WHEN 'int' THEN IF( COLUMN_TYPE like '%unsigned%', 4,4) WHEN 'bigint' THEN -5 WHEN 'mediumint' THEN 4 WHEN 'null' THEN 0 WHEN 'set' THEN 12 WHEN 'smallint' THEN IF( COLUMN_TYPE like '%unsigned%', 5,5) WHEN 'varchar' THEN 12 WHEN 'varbinary' THEN -3 WHEN 'char' THEN 1 WHEN 'binary' THEN -2 WHEN 'time' THEN 92 WHEN 'timestamp' THEN 93 WHEN 'tinyint' THEN IF(COLUMN_TYPE like 'tinyint(1)%',16,-6)  WHEN 'year' THEN 91 ELSE 1111 END  DATA_TYPE, IF(COLUMN_TYPE like 'tinyint(1)%', 'BOOLEAN',  UCASE(IF( COLUMN_TYPE LIKE '%(%)%', CONCAT(SUBSTRING( COLUMN_TYPE,1, LOCATE('(',COLUMN_TYPE) - 1 ), SUBSTRING(COLUMN_TYPE ,1+locate(')', COLUMN_TYPE))), COLUMN_TYPE))) TYPE_NAME, CASE DATA_TYPE WHEN 'date' THEN 10  WHEN 'time' THEN IF(DATETIME_PRECISION = 0, 10, CAST(11 + DATETIME_PRECISION as signed integer))  WHEN 'datetime' THEN IF(DATETIME_PRECISION = 0, 19, CAST(20 + DATETIME_PRECISION as signed integer))  WHEN 'timestamp' THEN IF(DATETIME_PRECISION = 0, 19, CAST(20 + DATETIME_PRECISION as signed integer))  ELSE   IF(NUMERIC_PRECISION IS NULL, LEAST(CHARACTER_MAXIMUM_LENGTH,2147483647), NUMERIC_PRECISION)  END COLUMN_SIZE, 65535 BUFFER_LENGTH,  CONVERT (CASE DATA_TYPE WHEN 'year' THEN NUMERIC_SCALE WHEN 'tinyint' THEN 0 ELSE NUMERIC_SCALE END, UNSIGNED INTEGER) DECIMAL_DIGITS, 10 NUM_PREC_RADIX, IF(IS_NULLABLE = 'yes',1,0) NULLABLE,COLUMN_COMMENT REMARKS, COLUMN_DEFAULT COLUMN_DEF, 0 SQL_DATA_TYPE, 0 SQL_DATETIME_SUB,   LEAST(CHARACTER_OCTET_LENGTH,2147483647) CHAR_OCTET_LENGTH, ORDINAL_POSITION, IS_NULLABLE, NULL SCOPE_CATALOG, NULL SCOPE_SCHEMA, NULL SCOPE_TABLE, NULL SOURCE_DATA_TYPE, IF(EXTRA = 'auto_increment','YES','NO') IS_AUTOINCREMENT,  IF(EXTRA in ('VIRTUAL', 'PERSISTENT', 'VIRTUAL GENERATED', 'STORED GENERATED') ,'YES','NO') IS_GENERATEDCOLUMN  FROM INFORMATION_SCHEMA.COLUMNS WHERE TABLE_SCHEMA='edext' ORDER BY TABLE_CAT, TABLE_SCHEM, TABLE_NAME, ORDINAL_POSITION
08:25:29 DEBUG [AWT-EventQueue-0]->org.mariadb.jdbc.util.log.Slf4JLogger->debug := execute query: SHOW CREATE TABLE `edext`.`Curso`
08:25:29 DEBUG [AWT-EventQueue-0]->org.mariadb.jdbc.util.log.Slf4JLogger->debug := execute query: SHOW CREATE TABLE `Instituto`
08:25:29 DEBUG [AWT-EventQueue-0]->org.mariadb.jdbc.util.log.Slf4JLogger->debug := execute query: SELECT TABLE_SCHEMA TABLE_CAT, NULL  TABLE_SCHEM,  TABLE_NAME, IF(TABLE_TYPE='BASE TABLE' or TABLE_TYPE='SYSTEM VERSIONED', 'TABLE', IF(TABLE_TYPE='TEMPORARY', 'LOCAL TEMPORARY', TABLE_TYPE)) as TABLE_TYPE, TABLE_COMMENT REMARKS, NULL TYPE_CAT, NULL TYPE_SCHEM, NULL TYPE_NAME, NULL SELF_REFERENCING_COL_NAME,  NULL REF_GENERATION FROM INFORMATION_SCHEMA.TABLES WHERE TABLE_SCHEMA='edext' AND TABLE_NAME='Instituto' AND  TABLE_TYPE IN ('BASE TABLE','SYSTEM VERSIONED','VIEW') ORDER BY TABLE_TYPE, TABLE_SCHEMA, TABLE_NAME
08:25:29 DEBUG [AWT-EventQueue-0]->org.mariadb.jdbc.util.log.Slf4JLogger->debug := execute query: select * from `edext`.`Instituto` where 1=0
08:25:29 DEBUG [AWT-EventQueue-0]->org.mariadb.jdbc.util.log.Slf4JLogger->debug := execute query: SHOW CREATE TABLE `edext`.`Edicion`
08:25:29 DEBUG [AWT-EventQueue-0]->org.mariadb.jdbc.util.log.Slf4JLogger->debug := execute query: SHOW CREATE TABLE `Curso`
08:25:29 DEBUG [AWT-EventQueue-0]->org.mariadb.jdbc.util.log.Slf4JLogger->debug := execute query: SELECT TABLE_SCHEMA TABLE_CAT, NULL  TABLE_SCHEM,  TABLE_NAME, IF(TABLE_TYPE='BASE TABLE' or TABLE_TYPE='SYSTEM VERSIONED', 'TABLE', IF(TABLE_TYPE='TEMPORARY', 'LOCAL TEMPORARY', TABLE_TYPE)) as TABLE_TYPE, TABLE_COMMENT REMARKS, NULL TYPE_CAT, NULL TYPE_SCHEM, NULL TYPE_NAME, NULL SELF_REFERENCING_COL_NAME,  NULL REF_GENERATION FROM INFORMATION_SCHEMA.TABLES WHERE TABLE_SCHEMA='edext' AND TABLE_NAME='Curso' AND  TABLE_TYPE IN ('BASE TABLE','SYSTEM VERSIONED','VIEW') ORDER BY TABLE_TYPE, TABLE_SCHEMA, TABLE_NAME
08:25:29 DEBUG [AWT-EventQueue-0]->org.mariadb.jdbc.util.log.Slf4JLogger->debug := execute query: select * from `edext`.`Curso` where 1=0
08:25:29 DEBUG [AWT-EventQueue-0]->org.mariadb.jdbc.util.log.Slf4JLogger->debug := execute query: SHOW CREATE TABLE `edext`.`InscripcionEdicion`
08:25:29 DEBUG [AWT-EventQueue-0]->org.mariadb.jdbc.util.log.Slf4JLogger->debug := execute query: SHOW CREATE TABLE `Edicion`
08:25:29 DEBUG [AWT-EventQueue-0]->org.mariadb.jdbc.util.log.Slf4JLogger->debug := execute query: SHOW CREATE TABLE `Usuario`
08:25:29 DEBUG [AWT-EventQueue-0]->org.mariadb.jdbc.util.log.Slf4JLogger->debug := execute query: SELECT TABLE_SCHEMA TABLE_CAT, NULL  TABLE_SCHEM,  TABLE_NAME, IF(TABLE_TYPE='BASE TABLE' or TABLE_TYPE='SYSTEM VERSIONED', 'TABLE', IF(TABLE_TYPE='TEMPORARY', 'LOCAL TEMPORARY', TABLE_TYPE)) as TABLE_TYPE, TABLE_COMMENT REMARKS, NULL TYPE_CAT, NULL TYPE_SCHEM, NULL TYPE_NAME, NULL SELF_REFERENCING_COL_NAME,  NULL REF_GENERATION FROM INFORMATION_SCHEMA.TABLES WHERE TABLE_SCHEMA='edext' AND TABLE_NAME='Edicion' AND  TABLE_TYPE IN ('BASE TABLE','SYSTEM VERSIONED','VIEW') ORDER BY TABLE_TYPE, TABLE_SCHEMA, TABLE_NAME
08:25:29 DEBUG [AWT-EventQueue-0]->org.mariadb.jdbc.util.log.Slf4JLogger->debug := execute query: select * from `edext`.`Edicion` where 1=0
08:25:29 DEBUG [AWT-EventQueue-0]->org.mariadb.jdbc.util.log.Slf4JLogger->debug := execute query: SELECT TABLE_SCHEMA TABLE_CAT, NULL  TABLE_SCHEM,  TABLE_NAME, IF(TABLE_TYPE='BASE TABLE' or TABLE_TYPE='SYSTEM VERSIONED', 'TABLE', IF(TABLE_TYPE='TEMPORARY', 'LOCAL TEMPORARY', TABLE_TYPE)) as TABLE_TYPE, TABLE_COMMENT REMARKS, NULL TYPE_CAT, NULL TYPE_SCHEM, NULL TYPE_NAME, NULL SELF_REFERENCING_COL_NAME,  NULL REF_GENERATION FROM INFORMATION_SCHEMA.TABLES WHERE TABLE_SCHEMA='edext' AND TABLE_NAME='Usuario' AND  TABLE_TYPE IN ('BASE TABLE','SYSTEM VERSIONED','VIEW') ORDER BY TABLE_TYPE, TABLE_SCHEMA, TABLE_NAME
08:25:29 DEBUG [AWT-EventQueue-0]->org.mariadb.jdbc.util.log.Slf4JLogger->debug := execute query: select * from `edext`.`Usuario` where 1=0
08:25:29 DEBUG [AWT-EventQueue-0]->org.mariadb.jdbc.util.log.Slf4JLogger->debug := execute query: SHOW CREATE TABLE `edext`.`InscripcionPrograma`
08:25:29 DEBUG [AWT-EventQueue-0]->org.mariadb.jdbc.util.log.Slf4JLogger->debug := execute query: SHOW CREATE TABLE `Usuario`
08:25:29 DEBUG [AWT-EventQueue-0]->org.mariadb.jdbc.util.log.Slf4JLogger->debug := execute query: SHOW CREATE TABLE `ProgramaFormacion`
08:25:29 DEBUG [AWT-EventQueue-0]->org.mariadb.jdbc.util.log.Slf4JLogger->debug := execute query: SELECT TABLE_SCHEMA TABLE_CAT, NULL  TABLE_SCHEM,  TABLE_NAME, IF(TABLE_TYPE='BASE TABLE' or TABLE_TYPE='SYSTEM VERSIONED', 'TABLE', IF(TABLE_TYPE='TEMPORARY', 'LOCAL TEMPORARY', TABLE_TYPE)) as TABLE_TYPE, TABLE_COMMENT REMARKS, NULL TYPE_CAT, NULL TYPE_SCHEM, NULL TYPE_NAME, NULL SELF_REFERENCING_COL_NAME,  NULL REF_GENERATION FROM INFORMATION_SCHEMA.TABLES WHERE TABLE_SCHEMA='edext' AND TABLE_NAME='ProgramaFormacion' AND  TABLE_TYPE IN ('BASE TABLE','SYSTEM VERSIONED','VIEW') ORDER BY TABLE_TYPE, TABLE_SCHEMA, TABLE_NAME
08:25:29 DEBUG [AWT-EventQueue-0]->org.mariadb.jdbc.util.log.Slf4JLogger->debug := execute query: select * from `edext`.`ProgramaFormacion` where 1=0
08:25:29 DEBUG [AWT-EventQueue-0]->org.mariadb.jdbc.util.log.Slf4JLogger->debug := execute query: SELECT TABLE_SCHEMA TABLE_CAT, NULL  TABLE_SCHEM,  TABLE_NAME, IF(TABLE_TYPE='BASE TABLE' or TABLE_TYPE='SYSTEM VERSIONED', 'TABLE', IF(TABLE_TYPE='TEMPORARY', 'LOCAL TEMPORARY', TABLE_TYPE)) as TABLE_TYPE, TABLE_COMMENT REMARKS, NULL TYPE_CAT, NULL TYPE_SCHEM, NULL TYPE_NAME, NULL SELF_REFERENCING_COL_NAME,  NULL REF_GENERATION FROM INFORMATION_SCHEMA.TABLES WHERE TABLE_SCHEMA='edext' AND TABLE_NAME='Usuario' AND  TABLE_TYPE IN ('BASE TABLE','SYSTEM VERSIONED','VIEW') ORDER BY TABLE_TYPE, TABLE_SCHEMA, TABLE_NAME
08:25:29 DEBUG [AWT-EventQueue-0]->org.mariadb.jdbc.util.log.Slf4JLogger->debug := execute query: select * from `edext`.`Usuario` where 1=0
08:25:29 DEBUG [AWT-EventQueue-0]->org.mariadb.jdbc.util.log.Slf4JLogger->debug := execute query: SHOW CREATE TABLE `edext`.`Integra`
08:25:29 DEBUG [AWT-EventQueue-0]->org.mariadb.jdbc.util.log.Slf4JLogger->debug := execute query: SHOW CREATE TABLE `ProgramaFormacion`
08:25:29 DEBUG [AWT-EventQueue-0]->org.mariadb.jdbc.util.log.Slf4JLogger->debug := execute query: SHOW CREATE TABLE `Curso`
08:25:29 DEBUG [AWT-EventQueue-0]->org.mariadb.jdbc.util.log.Slf4JLogger->debug := execute query: SELECT TABLE_SCHEMA TABLE_CAT, NULL  TABLE_SCHEM,  TABLE_NAME, IF(TABLE_TYPE='BASE TABLE' or TABLE_TYPE='SYSTEM VERSIONED', 'TABLE', IF(TABLE_TYPE='TEMPORARY', 'LOCAL TEMPORARY', TABLE_TYPE)) as TABLE_TYPE, TABLE_COMMENT REMARKS, NULL TYPE_CAT, NULL TYPE_SCHEM, NULL TYPE_NAME, NULL SELF_REFERENCING_COL_NAME,  NULL REF_GENERATION FROM INFORMATION_SCHEMA.TABLES WHERE TABLE_SCHEMA='edext' AND TABLE_NAME='Curso' AND  TABLE_TYPE IN ('BASE TABLE','SYSTEM VERSIONED','VIEW') ORDER BY TABLE_TYPE, TABLE_SCHEMA, TABLE_NAME
08:25:29 DEBUG [AWT-EventQueue-0]->org.mariadb.jdbc.util.log.Slf4JLogger->debug := execute query: select * from `edext`.`Curso` where 1=0
08:25:29 DEBUG [AWT-EventQueue-0]->org.mariadb.jdbc.util.log.Slf4JLogger->debug := execute query: SELECT TABLE_SCHEMA TABLE_CAT, NULL  TABLE_SCHEM,  TABLE_NAME, IF(TABLE_TYPE='BASE TABLE' or TABLE_TYPE='SYSTEM VERSIONED', 'TABLE', IF(TABLE_TYPE='TEMPORARY', 'LOCAL TEMPORARY', TABLE_TYPE)) as TABLE_TYPE, TABLE_COMMENT REMARKS, NULL TYPE_CAT, NULL TYPE_SCHEM, NULL TYPE_NAME, NULL SELF_REFERENCING_COL_NAME,  NULL REF_GENERATION FROM INFORMATION_SCHEMA.TABLES WHERE TABLE_SCHEMA='edext' AND TABLE_NAME='ProgramaFormacion' AND  TABLE_TYPE IN ('BASE TABLE','SYSTEM VERSIONED','VIEW') ORDER BY TABLE_TYPE, TABLE_SCHEMA, TABLE_NAME
08:25:29 DEBUG [AWT-EventQueue-0]->org.mariadb.jdbc.util.log.Slf4JLogger->debug := execute query: select * from `edext`.`ProgramaFormacion` where 1=0
08:25:29 DEBUG [AWT-EventQueue-0]->org.mariadb.jdbc.util.log.Slf4JLogger->debug := execute query: SHOW CREATE TABLE `edext`.`Organiza`
08:25:29 DEBUG [AWT-EventQueue-0]->org.mariadb.jdbc.util.log.Slf4JLogger->debug := execute query: SHOW CREATE TABLE `Edicion`
08:25:29 DEBUG [AWT-EventQueue-0]->org.mariadb.jdbc.util.log.Slf4JLogger->debug := execute query: SHOW CREATE TABLE `Usuario`
08:25:29 DEBUG [AWT-EventQueue-0]->org.mariadb.jdbc.util.log.Slf4JLogger->debug := execute query: SELECT TABLE_SCHEMA TABLE_CAT, NULL  TABLE_SCHEM,  TABLE_NAME, IF(TABLE_TYPE='BASE TABLE' or TABLE_TYPE='SYSTEM VERSIONED', 'TABLE', IF(TABLE_TYPE='TEMPORARY', 'LOCAL TEMPORARY', TABLE_TYPE)) as TABLE_TYPE, TABLE_COMMENT REMARKS, NULL TYPE_CAT, NULL TYPE_SCHEM, NULL TYPE_NAME, NULL SELF_REFERENCING_COL_NAME,  NULL REF_GENERATION FROM INFORMATION_SCHEMA.TABLES WHERE TABLE_SCHEMA='edext' AND TABLE_NAME='Edicion' AND  TABLE_TYPE IN ('BASE TABLE','SYSTEM VERSIONED','VIEW') ORDER BY TABLE_TYPE, TABLE_SCHEMA, TABLE_NAME
08:25:29 DEBUG [AWT-EventQueue-0]->org.mariadb.jdbc.util.log.Slf4JLogger->debug := execute query: select * from `edext`.`Edicion` where 1=0
08:25:29 DEBUG [AWT-EventQueue-0]->org.mariadb.jdbc.util.log.Slf4JLogger->debug := execute query: SELECT TABLE_SCHEMA TABLE_CAT, NULL  TABLE_SCHEM,  TABLE_NAME, IF(TABLE_TYPE='BASE TABLE' or TABLE_TYPE='SYSTEM VERSIONED', 'TABLE', IF(TABLE_TYPE='TEMPORARY', 'LOCAL TEMPORARY', TABLE_TYPE)) as TABLE_TYPE, TABLE_COMMENT REMARKS, NULL TYPE_CAT, NULL TYPE_SCHEM, NULL TYPE_NAME, NULL SELF_REFERENCING_COL_NAME,  NULL REF_GENERATION FROM INFORMATION_SCHEMA.TABLES WHERE TABLE_SCHEMA='edext' AND TABLE_NAME='Usuario' AND  TABLE_TYPE IN ('BASE TABLE','SYSTEM VERSIONED','VIEW') ORDER BY TABLE_TYPE, TABLE_SCHEMA, TABLE_NAME
08:25:29 DEBUG [AWT-EventQueue-0]->org.mariadb.jdbc.util.log.Slf4JLogger->debug := execute query: select * from `edext`.`Usuario` where 1=0
08:25:29 DEBUG [AWT-EventQueue-0]->org.mariadb.jdbc.util.log.Slf4JLogger->debug := execute query: SHOW CREATE TABLE `edext`.`Pertenece`
08:25:29 DEBUG [AWT-EventQueue-0]->org.mariadb.jdbc.util.log.Slf4JLogger->debug := execute query: SHOW CREATE TABLE `Usuario`
08:25:29 DEBUG [AWT-EventQueue-0]->org.mariadb.jdbc.util.log.Slf4JLogger->debug := execute query: SHOW CREATE TABLE `Instituto`
08:25:29 DEBUG [AWT-EventQueue-0]->org.mariadb.jdbc.util.log.Slf4JLogger->debug := execute query: SELECT TABLE_SCHEMA TABLE_CAT, NULL  TABLE_SCHEM,  TABLE_NAME, IF(TABLE_TYPE='BASE TABLE' or TABLE_TYPE='SYSTEM VERSIONED', 'TABLE', IF(TABLE_TYPE='TEMPORARY', 'LOCAL TEMPORARY', TABLE_TYPE)) as TABLE_TYPE, TABLE_COMMENT REMARKS, NULL TYPE_CAT, NULL TYPE_SCHEM, NULL TYPE_NAME, NULL SELF_REFERENCING_COL_NAME,  NULL REF_GENERATION FROM INFORMATION_SCHEMA.TABLES WHERE TABLE_SCHEMA='edext' AND TABLE_NAME='Instituto' AND  TABLE_TYPE IN ('BASE TABLE','SYSTEM VERSIONED','VIEW') ORDER BY TABLE_TYPE, TABLE_SCHEMA, TABLE_NAME
08:25:29 DEBUG [AWT-EventQueue-0]->org.mariadb.jdbc.util.log.Slf4JLogger->debug := execute query: select * from `edext`.`Instituto` where 1=0
08:25:29 DEBUG [AWT-EventQueue-0]->org.mariadb.jdbc.util.log.Slf4JLogger->debug := execute query: SELECT TABLE_SCHEMA TABLE_CAT, NULL  TABLE_SCHEM,  TABLE_NAME, IF(TABLE_TYPE='BASE TABLE' or TABLE_TYPE='SYSTEM VERSIONED', 'TABLE', IF(TABLE_TYPE='TEMPORARY', 'LOCAL TEMPORARY', TABLE_TYPE)) as TABLE_TYPE, TABLE_COMMENT REMARKS, NULL TYPE_CAT, NULL TYPE_SCHEM, NULL TYPE_NAME, NULL SELF_REFERENCING_COL_NAME,  NULL REF_GENERATION FROM INFORMATION_SCHEMA.TABLES WHERE TABLE_SCHEMA='edext' AND TABLE_NAME='Usuario' AND  TABLE_TYPE IN ('BASE TABLE','SYSTEM VERSIONED','VIEW') ORDER BY TABLE_TYPE, TABLE_SCHEMA, TABLE_NAME
08:25:29 DEBUG [AWT-EventQueue-0]->org.mariadb.jdbc.util.log.Slf4JLogger->debug := execute query: select * from `edext`.`Usuario` where 1=0
08:25:29 DEBUG [AWT-EventQueue-0]->org.mariadb.jdbc.util.log.Slf4JLogger->debug := execute query: SHOW CREATE TABLE `edext`.`Previas`
08:25:29 DEBUG [AWT-EventQueue-0]->org.mariadb.jdbc.util.log.Slf4JLogger->debug := execute query: SHOW CREATE TABLE `Curso`
08:25:29 DEBUG [AWT-EventQueue-0]->org.mariadb.jdbc.util.log.Slf4JLogger->debug := execute query: SHOW CREATE TABLE `Curso`
08:25:29 DEBUG [AWT-EventQueue-0]->org.mariadb.jdbc.util.log.Slf4JLogger->debug := execute query: SELECT TABLE_SCHEMA TABLE_CAT, NULL  TABLE_SCHEM,  TABLE_NAME, IF(TABLE_TYPE='BASE TABLE' or TABLE_TYPE='SYSTEM VERSIONED', 'TABLE', IF(TABLE_TYPE='TEMPORARY', 'LOCAL TEMPORARY', TABLE_TYPE)) as TABLE_TYPE, TABLE_COMMENT REMARKS, NULL TYPE_CAT, NULL TYPE_SCHEM, NULL TYPE_NAME, NULL SELF_REFERENCING_COL_NAME,  NULL REF_GENERATION FROM INFORMATION_SCHEMA.TABLES WHERE TABLE_SCHEMA='edext' AND TABLE_NAME='Curso' AND  TABLE_TYPE IN ('BASE TABLE','SYSTEM VERSIONED','VIEW') ORDER BY TABLE_TYPE, TABLE_SCHEMA, TABLE_NAME
08:25:29 DEBUG [AWT-EventQueue-0]->org.mariadb.jdbc.util.log.Slf4JLogger->debug := execute query: select * from `edext`.`Curso` where 1=0
08:25:29 DEBUG [AWT-EventQueue-0]->org.mariadb.jdbc.util.log.Slf4JLogger->debug := execute query: SELECT TABLE_SCHEMA TABLE_CAT, NULL  TABLE_SCHEM,  TABLE_NAME, IF(TABLE_TYPE='BASE TABLE' or TABLE_TYPE='SYSTEM VERSIONED', 'TABLE', IF(TABLE_TYPE='TEMPORARY', 'LOCAL TEMPORARY', TABLE_TYPE)) as TABLE_TYPE, TABLE_COMMENT REMARKS, NULL TYPE_CAT, NULL TYPE_SCHEM, NULL TYPE_NAME, NULL SELF_REFERENCING_COL_NAME,  NULL REF_GENERATION FROM INFORMATION_SCHEMA.TABLES WHERE TABLE_SCHEMA='edext' AND TABLE_NAME='Curso' AND  TABLE_TYPE IN ('BASE TABLE','SYSTEM VERSIONED','VIEW') ORDER BY TABLE_TYPE, TABLE_SCHEMA, TABLE_NAME
08:25:29 DEBUG [AWT-EventQueue-0]->org.mariadb.jdbc.util.log.Slf4JLogger->debug := execute query: select * from `edext`.`Curso` where 1=0
08:25:29 DEBUG [AWT-EventQueue-0]->org.mariadb.jdbc.util.log.Slf4JLogger->debug := execute query: set autocommit=0
08:25:29 DEBUG [AWT-EventQueue-0]->org.mariadb.jdbc.util.log.Slf4JLogger->debug := System variable change:  autocommit = OFF
08:25:29 DEBUG [AWT-EventQueue-0]->org.mariadb.jdbc.util.log.Slf4JLogger->debug := execute query: set autocommit=1
08:25:29 DEBUG [AWT-EventQueue-0]->org.mariadb.jdbc.util.log.Slf4JLogger->debug := System variable change:  autocommit = ON
08:25:29 DEBUG [AWT-EventQueue-0]->org.mariadb.jdbc.util.log.Slf4JLogger->debug := execute query: set autocommit=0
08:25:29 DEBUG [AWT-EventQueue-0]->org.mariadb.jdbc.util.log.Slf4JLogger->debug := System variable change:  autocommit = OFF
08:25:29 DEBUG [AWT-EventQueue-0]->org.mariadb.jdbc.util.log.Slf4JLogger->debug := execute query: select i1_0.nombre from Instituto i1_0
08:25:29 DEBUG [AWT-EventQueue-0]->org.mariadb.jdbc.util.log.Slf4JLogger->debug := execute query: set autocommit=1
08:25:29 DEBUG [AWT-EventQueue-0]->org.mariadb.jdbc.util.log.Slf4JLogger->debug := System variable change:  autocommit = ON
08:31:25 DEBUG [AWT-EventQueue-0]->org.mariadb.jdbc.util.log.Slf4JLogger->debug := execute query: CREATE DATABASE IF NOT EXISTS `edext`
08:31:25 DEBUG [AWT-EventQueue-0]->org.mariadb.jdbc.util.log.Slf4JLogger->debug := execute query: USE `edext`
08:31:25 DEBUG [AWT-EventQueue-0]->org.mariadb.jdbc.util.log.Slf4JLogger->debug := execute query: SET NAMES utf8mb4
08:31:25 DEBUG [AWT-EventQueue-0]->org.mariadb.jdbc.util.log.Slf4JLogger->debug := Database change: is 'edext'
08:31:25 DEBUG [AWT-EventQueue-0]->org.mariadb.jdbc.util.log.Slf4JLogger->debug := System variable change:  character_set_connection = utf8mb4
08:31:25 DEBUG [AWT-EventQueue-0]->org.mariadb.jdbc.util.log.Slf4JLogger->debug := System variable change:  character_set_client = utf8mb4
08:31:25 DEBUG [AWT-EventQueue-0]->org.mariadb.jdbc.util.log.Slf4JLogger->debug := System variable change:  character_set_results = utf8mb4
08:31:25 DEBUG [AWT-EventQueue-0]->org.mariadb.jdbc.util.log.Slf4JLogger->debug := execute query: set autocommit=0
08:31:25 DEBUG [AWT-EventQueue-0]->org.mariadb.jdbc.util.log.Slf4JLogger->debug := System variable change:  autocommit = OFF
08:31:25 DEBUG [AWT-EventQueue-0]->org.mariadb.jdbc.util.log.Slf4JLogger->debug := execute query: SELECT @@character_set_database, @@sql_mode
08:31:25 DEBUG [AWT-EventQueue-0]->org.mariadb.jdbc.util.log.Slf4JLogger->debug := execute query: select @@lower_case_table_names
08:31:25 DEBUG [AWT-EventQueue-0]->org.mariadb.jdbc.util.log.Slf4JLogger->debug := execute query: set autocommit=1
08:31:25 DEBUG [AWT-EventQueue-0]->org.mariadb.jdbc.util.log.Slf4JLogger->debug := System variable change:  autocommit = ON
08:31:27 DEBUG [AWT-EventQueue-0]->org.mariadb.jdbc.util.log.Slf4JLogger->debug := execute query: set autocommit=0
08:31:27 DEBUG [AWT-EventQueue-0]->org.mariadb.jdbc.util.log.Slf4JLogger->debug := System variable change:  autocommit = OFF
08:31:27 DEBUG [AWT-EventQueue-0]->org.mariadb.jdbc.util.log.Slf4JLogger->debug := execute query: set autocommit=1
08:31:27 DEBUG [AWT-EventQueue-0]->org.mariadb.jdbc.util.log.Slf4JLogger->debug := System variable change:  autocommit = ON
08:31:27 DEBUG [AWT-EventQueue-0]->org.mariadb.jdbc.util.log.Slf4JLogger->debug := execute query: select table_name from information_schema.TABLES where table_schema=database() and table_type='SEQUENCE'
08:31:27 DEBUG [AWT-EventQueue-0]->org.mariadb.jdbc.util.log.Slf4JLogger->debug := execute query: SELECT TABLE_SCHEMA TABLE_CAT, NULL  TABLE_SCHEM,  TABLE_NAME, IF(TABLE_TYPE='BASE TABLE' or TABLE_TYPE='SYSTEM VERSIONED', 'TABLE', IF(TABLE_TYPE='TEMPORARY', 'LOCAL TEMPORARY', TABLE_TYPE)) as TABLE_TYPE, TABLE_COMMENT REMARKS, NULL TYPE_CAT, NULL TYPE_SCHEM, NULL TYPE_NAME, NULL SELF_REFERENCING_COL_NAME,  NULL REF_GENERATION FROM INFORMATION_SCHEMA.TABLES WHERE TABLE_SCHEMA='edext' AND  TABLE_TYPE IN ('BASE TABLE','SYSTEM VERSIONED','VIEW') ORDER BY TABLE_TYPE, TABLE_SCHEMA, TABLE_NAME
08:31:27 DEBUG [AWT-EventQueue-0]->org.mariadb.jdbc.util.log.Slf4JLogger->debug := execute query: SELECT TABLE_SCHEMA TABLE_CAT, NULL TABLE_SCHEM, TABLE_NAME, COLUMN_NAME, CASE data_type WHEN 'bit' THEN -7 WHEN 'tinyblob' THEN -3 WHEN 'mediumblob' THEN -4 WHEN 'longblob' THEN -4 WHEN 'blob' THEN -4 WHEN 'tinytext' THEN 12 WHEN 'mediumtext' THEN -1 WHEN 'longtext' THEN -1 WHEN 'text' THEN -1 WHEN 'date' THEN 91 WHEN 'datetime' THEN 93 WHEN 'decimal' THEN 3 WHEN 'double' THEN 8 WHEN 'enum' THEN 12 WHEN 'float' THEN 7 WHEN 'int' THEN IF( COLUMN_TYPE like '%unsigned%', 4,4) WHEN 'bigint' THEN -5 WHEN 'mediumint' THEN 4 WHEN 'null' THEN 0 WHEN 'set' THEN 12 WHEN 'smallint' THEN IF( COLUMN_TYPE like '%unsigned%', 5,5) WHEN 'varchar' THEN 12 WHEN 'varbinary' THEN -3 WHEN 'char' THEN 1 WHEN 'binary' THEN -2 WHEN 'time' THEN 92 WHEN 'timestamp' THEN 93 WHEN 'tinyint' THEN IF(COLUMN_TYPE like 'tinyint(1)%',16,-6)  WHEN 'year' THEN 91 ELSE 1111 END  DATA_TYPE, IF(COLUMN_TYPE like 'tinyint(1)%', 'BOOLEAN',  UCASE(IF( COLUMN_TYPE LIKE '%(%)%', CONCAT(SUBSTRING( COLUMN_TYPE,1, LOCATE('(',COLUMN_TYPE) - 1 ), SUBSTRING(COLUMN_TYPE ,1+locate(')', COLUMN_TYPE))), COLUMN_TYPE))) TYPE_NAME, CASE DATA_TYPE WHEN 'date' THEN 10  WHEN 'time' THEN IF(DATETIME_PRECISION = 0, 10, CAST(11 + DATETIME_PRECISION as signed integer))  WHEN 'datetime' THEN IF(DATETIME_PRECISION = 0, 19, CAST(20 + DATETIME_PRECISION as signed integer))  WHEN 'timestamp' THEN IF(DATETIME_PRECISION = 0, 19, CAST(20 + DATETIME_PRECISION as signed integer))  ELSE   IF(NUMERIC_PRECISION IS NULL, LEAST(CHARACTER_MAXIMUM_LENGTH,2147483647), NUMERIC_PRECISION)  END COLUMN_SIZE, 65535 BUFFER_LENGTH,  CONVERT (CASE DATA_TYPE WHEN 'year' THEN NUMERIC_SCALE WHEN 'tinyint' THEN 0 ELSE NUMERIC_SCALE END, UNSIGNED INTEGER) DECIMAL_DIGITS, 10 NUM_PREC_RADIX, IF(IS_NULLABLE = 'yes',1,0) NULLABLE,COLUMN_COMMENT REMARKS, COLUMN_DEFAULT COLUMN_DEF, 0 SQL_DATA_TYPE, 0 SQL_DATETIME_SUB,   LEAST(CHARACTER_OCTET_LENGTH,2147483647) CHAR_OCTET_LENGTH, ORDINAL_POSITION, IS_NULLABLE, NULL SCOPE_CATALOG, NULL SCOPE_SCHEMA, NULL SCOPE_TABLE, NULL SOURCE_DATA_TYPE, IF(EXTRA = 'auto_increment','YES','NO') IS_AUTOINCREMENT,  IF(EXTRA in ('VIRTUAL', 'PERSISTENT', 'VIRTUAL GENERATED', 'STORED GENERATED') ,'YES','NO') IS_GENERATEDCOLUMN  FROM INFORMATION_SCHEMA.COLUMNS WHERE TABLE_SCHEMA='edext' ORDER BY TABLE_CAT, TABLE_SCHEM, TABLE_NAME, ORDINAL_POSITION
08:31:27 DEBUG [AWT-EventQueue-0]->org.mariadb.jdbc.util.log.Slf4JLogger->debug := execute query: SHOW CREATE TABLE `edext`.`Curso`
08:31:27 DEBUG [AWT-EventQueue-0]->org.mariadb.jdbc.util.log.Slf4JLogger->debug := execute query: SHOW CREATE TABLE `Instituto`
08:31:27 DEBUG [AWT-EventQueue-0]->org.mariadb.jdbc.util.log.Slf4JLogger->debug := execute query: SELECT TABLE_SCHEMA TABLE_CAT, NULL  TABLE_SCHEM,  TABLE_NAME, IF(TABLE_TYPE='BASE TABLE' or TABLE_TYPE='SYSTEM VERSIONED', 'TABLE', IF(TABLE_TYPE='TEMPORARY', 'LOCAL TEMPORARY', TABLE_TYPE)) as TABLE_TYPE, TABLE_COMMENT REMARKS, NULL TYPE_CAT, NULL TYPE_SCHEM, NULL TYPE_NAME, NULL SELF_REFERENCING_COL_NAME,  NULL REF_GENERATION FROM INFORMATION_SCHEMA.TABLES WHERE TABLE_SCHEMA='edext' AND TABLE_NAME='Instituto' AND  TABLE_TYPE IN ('BASE TABLE','SYSTEM VERSIONED','VIEW') ORDER BY TABLE_TYPE, TABLE_SCHEMA, TABLE_NAME
08:31:27 DEBUG [AWT-EventQueue-0]->org.mariadb.jdbc.util.log.Slf4JLogger->debug := execute query: select * from `edext`.`Instituto` where 1=0
08:31:27 DEBUG [AWT-EventQueue-0]->org.mariadb.jdbc.util.log.Slf4JLogger->debug := execute query: SHOW CREATE TABLE `edext`.`Edicion`
08:31:27 DEBUG [AWT-EventQueue-0]->org.mariadb.jdbc.util.log.Slf4JLogger->debug := execute query: SHOW CREATE TABLE `Curso`
08:31:27 DEBUG [AWT-EventQueue-0]->org.mariadb.jdbc.util.log.Slf4JLogger->debug := execute query: SELECT TABLE_SCHEMA TABLE_CAT, NULL  TABLE_SCHEM,  TABLE_NAME, IF(TABLE_TYPE='BASE TABLE' or TABLE_TYPE='SYSTEM VERSIONED', 'TABLE', IF(TABLE_TYPE='TEMPORARY', 'LOCAL TEMPORARY', TABLE_TYPE)) as TABLE_TYPE, TABLE_COMMENT REMARKS, NULL TYPE_CAT, NULL TYPE_SCHEM, NULL TYPE_NAME, NULL SELF_REFERENCING_COL_NAME,  NULL REF_GENERATION FROM INFORMATION_SCHEMA.TABLES WHERE TABLE_SCHEMA='edext' AND TABLE_NAME='Curso' AND  TABLE_TYPE IN ('BASE TABLE','SYSTEM VERSIONED','VIEW') ORDER BY TABLE_TYPE, TABLE_SCHEMA, TABLE_NAME
08:31:27 DEBUG [AWT-EventQueue-0]->org.mariadb.jdbc.util.log.Slf4JLogger->debug := execute query: select * from `edext`.`Curso` where 1=0
08:31:27 DEBUG [AWT-EventQueue-0]->org.mariadb.jdbc.util.log.Slf4JLogger->debug := execute query: SHOW CREATE TABLE `edext`.`InscripcionEdicion`
08:31:27 DEBUG [AWT-EventQueue-0]->org.mariadb.jdbc.util.log.Slf4JLogger->debug := execute query: SHOW CREATE TABLE `Edicion`
08:31:27 DEBUG [AWT-EventQueue-0]->org.mariadb.jdbc.util.log.Slf4JLogger->debug := execute query: SHOW CREATE TABLE `Usuario`
08:31:27 DEBUG [AWT-EventQueue-0]->org.mariadb.jdbc.util.log.Slf4JLogger->debug := execute query: SELECT TABLE_SCHEMA TABLE_CAT, NULL  TABLE_SCHEM,  TABLE_NAME, IF(TABLE_TYPE='BASE TABLE' or TABLE_TYPE='SYSTEM VERSIONED', 'TABLE', IF(TABLE_TYPE='TEMPORARY', 'LOCAL TEMPORARY', TABLE_TYPE)) as TABLE_TYPE, TABLE_COMMENT REMARKS, NULL TYPE_CAT, NULL TYPE_SCHEM, NULL TYPE_NAME, NULL SELF_REFERENCING_COL_NAME,  NULL REF_GENERATION FROM INFORMATION_SCHEMA.TABLES WHERE TABLE_SCHEMA='edext' AND TABLE_NAME='Edicion' AND  TABLE_TYPE IN ('BASE TABLE','SYSTEM VERSIONED','VIEW') ORDER BY TABLE_TYPE, TABLE_SCHEMA, TABLE_NAME
08:31:27 DEBUG [AWT-EventQueue-0]->org.mariadb.jdbc.util.log.Slf4JLogger->debug := execute query: select * from `edext`.`Edicion` where 1=0
08:31:27 DEBUG [AWT-EventQueue-0]->org.mariadb.jdbc.util.log.Slf4JLogger->debug := execute query: SELECT TABLE_SCHEMA TABLE_CAT, NULL  TABLE_SCHEM,  TABLE_NAME, IF(TABLE_TYPE='BASE TABLE' or TABLE_TYPE='SYSTEM VERSIONED', 'TABLE', IF(TABLE_TYPE='TEMPORARY', 'LOCAL TEMPORARY', TABLE_TYPE)) as TABLE_TYPE, TABLE_COMMENT REMARKS, NULL TYPE_CAT, NULL TYPE_SCHEM, NULL TYPE_NAME, NULL SELF_REFERENCING_COL_NAME,  NULL REF_GENERATION FROM INFORMATION_SCHEMA.TABLES WHERE TABLE_SCHEMA='edext' AND TABLE_NAME='Usuario' AND  TABLE_TYPE IN ('BASE TABLE','SYSTEM VERSIONED','VIEW') ORDER BY TABLE_TYPE, TABLE_SCHEMA, TABLE_NAME
08:31:27 DEBUG [AWT-EventQueue-0]->org.mariadb.jdbc.util.log.Slf4JLogger->debug := execute query: select * from `edext`.`Usuario` where 1=0
08:31:27 DEBUG [AWT-EventQueue-0]->org.mariadb.jdbc.util.log.Slf4JLogger->debug := execute query: SHOW CREATE TABLE `edext`.`InscripcionPrograma`
08:31:27 DEBUG [AWT-EventQueue-0]->org.mariadb.jdbc.util.log.Slf4JLogger->debug := execute query: SHOW CREATE TABLE `Usuario`
08:31:27 DEBUG [AWT-EventQueue-0]->org.mariadb.jdbc.util.log.Slf4JLogger->debug := execute query: SHOW CREATE TABLE `ProgramaFormacion`
08:31:27 DEBUG [AWT-EventQueue-0]->org.mariadb.jdbc.util.log.Slf4JLogger->debug := execute query: SELECT TABLE_SCHEMA TABLE_CAT, NULL  TABLE_SCHEM,  TABLE_NAME, IF(TABLE_TYPE='BASE TABLE' or TABLE_TYPE='SYSTEM VERSIONED', 'TABLE', IF(TABLE_TYPE='TEMPORARY', 'LOCAL TEMPORARY', TABLE_TYPE)) as TABLE_TYPE, TABLE_COMMENT REMARKS, NULL TYPE_CAT, NULL TYPE_SCHEM, NULL TYPE_NAME, NULL SELF_REFERENCING_COL_NAME,  NULL REF_GENERATION FROM INFORMATION_SCHEMA.TABLES WHERE TABLE_SCHEMA='edext' AND TABLE_NAME='ProgramaFormacion' AND  TABLE_TYPE IN ('BASE TABLE','SYSTEM VERSIONED','VIEW') ORDER BY TABLE_TYPE, TABLE_SCHEMA, TABLE_NAME
08:31:27 DEBUG [AWT-EventQueue-0]->org.mariadb.jdbc.util.log.Slf4JLogger->debug := execute query: select * from `edext`.`ProgramaFormacion` where 1=0
08:31:27 DEBUG [AWT-EventQueue-0]->org.mariadb.jdbc.util.log.Slf4JLogger->debug := execute query: SELECT TABLE_SCHEMA TABLE_CAT, NULL  TABLE_SCHEM,  TABLE_NAME, IF(TABLE_TYPE='BASE TABLE' or TABLE_TYPE='SYSTEM VERSIONED', 'TABLE', IF(TABLE_TYPE='TEMPORARY', 'LOCAL TEMPORARY', TABLE_TYPE)) as TABLE_TYPE, TABLE_COMMENT REMARKS, NULL TYPE_CAT, NULL TYPE_SCHEM, NULL TYPE_NAME, NULL SELF_REFERENCING_COL_NAME,  NULL REF_GENERATION FROM INFORMATION_SCHEMA.TABLES WHERE TABLE_SCHEMA='edext' AND TABLE_NAME='Usuario' AND  TABLE_TYPE IN ('BASE TABLE','SYSTEM VERSIONED','VIEW') ORDER BY TABLE_TYPE, TABLE_SCHEMA, TABLE_NAME
08:31:27 DEBUG [AWT-EventQueue-0]->org.mariadb.jdbc.util.log.Slf4JLogger->debug := execute query: select * from `edext`.`Usuario` where 1=0
08:31:27 DEBUG [AWT-EventQueue-0]->org.mariadb.jdbc.util.log.Slf4JLogger->debug := execute query: SHOW CREATE TABLE `edext`.`Integra`
08:31:27 DEBUG [AWT-EventQueue-0]->org.mariadb.jdbc.util.log.Slf4JLogger->debug := execute query: SHOW CREATE TABLE `ProgramaFormacion`
08:31:27 DEBUG [AWT-EventQueue-0]->org.mariadb.jdbc.util.log.Slf4JLogger->debug := execute query: SHOW CREATE TABLE `Curso`
08:31:27 DEBUG [AWT-EventQueue-0]->org.mariadb.jdbc.util.log.Slf4JLogger->debug := execute query: SELECT TABLE_SCHEMA TABLE_CAT, NULL  TABLE_SCHEM,  TABLE_NAME, IF(TABLE_TYPE='BASE TABLE' or TABLE_TYPE='SYSTEM VERSIONED', 'TABLE', IF(TABLE_TYPE='TEMPORARY', 'LOCAL TEMPORARY', TABLE_TYPE)) as TABLE_TYPE, TABLE_COMMENT REMARKS, NULL TYPE_CAT, NULL TYPE_SCHEM, NULL TYPE_NAME, NULL SELF_REFERENCING_COL_NAME,  NULL REF_GENERATION FROM INFORMATION_SCHEMA.TABLES WHERE TABLE_SCHEMA='edext' AND TABLE_NAME='Curso' AND  TABLE_TYPE IN ('BASE TABLE','SYSTEM VERSIONED','VIEW') ORDER BY TABLE_TYPE, TABLE_SCHEMA, TABLE_NAME
08:31:27 DEBUG [AWT-EventQueue-0]->org.mariadb.jdbc.util.log.Slf4JLogger->debug := execute query: select * from `edext`.`Curso` where 1=0
08:31:27 DEBUG [AWT-EventQueue-0]->org.mariadb.jdbc.util.log.Slf4JLogger->debug := execute query: SELECT TABLE_SCHEMA TABLE_CAT, NULL  TABLE_SCHEM,  TABLE_NAME, IF(TABLE_TYPE='BASE TABLE' or TABLE_TYPE='SYSTEM VERSIONED', 'TABLE', IF(TABLE_TYPE='TEMPORARY', 'LOCAL TEMPORARY', TABLE_TYPE)) as TABLE_TYPE, TABLE_COMMENT REMARKS, NULL TYPE_CAT, NULL TYPE_SCHEM, NULL TYPE_NAME, NULL SELF_REFERENCING_COL_NAME,  NULL REF_GENERATION FROM INFORMATION_SCHEMA.TABLES WHERE TABLE_SCHEMA='edext' AND TABLE_NAME='ProgramaFormacion' AND  TABLE_TYPE IN ('BASE TABLE','SYSTEM VERSIONED','VIEW') ORDER BY TABLE_TYPE, TABLE_SCHEMA, TABLE_NAME
08:31:27 DEBUG [AWT-EventQueue-0]->org.mariadb.jdbc.util.log.Slf4JLogger->debug := execute query: select * from `edext`.`ProgramaFormacion` where 1=0
08:31:27 DEBUG [AWT-EventQueue-0]->org.mariadb.jdbc.util.log.Slf4JLogger->debug := execute query: SHOW CREATE TABLE `edext`.`Organiza`
08:31:27 DEBUG [AWT-EventQueue-0]->org.mariadb.jdbc.util.log.Slf4JLogger->debug := execute query: SHOW CREATE TABLE `Edicion`
08:31:27 DEBUG [AWT-EventQueue-0]->org.mariadb.jdbc.util.log.Slf4JLogger->debug := execute query: SHOW CREATE TABLE `Usuario`
08:31:27 DEBUG [AWT-EventQueue-0]->org.mariadb.jdbc.util.log.Slf4JLogger->debug := execute query: SELECT TABLE_SCHEMA TABLE_CAT, NULL  TABLE_SCHEM,  TABLE_NAME, IF(TABLE_TYPE='BASE TABLE' or TABLE_TYPE='SYSTEM VERSIONED', 'TABLE', IF(TABLE_TYPE='TEMPORARY', 'LOCAL TEMPORARY', TABLE_TYPE)) as TABLE_TYPE, TABLE_COMMENT REMARKS, NULL TYPE_CAT, NULL TYPE_SCHEM, NULL TYPE_NAME, NULL SELF_REFERENCING_COL_NAME,  NULL REF_GENERATION FROM INFORMATION_SCHEMA.TABLES WHERE TABLE_SCHEMA='edext' AND TABLE_NAME='Edicion' AND  TABLE_TYPE IN ('BASE TABLE','SYSTEM VERSIONED','VIEW') ORDER BY TABLE_TYPE, TABLE_SCHEMA, TABLE_NAME
08:31:27 DEBUG [AWT-EventQueue-0]->org.mariadb.jdbc.util.log.Slf4JLogger->debug := execute query: select * from `edext`.`Edicion` where 1=0
08:31:27 DEBUG [AWT-EventQueue-0]->org.mariadb.jdbc.util.log.Slf4JLogger->debug := execute query: SELECT TABLE_SCHEMA TABLE_CAT, NULL  TABLE_SCHEM,  TABLE_NAME, IF(TABLE_TYPE='BASE TABLE' or TABLE_TYPE='SYSTEM VERSIONED', 'TABLE', IF(TABLE_TYPE='TEMPORARY', 'LOCAL TEMPORARY', TABLE_TYPE)) as TABLE_TYPE, TABLE_COMMENT REMARKS, NULL TYPE_CAT, NULL TYPE_SCHEM, NULL TYPE_NAME, NULL SELF_REFERENCING_COL_NAME,  NULL REF_GENERATION FROM INFORMATION_SCHEMA.TABLES WHERE TABLE_SCHEMA='edext' AND TABLE_NAME='Usuario' AND  TABLE_TYPE IN ('BASE TABLE','SYSTEM VERSIONED','VIEW') ORDER BY TABLE_TYPE, TABLE_SCHEMA, TABLE_NAME
08:31:27 DEBUG [AWT-EventQueue-0]->org.mariadb.jdbc.util.log.Slf4JLogger->debug := execute query: select * from `edext`.`Usuario` where 1=0
08:31:27 DEBUG [AWT-EventQueue-0]->org.mariadb.jdbc.util.log.Slf4JLogger->debug := execute query: SHOW CREATE TABLE `edext`.`Pertenece`
08:31:27 DEBUG [AWT-EventQueue-0]->org.mariadb.jdbc.util.log.Slf4JLogger->debug := execute query: SHOW CREATE TABLE `Usuario`
08:31:27 DEBUG [AWT-EventQueue-0]->org.mariadb.jdbc.util.log.Slf4JLogger->debug := execute query: SHOW CREATE TABLE `Instituto`
08:31:27 DEBUG [AWT-EventQueue-0]->org.mariadb.jdbc.util.log.Slf4JLogger->debug := execute query: SELECT TABLE_SCHEMA TABLE_CAT, NULL  TABLE_SCHEM,  TABLE_NAME, IF(TABLE_TYPE='BASE TABLE' or TABLE_TYPE='SYSTEM VERSIONED', 'TABLE', IF(TABLE_TYPE='TEMPORARY', 'LOCAL TEMPORARY', TABLE_TYPE)) as TABLE_TYPE, TABLE_COMMENT REMARKS, NULL TYPE_CAT, NULL TYPE_SCHEM, NULL TYPE_NAME, NULL SELF_REFERENCING_COL_NAME,  NULL REF_GENERATION FROM INFORMATION_SCHEMA.TABLES WHERE TABLE_SCHEMA='edext' AND TABLE_NAME='Instituto' AND  TABLE_TYPE IN ('BASE TABLE','SYSTEM VERSIONED','VIEW') ORDER BY TABLE_TYPE, TABLE_SCHEMA, TABLE_NAME
08:31:27 DEBUG [AWT-EventQueue-0]->org.mariadb.jdbc.util.log.Slf4JLogger->debug := execute query: select * from `edext`.`Instituto` where 1=0
08:31:27 DEBUG [AWT-EventQueue-0]->org.mariadb.jdbc.util.log.Slf4JLogger->debug := execute query: SELECT TABLE_SCHEMA TABLE_CAT, NULL  TABLE_SCHEM,  TABLE_NAME, IF(TABLE_TYPE='BASE TABLE' or TABLE_TYPE='SYSTEM VERSIONED', 'TABLE', IF(TABLE_TYPE='TEMPORARY', 'LOCAL TEMPORARY', TABLE_TYPE)) as TABLE_TYPE, TABLE_COMMENT REMARKS, NULL TYPE_CAT, NULL TYPE_SCHEM, NULL TYPE_NAME, NULL SELF_REFERENCING_COL_NAME,  NULL REF_GENERATION FROM INFORMATION_SCHEMA.TABLES WHERE TABLE_SCHEMA='edext' AND TABLE_NAME='Usuario' AND  TABLE_TYPE IN ('BASE TABLE','SYSTEM VERSIONED','VIEW') ORDER BY TABLE_TYPE, TABLE_SCHEMA, TABLE_NAME
08:31:27 DEBUG [AWT-EventQueue-0]->org.mariadb.jdbc.util.log.Slf4JLogger->debug := execute query: select * from `edext`.`Usuario` where 1=0
08:31:27 DEBUG [AWT-EventQueue-0]->org.mariadb.jdbc.util.log.Slf4JLogger->debug := execute query: SHOW CREATE TABLE `edext`.`Previas`
08:31:27 DEBUG [AWT-EventQueue-0]->org.mariadb.jdbc.util.log.Slf4JLogger->debug := execute query: SHOW CREATE TABLE `Curso`
08:31:27 DEBUG [AWT-EventQueue-0]->org.mariadb.jdbc.util.log.Slf4JLogger->debug := execute query: SHOW CREATE TABLE `Curso`
08:31:27 DEBUG [AWT-EventQueue-0]->org.mariadb.jdbc.util.log.Slf4JLogger->debug := execute query: SELECT TABLE_SCHEMA TABLE_CAT, NULL  TABLE_SCHEM,  TABLE_NAME, IF(TABLE_TYPE='BASE TABLE' or TABLE_TYPE='SYSTEM VERSIONED', 'TABLE', IF(TABLE_TYPE='TEMPORARY', 'LOCAL TEMPORARY', TABLE_TYPE)) as TABLE_TYPE, TABLE_COMMENT REMARKS, NULL TYPE_CAT, NULL TYPE_SCHEM, NULL TYPE_NAME, NULL SELF_REFERENCING_COL_NAME,  NULL REF_GENERATION FROM INFORMATION_SCHEMA.TABLES WHERE TABLE_SCHEMA='edext' AND TABLE_NAME='Curso' AND  TABLE_TYPE IN ('BASE TABLE','SYSTEM VERSIONED','VIEW') ORDER BY TABLE_TYPE, TABLE_SCHEMA, TABLE_NAME
08:31:27 DEBUG [AWT-EventQueue-0]->org.mariadb.jdbc.util.log.Slf4JLogger->debug := execute query: select * from `edext`.`Curso` where 1=0
08:31:27 DEBUG [AWT-EventQueue-0]->org.mariadb.jdbc.util.log.Slf4JLogger->debug := execute query: SELECT TABLE_SCHEMA TABLE_CAT, NULL  TABLE_SCHEM,  TABLE_NAME, IF(TABLE_TYPE='BASE TABLE' or TABLE_TYPE='SYSTEM VERSIONED', 'TABLE', IF(TABLE_TYPE='TEMPORARY', 'LOCAL TEMPORARY', TABLE_TYPE)) as TABLE_TYPE, TABLE_COMMENT REMARKS, NULL TYPE_CAT, NULL TYPE_SCHEM, NULL TYPE_NAME, NULL SELF_REFERENCING_COL_NAME,  NULL REF_GENERATION FROM INFORMATION_SCHEMA.TABLES WHERE TABLE_SCHEMA='edext' AND TABLE_NAME='Curso' AND  TABLE_TYPE IN ('BASE TABLE','SYSTEM VERSIONED','VIEW') ORDER BY TABLE_TYPE, TABLE_SCHEMA, TABLE_NAME
08:31:27 DEBUG [AWT-EventQueue-0]->org.mariadb.jdbc.util.log.Slf4JLogger->debug := execute query: select * from `edext`.`Curso` where 1=0
08:31:27 DEBUG [AWT-EventQueue-0]->org.mariadb.jdbc.util.log.Slf4JLogger->debug := execute query: set autocommit=0
08:31:27 DEBUG [AWT-EventQueue-0]->org.mariadb.jdbc.util.log.Slf4JLogger->debug := System variable change:  autocommit = OFF
08:31:27 DEBUG [AWT-EventQueue-0]->org.mariadb.jdbc.util.log.Slf4JLogger->debug := execute query: set autocommit=1
08:31:27 DEBUG [AWT-EventQueue-0]->org.mariadb.jdbc.util.log.Slf4JLogger->debug := System variable change:  autocommit = ON
08:31:28 DEBUG [AWT-EventQueue-0]->org.mariadb.jdbc.util.log.Slf4JLogger->debug := execute query: set autocommit=0
08:31:28 DEBUG [AWT-EventQueue-0]->org.mariadb.jdbc.util.log.Slf4JLogger->debug := System variable change:  autocommit = OFF
08:31:28 DEBUG [AWT-EventQueue-0]->org.mariadb.jdbc.util.log.Slf4JLogger->debug := execute query: select i1_0.nombre from Instituto i1_0
08:31:28 DEBUG [AWT-EventQueue-0]->org.mariadb.jdbc.util.log.Slf4JLogger->debug := execute query: set autocommit=1
08:31:28 DEBUG [AWT-EventQueue-0]->org.mariadb.jdbc.util.log.Slf4JLogger->debug := System variable change:  autocommit = ON
08:35:20 DEBUG [AWT-EventQueue-0]->org.mariadb.jdbc.util.log.Slf4JLogger->debug := execute query: CREATE DATABASE IF NOT EXISTS `edext`
08:35:20 DEBUG [AWT-EventQueue-0]->org.mariadb.jdbc.util.log.Slf4JLogger->debug := execute query: USE `edext`
08:35:20 DEBUG [AWT-EventQueue-0]->org.mariadb.jdbc.util.log.Slf4JLogger->debug := execute query: SET NAMES utf8mb4
08:35:20 DEBUG [AWT-EventQueue-0]->org.mariadb.jdbc.util.log.Slf4JLogger->debug := Database change: is 'edext'
08:35:20 DEBUG [AWT-EventQueue-0]->org.mariadb.jdbc.util.log.Slf4JLogger->debug := System variable change:  character_set_connection = utf8mb4
08:35:20 DEBUG [AWT-EventQueue-0]->org.mariadb.jdbc.util.log.Slf4JLogger->debug := System variable change:  character_set_client = utf8mb4
08:35:20 DEBUG [AWT-EventQueue-0]->org.mariadb.jdbc.util.log.Slf4JLogger->debug := System variable change:  character_set_results = utf8mb4
08:35:20 DEBUG [AWT-EventQueue-0]->org.mariadb.jdbc.util.log.Slf4JLogger->debug := execute query: set autocommit=0
08:35:20 DEBUG [AWT-EventQueue-0]->org.mariadb.jdbc.util.log.Slf4JLogger->debug := System variable change:  autocommit = OFF
08:35:20 DEBUG [AWT-EventQueue-0]->org.mariadb.jdbc.util.log.Slf4JLogger->debug := execute query: SELECT @@character_set_database, @@sql_mode
08:35:20 DEBUG [AWT-EventQueue-0]->org.mariadb.jdbc.util.log.Slf4JLogger->debug := execute query: select @@lower_case_table_names
08:35:20 DEBUG [AWT-EventQueue-0]->org.mariadb.jdbc.util.log.Slf4JLogger->debug := execute query: set autocommit=1
08:35:20 DEBUG [AWT-EventQueue-0]->org.mariadb.jdbc.util.log.Slf4JLogger->debug := System variable change:  autocommit = ON
08:35:22 DEBUG [AWT-EventQueue-0]->org.mariadb.jdbc.util.log.Slf4JLogger->debug := execute query: set autocommit=0
08:35:22 DEBUG [AWT-EventQueue-0]->org.mariadb.jdbc.util.log.Slf4JLogger->debug := System variable change:  autocommit = OFF
08:35:22 DEBUG [AWT-EventQueue-0]->org.mariadb.jdbc.util.log.Slf4JLogger->debug := execute query: set autocommit=1
08:35:22 DEBUG [AWT-EventQueue-0]->org.mariadb.jdbc.util.log.Slf4JLogger->debug := System variable change:  autocommit = ON
08:35:22 DEBUG [AWT-EventQueue-0]->org.mariadb.jdbc.util.log.Slf4JLogger->debug := execute query: select table_name from information_schema.TABLES where table_schema=database() and table_type='SEQUENCE'
08:35:22 DEBUG [AWT-EventQueue-0]->org.mariadb.jdbc.util.log.Slf4JLogger->debug := execute query: SELECT TABLE_SCHEMA TABLE_CAT, NULL  TABLE_SCHEM,  TABLE_NAME, IF(TABLE_TYPE='BASE TABLE' or TABLE_TYPE='SYSTEM VERSIONED', 'TABLE', IF(TABLE_TYPE='TEMPORARY', 'LOCAL TEMPORARY', TABLE_TYPE)) as TABLE_TYPE, TABLE_COMMENT REMARKS, NULL TYPE_CAT, NULL TYPE_SCHEM, NULL TYPE_NAME, NULL SELF_REFERENCING_COL_NAME,  NULL REF_GENERATION FROM INFORMATION_SCHEMA.TABLES WHERE TABLE_SCHEMA='edext' AND  TABLE_TYPE IN ('BASE TABLE','SYSTEM VERSIONED','VIEW') ORDER BY TABLE_TYPE, TABLE_SCHEMA, TABLE_NAME
08:35:22 DEBUG [AWT-EventQueue-0]->org.mariadb.jdbc.util.log.Slf4JLogger->debug := execute query: SELECT TABLE_SCHEMA TABLE_CAT, NULL TABLE_SCHEM, TABLE_NAME, COLUMN_NAME, CASE data_type WHEN 'bit' THEN -7 WHEN 'tinyblob' THEN -3 WHEN 'mediumblob' THEN -4 WHEN 'longblob' THEN -4 WHEN 'blob' THEN -4 WHEN 'tinytext' THEN 12 WHEN 'mediumtext' THEN -1 WHEN 'longtext' THEN -1 WHEN 'text' THEN -1 WHEN 'date' THEN 91 WHEN 'datetime' THEN 93 WHEN 'decimal' THEN 3 WHEN 'double' THEN 8 WHEN 'enum' THEN 12 WHEN 'float' THEN 7 WHEN 'int' THEN IF( COLUMN_TYPE like '%unsigned%', 4,4) WHEN 'bigint' THEN -5 WHEN 'mediumint' THEN 4 WHEN 'null' THEN 0 WHEN 'set' THEN 12 WHEN 'smallint' THEN IF( COLUMN_TYPE like '%unsigned%', 5,5) WHEN 'varchar' THEN 12 WHEN 'varbinary' THEN -3 WHEN 'char' THEN 1 WHEN 'binary' THEN -2 WHEN 'time' THEN 92 WHEN 'timestamp' THEN 93 WHEN 'tinyint' THEN IF(COLUMN_TYPE like 'tinyint(1)%',16,-6)  WHEN 'year' THEN 91 ELSE 1111 END  DATA_TYPE, IF(COLUMN_TYPE like 'tinyint(1)%', 'BOOLEAN',  UCASE(IF( COLUMN_TYPE LIKE '%(%)%', CONCAT(SUBSTRING( COLUMN_TYPE,1, LOCATE('(',COLUMN_TYPE) - 1 ), SUBSTRING(COLUMN_TYPE ,1+locate(')', COLUMN_TYPE))), COLUMN_TYPE))) TYPE_NAME, CASE DATA_TYPE WHEN 'date' THEN 10  WHEN 'time' THEN IF(DATETIME_PRECISION = 0, 10, CAST(11 + DATETIME_PRECISION as signed integer))  WHEN 'datetime' THEN IF(DATETIME_PRECISION = 0, 19, CAST(20 + DATETIME_PRECISION as signed integer))  WHEN 'timestamp' THEN IF(DATETIME_PRECISION = 0, 19, CAST(20 + DATETIME_PRECISION as signed integer))  ELSE   IF(NUMERIC_PRECISION IS NULL, LEAST(CHARACTER_MAXIMUM_LENGTH,2147483647), NUMERIC_PRECISION)  END COLUMN_SIZE, 65535 BUFFER_LENGTH,  CONVERT (CASE DATA_TYPE WHEN 'year' THEN NUMERIC_SCALE WHEN 'tinyint' THEN 0 ELSE NUMERIC_SCALE END, UNSIGNED INTEGER) DECIMAL_DIGITS, 10 NUM_PREC_RADIX, IF(IS_NULLABLE = 'yes',1,0) NULLABLE,COLUMN_COMMENT REMARKS, COLUMN_DEFAULT COLUMN_DEF, 0 SQL_DATA_TYPE, 0 SQL_DATETIME_SUB,   LEAST(CHARACTER_OCTET_LENGTH,2147483647) CHAR_OCTET_LENGTH, ORDINAL_POSITION, IS_NULLABLE, NULL SCOPE_CATALOG, NULL SCOPE_SCHEMA, NULL SCOPE_TABLE, NULL SOURCE_DATA_TYPE, IF(EXTRA = 'auto_increment','YES','NO') IS_AUTOINCREMENT,  IF(EXTRA in ('VIRTUAL', 'PERSISTENT', 'VIRTUAL GENERATED', 'STORED GENERATED') ,'YES','NO') IS_GENERATEDCOLUMN  FROM INFORMATION_SCHEMA.COLUMNS WHERE TABLE_SCHEMA='edext' ORDER BY TABLE_CAT, TABLE_SCHEM, TABLE_NAME, ORDINAL_POSITION
08:35:22 DEBUG [AWT-EventQueue-0]->org.mariadb.jdbc.util.log.Slf4JLogger->debug := execute query: SHOW CREATE TABLE `edext`.`Curso`
08:35:22 DEBUG [AWT-EventQueue-0]->org.mariadb.jdbc.util.log.Slf4JLogger->debug := execute query: SHOW CREATE TABLE `Instituto`
08:35:22 DEBUG [AWT-EventQueue-0]->org.mariadb.jdbc.util.log.Slf4JLogger->debug := execute query: SELECT TABLE_SCHEMA TABLE_CAT, NULL  TABLE_SCHEM,  TABLE_NAME, IF(TABLE_TYPE='BASE TABLE' or TABLE_TYPE='SYSTEM VERSIONED', 'TABLE', IF(TABLE_TYPE='TEMPORARY', 'LOCAL TEMPORARY', TABLE_TYPE)) as TABLE_TYPE, TABLE_COMMENT REMARKS, NULL TYPE_CAT, NULL TYPE_SCHEM, NULL TYPE_NAME, NULL SELF_REFERENCING_COL_NAME,  NULL REF_GENERATION FROM INFORMATION_SCHEMA.TABLES WHERE TABLE_SCHEMA='edext' AND TABLE_NAME='Instituto' AND  TABLE_TYPE IN ('BASE TABLE','SYSTEM VERSIONED','VIEW') ORDER BY TABLE_TYPE, TABLE_SCHEMA, TABLE_NAME
08:35:22 DEBUG [AWT-EventQueue-0]->org.mariadb.jdbc.util.log.Slf4JLogger->debug := execute query: select * from `edext`.`Instituto` where 1=0
08:35:22 DEBUG [AWT-EventQueue-0]->org.mariadb.jdbc.util.log.Slf4JLogger->debug := execute query: SHOW CREATE TABLE `edext`.`Edicion`
08:35:22 DEBUG [AWT-EventQueue-0]->org.mariadb.jdbc.util.log.Slf4JLogger->debug := execute query: SHOW CREATE TABLE `Curso`
08:35:22 DEBUG [AWT-EventQueue-0]->org.mariadb.jdbc.util.log.Slf4JLogger->debug := execute query: SELECT TABLE_SCHEMA TABLE_CAT, NULL  TABLE_SCHEM,  TABLE_NAME, IF(TABLE_TYPE='BASE TABLE' or TABLE_TYPE='SYSTEM VERSIONED', 'TABLE', IF(TABLE_TYPE='TEMPORARY', 'LOCAL TEMPORARY', TABLE_TYPE)) as TABLE_TYPE, TABLE_COMMENT REMARKS, NULL TYPE_CAT, NULL TYPE_SCHEM, NULL TYPE_NAME, NULL SELF_REFERENCING_COL_NAME,  NULL REF_GENERATION FROM INFORMATION_SCHEMA.TABLES WHERE TABLE_SCHEMA='edext' AND TABLE_NAME='Curso' AND  TABLE_TYPE IN ('BASE TABLE','SYSTEM VERSIONED','VIEW') ORDER BY TABLE_TYPE, TABLE_SCHEMA, TABLE_NAME
08:35:22 DEBUG [AWT-EventQueue-0]->org.mariadb.jdbc.util.log.Slf4JLogger->debug := execute query: select * from `edext`.`Curso` where 1=0
08:35:22 DEBUG [AWT-EventQueue-0]->org.mariadb.jdbc.util.log.Slf4JLogger->debug := execute query: SHOW CREATE TABLE `edext`.`InscripcionEdicion`
08:35:22 DEBUG [AWT-EventQueue-0]->org.mariadb.jdbc.util.log.Slf4JLogger->debug := execute query: SHOW CREATE TABLE `Edicion`
08:35:22 DEBUG [AWT-EventQueue-0]->org.mariadb.jdbc.util.log.Slf4JLogger->debug := execute query: SHOW CREATE TABLE `Usuario`
08:35:22 DEBUG [AWT-EventQueue-0]->org.mariadb.jdbc.util.log.Slf4JLogger->debug := execute query: SELECT TABLE_SCHEMA TABLE_CAT, NULL  TABLE_SCHEM,  TABLE_NAME, IF(TABLE_TYPE='BASE TABLE' or TABLE_TYPE='SYSTEM VERSIONED', 'TABLE', IF(TABLE_TYPE='TEMPORARY', 'LOCAL TEMPORARY', TABLE_TYPE)) as TABLE_TYPE, TABLE_COMMENT REMARKS, NULL TYPE_CAT, NULL TYPE_SCHEM, NULL TYPE_NAME, NULL SELF_REFERENCING_COL_NAME,  NULL REF_GENERATION FROM INFORMATION_SCHEMA.TABLES WHERE TABLE_SCHEMA='edext' AND TABLE_NAME='Edicion' AND  TABLE_TYPE IN ('BASE TABLE','SYSTEM VERSIONED','VIEW') ORDER BY TABLE_TYPE, TABLE_SCHEMA, TABLE_NAME
08:35:22 DEBUG [AWT-EventQueue-0]->org.mariadb.jdbc.util.log.Slf4JLogger->debug := execute query: select * from `edext`.`Edicion` where 1=0
08:35:22 DEBUG [AWT-EventQueue-0]->org.mariadb.jdbc.util.log.Slf4JLogger->debug := execute query: SELECT TABLE_SCHEMA TABLE_CAT, NULL  TABLE_SCHEM,  TABLE_NAME, IF(TABLE_TYPE='BASE TABLE' or TABLE_TYPE='SYSTEM VERSIONED', 'TABLE', IF(TABLE_TYPE='TEMPORARY', 'LOCAL TEMPORARY', TABLE_TYPE)) as TABLE_TYPE, TABLE_COMMENT REMARKS, NULL TYPE_CAT, NULL TYPE_SCHEM, NULL TYPE_NAME, NULL SELF_REFERENCING_COL_NAME,  NULL REF_GENERATION FROM INFORMATION_SCHEMA.TABLES WHERE TABLE_SCHEMA='edext' AND TABLE_NAME='Usuario' AND  TABLE_TYPE IN ('BASE TABLE','SYSTEM VERSIONED','VIEW') ORDER BY TABLE_TYPE, TABLE_SCHEMA, TABLE_NAME
08:35:22 DEBUG [AWT-EventQueue-0]->org.mariadb.jdbc.util.log.Slf4JLogger->debug := execute query: select * from `edext`.`Usuario` where 1=0
08:35:22 DEBUG [AWT-EventQueue-0]->org.mariadb.jdbc.util.log.Slf4JLogger->debug := execute query: SHOW CREATE TABLE `edext`.`InscripcionPrograma`
08:35:22 DEBUG [AWT-EventQueue-0]->org.mariadb.jdbc.util.log.Slf4JLogger->debug := execute query: SHOW CREATE TABLE `Usuario`
08:35:22 DEBUG [AWT-EventQueue-0]->org.mariadb.jdbc.util.log.Slf4JLogger->debug := execute query: SHOW CREATE TABLE `ProgramaFormacion`
08:35:22 DEBUG [AWT-EventQueue-0]->org.mariadb.jdbc.util.log.Slf4JLogger->debug := execute query: SELECT TABLE_SCHEMA TABLE_CAT, NULL  TABLE_SCHEM,  TABLE_NAME, IF(TABLE_TYPE='BASE TABLE' or TABLE_TYPE='SYSTEM VERSIONED', 'TABLE', IF(TABLE_TYPE='TEMPORARY', 'LOCAL TEMPORARY', TABLE_TYPE)) as TABLE_TYPE, TABLE_COMMENT REMARKS, NULL TYPE_CAT, NULL TYPE_SCHEM, NULL TYPE_NAME, NULL SELF_REFERENCING_COL_NAME,  NULL REF_GENERATION FROM INFORMATION_SCHEMA.TABLES WHERE TABLE_SCHEMA='edext' AND TABLE_NAME='ProgramaFormacion' AND  TABLE_TYPE IN ('BASE TABLE','SYSTEM VERSIONED','VIEW') ORDER BY TABLE_TYPE, TABLE_SCHEMA, TABLE_NAME
08:35:22 DEBUG [AWT-EventQueue-0]->org.mariadb.jdbc.util.log.Slf4JLogger->debug := execute query: select * from `edext`.`ProgramaFormacion` where 1=0
08:35:22 DEBUG [AWT-EventQueue-0]->org.mariadb.jdbc.util.log.Slf4JLogger->debug := execute query: SELECT TABLE_SCHEMA TABLE_CAT, NULL  TABLE_SCHEM,  TABLE_NAME, IF(TABLE_TYPE='BASE TABLE' or TABLE_TYPE='SYSTEM VERSIONED', 'TABLE', IF(TABLE_TYPE='TEMPORARY', 'LOCAL TEMPORARY', TABLE_TYPE)) as TABLE_TYPE, TABLE_COMMENT REMARKS, NULL TYPE_CAT, NULL TYPE_SCHEM, NULL TYPE_NAME, NULL SELF_REFERENCING_COL_NAME,  NULL REF_GENERATION FROM INFORMATION_SCHEMA.TABLES WHERE TABLE_SCHEMA='edext' AND TABLE_NAME='Usuario' AND  TABLE_TYPE IN ('BASE TABLE','SYSTEM VERSIONED','VIEW') ORDER BY TABLE_TYPE, TABLE_SCHEMA, TABLE_NAME
08:35:22 DEBUG [AWT-EventQueue-0]->org.mariadb.jdbc.util.log.Slf4JLogger->debug := execute query: select * from `edext`.`Usuario` where 1=0
08:35:23 DEBUG [AWT-EventQueue-0]->org.mariadb.jdbc.util.log.Slf4JLogger->debug := execute query: SHOW CREATE TABLE `edext`.`Integra`
08:35:23 DEBUG [AWT-EventQueue-0]->org.mariadb.jdbc.util.log.Slf4JLogger->debug := execute query: SHOW CREATE TABLE `ProgramaFormacion`
08:35:23 DEBUG [AWT-EventQueue-0]->org.mariadb.jdbc.util.log.Slf4JLogger->debug := execute query: SHOW CREATE TABLE `Curso`
08:35:23 DEBUG [AWT-EventQueue-0]->org.mariadb.jdbc.util.log.Slf4JLogger->debug := execute query: SELECT TABLE_SCHEMA TABLE_CAT, NULL  TABLE_SCHEM,  TABLE_NAME, IF(TABLE_TYPE='BASE TABLE' or TABLE_TYPE='SYSTEM VERSIONED', 'TABLE', IF(TABLE_TYPE='TEMPORARY', 'LOCAL TEMPORARY', TABLE_TYPE)) as TABLE_TYPE, TABLE_COMMENT REMARKS, NULL TYPE_CAT, NULL TYPE_SCHEM, NULL TYPE_NAME, NULL SELF_REFERENCING_COL_NAME,  NULL REF_GENERATION FROM INFORMATION_SCHEMA.TABLES WHERE TABLE_SCHEMA='edext' AND TABLE_NAME='Curso' AND  TABLE_TYPE IN ('BASE TABLE','SYSTEM VERSIONED','VIEW') ORDER BY TABLE_TYPE, TABLE_SCHEMA, TABLE_NAME
08:35:23 DEBUG [AWT-EventQueue-0]->org.mariadb.jdbc.util.log.Slf4JLogger->debug := execute query: select * from `edext`.`Curso` where 1=0
08:35:23 DEBUG [AWT-EventQueue-0]->org.mariadb.jdbc.util.log.Slf4JLogger->debug := execute query: SELECT TABLE_SCHEMA TABLE_CAT, NULL  TABLE_SCHEM,  TABLE_NAME, IF(TABLE_TYPE='BASE TABLE' or TABLE_TYPE='SYSTEM VERSIONED', 'TABLE', IF(TABLE_TYPE='TEMPORARY', 'LOCAL TEMPORARY', TABLE_TYPE)) as TABLE_TYPE, TABLE_COMMENT REMARKS, NULL TYPE_CAT, NULL TYPE_SCHEM, NULL TYPE_NAME, NULL SELF_REFERENCING_COL_NAME,  NULL REF_GENERATION FROM INFORMATION_SCHEMA.TABLES WHERE TABLE_SCHEMA='edext' AND TABLE_NAME='ProgramaFormacion' AND  TABLE_TYPE IN ('BASE TABLE','SYSTEM VERSIONED','VIEW') ORDER BY TABLE_TYPE, TABLE_SCHEMA, TABLE_NAME
08:35:23 DEBUG [AWT-EventQueue-0]->org.mariadb.jdbc.util.log.Slf4JLogger->debug := execute query: select * from `edext`.`ProgramaFormacion` where 1=0
08:35:23 DEBUG [AWT-EventQueue-0]->org.mariadb.jdbc.util.log.Slf4JLogger->debug := execute query: SHOW CREATE TABLE `edext`.`Organiza`
08:35:23 DEBUG [AWT-EventQueue-0]->org.mariadb.jdbc.util.log.Slf4JLogger->debug := execute query: SHOW CREATE TABLE `Edicion`
08:35:23 DEBUG [AWT-EventQueue-0]->org.mariadb.jdbc.util.log.Slf4JLogger->debug := execute query: SHOW CREATE TABLE `Usuario`
08:35:23 DEBUG [AWT-EventQueue-0]->org.mariadb.jdbc.util.log.Slf4JLogger->debug := execute query: SELECT TABLE_SCHEMA TABLE_CAT, NULL  TABLE_SCHEM,  TABLE_NAME, IF(TABLE_TYPE='BASE TABLE' or TABLE_TYPE='SYSTEM VERSIONED', 'TABLE', IF(TABLE_TYPE='TEMPORARY', 'LOCAL TEMPORARY', TABLE_TYPE)) as TABLE_TYPE, TABLE_COMMENT REMARKS, NULL TYPE_CAT, NULL TYPE_SCHEM, NULL TYPE_NAME, NULL SELF_REFERENCING_COL_NAME,  NULL REF_GENERATION FROM INFORMATION_SCHEMA.TABLES WHERE TABLE_SCHEMA='edext' AND TABLE_NAME='Edicion' AND  TABLE_TYPE IN ('BASE TABLE','SYSTEM VERSIONED','VIEW') ORDER BY TABLE_TYPE, TABLE_SCHEMA, TABLE_NAME
08:35:23 DEBUG [AWT-EventQueue-0]->org.mariadb.jdbc.util.log.Slf4JLogger->debug := execute query: select * from `edext`.`Edicion` where 1=0
08:35:23 DEBUG [AWT-EventQueue-0]->org.mariadb.jdbc.util.log.Slf4JLogger->debug := execute query: SELECT TABLE_SCHEMA TABLE_CAT, NULL  TABLE_SCHEM,  TABLE_NAME, IF(TABLE_TYPE='BASE TABLE' or TABLE_TYPE='SYSTEM VERSIONED', 'TABLE', IF(TABLE_TYPE='TEMPORARY', 'LOCAL TEMPORARY', TABLE_TYPE)) as TABLE_TYPE, TABLE_COMMENT REMARKS, NULL TYPE_CAT, NULL TYPE_SCHEM, NULL TYPE_NAME, NULL SELF_REFERENCING_COL_NAME,  NULL REF_GENERATION FROM INFORMATION_SCHEMA.TABLES WHERE TABLE_SCHEMA='edext' AND TABLE_NAME='Usuario' AND  TABLE_TYPE IN ('BASE TABLE','SYSTEM VERSIONED','VIEW') ORDER BY TABLE_TYPE, TABLE_SCHEMA, TABLE_NAME
08:35:23 DEBUG [AWT-EventQueue-0]->org.mariadb.jdbc.util.log.Slf4JLogger->debug := execute query: select * from `edext`.`Usuario` where 1=0
08:35:23 DEBUG [AWT-EventQueue-0]->org.mariadb.jdbc.util.log.Slf4JLogger->debug := execute query: SHOW CREATE TABLE `edext`.`Pertenece`
08:35:23 DEBUG [AWT-EventQueue-0]->org.mariadb.jdbc.util.log.Slf4JLogger->debug := execute query: SHOW CREATE TABLE `Usuario`
08:35:23 DEBUG [AWT-EventQueue-0]->org.mariadb.jdbc.util.log.Slf4JLogger->debug := execute query: SHOW CREATE TABLE `Instituto`
08:35:23 DEBUG [AWT-EventQueue-0]->org.mariadb.jdbc.util.log.Slf4JLogger->debug := execute query: SELECT TABLE_SCHEMA TABLE_CAT, NULL  TABLE_SCHEM,  TABLE_NAME, IF(TABLE_TYPE='BASE TABLE' or TABLE_TYPE='SYSTEM VERSIONED', 'TABLE', IF(TABLE_TYPE='TEMPORARY', 'LOCAL TEMPORARY', TABLE_TYPE)) as TABLE_TYPE, TABLE_COMMENT REMARKS, NULL TYPE_CAT, NULL TYPE_SCHEM, NULL TYPE_NAME, NULL SELF_REFERENCING_COL_NAME,  NULL REF_GENERATION FROM INFORMATION_SCHEMA.TABLES WHERE TABLE_SCHEMA='edext' AND TABLE_NAME='Instituto' AND  TABLE_TYPE IN ('BASE TABLE','SYSTEM VERSIONED','VIEW') ORDER BY TABLE_TYPE, TABLE_SCHEMA, TABLE_NAME
08:35:23 DEBUG [AWT-EventQueue-0]->org.mariadb.jdbc.util.log.Slf4JLogger->debug := execute query: select * from `edext`.`Instituto` where 1=0
08:35:23 DEBUG [AWT-EventQueue-0]->org.mariadb.jdbc.util.log.Slf4JLogger->debug := execute query: SELECT TABLE_SCHEMA TABLE_CAT, NULL  TABLE_SCHEM,  TABLE_NAME, IF(TABLE_TYPE='BASE TABLE' or TABLE_TYPE='SYSTEM VERSIONED', 'TABLE', IF(TABLE_TYPE='TEMPORARY', 'LOCAL TEMPORARY', TABLE_TYPE)) as TABLE_TYPE, TABLE_COMMENT REMARKS, NULL TYPE_CAT, NULL TYPE_SCHEM, NULL TYPE_NAME, NULL SELF_REFERENCING_COL_NAME,  NULL REF_GENERATION FROM INFORMATION_SCHEMA.TABLES WHERE TABLE_SCHEMA='edext' AND TABLE_NAME='Usuario' AND  TABLE_TYPE IN ('BASE TABLE','SYSTEM VERSIONED','VIEW') ORDER BY TABLE_TYPE, TABLE_SCHEMA, TABLE_NAME
08:35:23 DEBUG [AWT-EventQueue-0]->org.mariadb.jdbc.util.log.Slf4JLogger->debug := execute query: select * from `edext`.`Usuario` where 1=0
08:35:23 DEBUG [AWT-EventQueue-0]->org.mariadb.jdbc.util.log.Slf4JLogger->debug := execute query: SHOW CREATE TABLE `edext`.`Previas`
08:35:23 DEBUG [AWT-EventQueue-0]->org.mariadb.jdbc.util.log.Slf4JLogger->debug := execute query: SHOW CREATE TABLE `Curso`
08:35:23 DEBUG [AWT-EventQueue-0]->org.mariadb.jdbc.util.log.Slf4JLogger->debug := execute query: SHOW CREATE TABLE `Curso`
08:35:23 DEBUG [AWT-EventQueue-0]->org.mariadb.jdbc.util.log.Slf4JLogger->debug := execute query: SELECT TABLE_SCHEMA TABLE_CAT, NULL  TABLE_SCHEM,  TABLE_NAME, IF(TABLE_TYPE='BASE TABLE' or TABLE_TYPE='SYSTEM VERSIONED', 'TABLE', IF(TABLE_TYPE='TEMPORARY', 'LOCAL TEMPORARY', TABLE_TYPE)) as TABLE_TYPE, TABLE_COMMENT REMARKS, NULL TYPE_CAT, NULL TYPE_SCHEM, NULL TYPE_NAME, NULL SELF_REFERENCING_COL_NAME,  NULL REF_GENERATION FROM INFORMATION_SCHEMA.TABLES WHERE TABLE_SCHEMA='edext' AND TABLE_NAME='Curso' AND  TABLE_TYPE IN ('BASE TABLE','SYSTEM VERSIONED','VIEW') ORDER BY TABLE_TYPE, TABLE_SCHEMA, TABLE_NAME
08:35:23 DEBUG [AWT-EventQueue-0]->org.mariadb.jdbc.util.log.Slf4JLogger->debug := execute query: select * from `edext`.`Curso` where 1=0
08:35:23 DEBUG [AWT-EventQueue-0]->org.mariadb.jdbc.util.log.Slf4JLogger->debug := execute query: SELECT TABLE_SCHEMA TABLE_CAT, NULL  TABLE_SCHEM,  TABLE_NAME, IF(TABLE_TYPE='BASE TABLE' or TABLE_TYPE='SYSTEM VERSIONED', 'TABLE', IF(TABLE_TYPE='TEMPORARY', 'LOCAL TEMPORARY', TABLE_TYPE)) as TABLE_TYPE, TABLE_COMMENT REMARKS, NULL TYPE_CAT, NULL TYPE_SCHEM, NULL TYPE_NAME, NULL SELF_REFERENCING_COL_NAME,  NULL REF_GENERATION FROM INFORMATION_SCHEMA.TABLES WHERE TABLE_SCHEMA='edext' AND TABLE_NAME='Curso' AND  TABLE_TYPE IN ('BASE TABLE','SYSTEM VERSIONED','VIEW') ORDER BY TABLE_TYPE, TABLE_SCHEMA, TABLE_NAME
08:35:23 DEBUG [AWT-EventQueue-0]->org.mariadb.jdbc.util.log.Slf4JLogger->debug := execute query: select * from `edext`.`Curso` where 1=0
08:35:23 DEBUG [AWT-EventQueue-0]->org.mariadb.jdbc.util.log.Slf4JLogger->debug := execute query: set autocommit=0
08:35:23 DEBUG [AWT-EventQueue-0]->org.mariadb.jdbc.util.log.Slf4JLogger->debug := System variable change:  autocommit = OFF
08:35:23 DEBUG [AWT-EventQueue-0]->org.mariadb.jdbc.util.log.Slf4JLogger->debug := execute query: set autocommit=1
08:35:23 DEBUG [AWT-EventQueue-0]->org.mariadb.jdbc.util.log.Slf4JLogger->debug := System variable change:  autocommit = ON
08:35:23 DEBUG [AWT-EventQueue-0]->org.mariadb.jdbc.util.log.Slf4JLogger->debug := execute query: set autocommit=0
08:35:23 DEBUG [AWT-EventQueue-0]->org.mariadb.jdbc.util.log.Slf4JLogger->debug := System variable change:  autocommit = OFF
08:35:23 DEBUG [AWT-EventQueue-0]->org.mariadb.jdbc.util.log.Slf4JLogger->debug := execute query: select i1_0.nombre from Instituto i1_0
08:35:23 DEBUG [AWT-EventQueue-0]->org.mariadb.jdbc.util.log.Slf4JLogger->debug := execute query: set autocommit=1
08:35:23 DEBUG [AWT-EventQueue-0]->org.mariadb.jdbc.util.log.Slf4JLogger->debug := System variable change:  autocommit = ON
08:38:08 DEBUG [AWT-EventQueue-0]->org.mariadb.jdbc.util.log.Slf4JLogger->debug := execute query: CREATE DATABASE IF NOT EXISTS `edext`
08:38:08 DEBUG [AWT-EventQueue-0]->org.mariadb.jdbc.util.log.Slf4JLogger->debug := execute query: USE `edext`
08:38:08 DEBUG [AWT-EventQueue-0]->org.mariadb.jdbc.util.log.Slf4JLogger->debug := execute query: SET NAMES utf8mb4
08:38:08 DEBUG [AWT-EventQueue-0]->org.mariadb.jdbc.util.log.Slf4JLogger->debug := Database change: is 'edext'
08:38:08 DEBUG [AWT-EventQueue-0]->org.mariadb.jdbc.util.log.Slf4JLogger->debug := System variable change:  character_set_connection = utf8mb4
08:38:08 DEBUG [AWT-EventQueue-0]->org.mariadb.jdbc.util.log.Slf4JLogger->debug := System variable change:  character_set_client = utf8mb4
08:38:08 DEBUG [AWT-EventQueue-0]->org.mariadb.jdbc.util.log.Slf4JLogger->debug := System variable change:  character_set_results = utf8mb4
08:38:08 DEBUG [AWT-EventQueue-0]->org.mariadb.jdbc.util.log.Slf4JLogger->debug := execute query: set autocommit=0
08:38:08 DEBUG [AWT-EventQueue-0]->org.mariadb.jdbc.util.log.Slf4JLogger->debug := System variable change:  autocommit = OFF
08:38:08 DEBUG [AWT-EventQueue-0]->org.mariadb.jdbc.util.log.Slf4JLogger->debug := execute query: SELECT @@character_set_database, @@sql_mode
08:38:08 DEBUG [AWT-EventQueue-0]->org.mariadb.jdbc.util.log.Slf4JLogger->debug := execute query: select @@lower_case_table_names
08:38:08 DEBUG [AWT-EventQueue-0]->org.mariadb.jdbc.util.log.Slf4JLogger->debug := execute query: set autocommit=1
08:38:08 DEBUG [AWT-EventQueue-0]->org.mariadb.jdbc.util.log.Slf4JLogger->debug := System variable change:  autocommit = ON
08:38:10 DEBUG [AWT-EventQueue-0]->org.mariadb.jdbc.util.log.Slf4JLogger->debug := execute query: set autocommit=0
08:38:10 DEBUG [AWT-EventQueue-0]->org.mariadb.jdbc.util.log.Slf4JLogger->debug := System variable change:  autocommit = OFF
08:38:10 DEBUG [AWT-EventQueue-0]->org.mariadb.jdbc.util.log.Slf4JLogger->debug := execute query: set autocommit=1
08:38:10 DEBUG [AWT-EventQueue-0]->org.mariadb.jdbc.util.log.Slf4JLogger->debug := System variable change:  autocommit = ON
08:38:10 DEBUG [AWT-EventQueue-0]->org.mariadb.jdbc.util.log.Slf4JLogger->debug := execute query: select table_name from information_schema.TABLES where table_schema=database() and table_type='SEQUENCE'
08:38:10 DEBUG [AWT-EventQueue-0]->org.mariadb.jdbc.util.log.Slf4JLogger->debug := execute query: SELECT TABLE_SCHEMA TABLE_CAT, NULL  TABLE_SCHEM,  TABLE_NAME, IF(TABLE_TYPE='BASE TABLE' or TABLE_TYPE='SYSTEM VERSIONED', 'TABLE', IF(TABLE_TYPE='TEMPORARY', 'LOCAL TEMPORARY', TABLE_TYPE)) as TABLE_TYPE, TABLE_COMMENT REMARKS, NULL TYPE_CAT, NULL TYPE_SCHEM, NULL TYPE_NAME, NULL SELF_REFERENCING_COL_NAME,  NULL REF_GENERATION FROM INFORMATION_SCHEMA.TABLES WHERE TABLE_SCHEMA='edext' AND  TABLE_TYPE IN ('BASE TABLE','SYSTEM VERSIONED','VIEW') ORDER BY TABLE_TYPE, TABLE_SCHEMA, TABLE_NAME
08:38:10 DEBUG [AWT-EventQueue-0]->org.mariadb.jdbc.util.log.Slf4JLogger->debug := execute query: SELECT TABLE_SCHEMA TABLE_CAT, NULL TABLE_SCHEM, TABLE_NAME, COLUMN_NAME, CASE data_type WHEN 'bit' THEN -7 WHEN 'tinyblob' THEN -3 WHEN 'mediumblob' THEN -4 WHEN 'longblob' THEN -4 WHEN 'blob' THEN -4 WHEN 'tinytext' THEN 12 WHEN 'mediumtext' THEN -1 WHEN 'longtext' THEN -1 WHEN 'text' THEN -1 WHEN 'date' THEN 91 WHEN 'datetime' THEN 93 WHEN 'decimal' THEN 3 WHEN 'double' THEN 8 WHEN 'enum' THEN 12 WHEN 'float' THEN 7 WHEN 'int' THEN IF( COLUMN_TYPE like '%unsigned%', 4,4) WHEN 'bigint' THEN -5 WHEN 'mediumint' THEN 4 WHEN 'null' THEN 0 WHEN 'set' THEN 12 WHEN 'smallint' THEN IF( COLUMN_TYPE like '%unsigned%', 5,5) WHEN 'varchar' THEN 12 WHEN 'varbinary' THEN -3 WHEN 'char' THEN 1 WHEN 'binary' THEN -2 WHEN 'time' THEN 92 WHEN 'timestamp' THEN 93 WHEN 'tinyint' THEN IF(COLUMN_TYPE like 'tinyint(1)%',16,-6)  WHEN 'year' THEN 91 ELSE 1111 END  DATA_TYPE, IF(COLUMN_TYPE like 'tinyint(1)%', 'BOOLEAN',  UCASE(IF( COLUMN_TYPE LIKE '%(%)%', CONCAT(SUBSTRING( COLUMN_TYPE,1, LOCATE('(',COLUMN_TYPE) - 1 ), SUBSTRING(COLUMN_TYPE ,1+locate(')', COLUMN_TYPE))), COLUMN_TYPE))) TYPE_NAME, CASE DATA_TYPE WHEN 'date' THEN 10  WHEN 'time' THEN IF(DATETIME_PRECISION = 0, 10, CAST(11 + DATETIME_PRECISION as signed integer))  WHEN 'datetime' THEN IF(DATETIME_PRECISION = 0, 19, CAST(20 + DATETIME_PRECISION as signed integer))  WHEN 'timestamp' THEN IF(DATETIME_PRECISION = 0, 19, CAST(20 + DATETIME_PRECISION as signed integer))  ELSE   IF(NUMERIC_PRECISION IS NULL, LEAST(CHARACTER_MAXIMUM_LENGTH,2147483647), NUMERIC_PRECISION)  END COLUMN_SIZE, 65535 BUFFER_LENGTH,  CONVERT (CASE DATA_TYPE WHEN 'year' THEN NUMERIC_SCALE WHEN 'tinyint' THEN 0 ELSE NUMERIC_SCALE END, UNSIGNED INTEGER) DECIMAL_DIGITS, 10 NUM_PREC_RADIX, IF(IS_NULLABLE = 'yes',1,0) NULLABLE,COLUMN_COMMENT REMARKS, COLUMN_DEFAULT COLUMN_DEF, 0 SQL_DATA_TYPE, 0 SQL_DATETIME_SUB,   LEAST(CHARACTER_OCTET_LENGTH,2147483647) CHAR_OCTET_LENGTH, ORDINAL_POSITION, IS_NULLABLE, NULL SCOPE_CATALOG, NULL SCOPE_SCHEMA, NULL SCOPE_TABLE, NULL SOURCE_DATA_TYPE, IF(EXTRA = 'auto_increment','YES','NO') IS_AUTOINCREMENT,  IF(EXTRA in ('VIRTUAL', 'PERSISTENT', 'VIRTUAL GENERATED', 'STORED GENERATED') ,'YES','NO') IS_GENERATEDCOLUMN  FROM INFORMATION_SCHEMA.COLUMNS WHERE TABLE_SCHEMA='edext' ORDER BY TABLE_CAT, TABLE_SCHEM, TABLE_NAME, ORDINAL_POSITION
08:38:10 DEBUG [AWT-EventQueue-0]->org.mariadb.jdbc.util.log.Slf4JLogger->debug := execute query: SHOW CREATE TABLE `edext`.`Curso`
08:38:10 DEBUG [AWT-EventQueue-0]->org.mariadb.jdbc.util.log.Slf4JLogger->debug := execute query: SHOW CREATE TABLE `Instituto`
08:38:10 DEBUG [AWT-EventQueue-0]->org.mariadb.jdbc.util.log.Slf4JLogger->debug := execute query: SELECT TABLE_SCHEMA TABLE_CAT, NULL  TABLE_SCHEM,  TABLE_NAME, IF(TABLE_TYPE='BASE TABLE' or TABLE_TYPE='SYSTEM VERSIONED', 'TABLE', IF(TABLE_TYPE='TEMPORARY', 'LOCAL TEMPORARY', TABLE_TYPE)) as TABLE_TYPE, TABLE_COMMENT REMARKS, NULL TYPE_CAT, NULL TYPE_SCHEM, NULL TYPE_NAME, NULL SELF_REFERENCING_COL_NAME,  NULL REF_GENERATION FROM INFORMATION_SCHEMA.TABLES WHERE TABLE_SCHEMA='edext' AND TABLE_NAME='Instituto' AND  TABLE_TYPE IN ('BASE TABLE','SYSTEM VERSIONED','VIEW') ORDER BY TABLE_TYPE, TABLE_SCHEMA, TABLE_NAME
08:38:10 DEBUG [AWT-EventQueue-0]->org.mariadb.jdbc.util.log.Slf4JLogger->debug := execute query: select * from `edext`.`Instituto` where 1=0
08:38:10 DEBUG [AWT-EventQueue-0]->org.mariadb.jdbc.util.log.Slf4JLogger->debug := execute query: SHOW CREATE TABLE `edext`.`Edicion`
08:38:10 DEBUG [AWT-EventQueue-0]->org.mariadb.jdbc.util.log.Slf4JLogger->debug := execute query: SHOW CREATE TABLE `Curso`
08:38:10 DEBUG [AWT-EventQueue-0]->org.mariadb.jdbc.util.log.Slf4JLogger->debug := execute query: SELECT TABLE_SCHEMA TABLE_CAT, NULL  TABLE_SCHEM,  TABLE_NAME, IF(TABLE_TYPE='BASE TABLE' or TABLE_TYPE='SYSTEM VERSIONED', 'TABLE', IF(TABLE_TYPE='TEMPORARY', 'LOCAL TEMPORARY', TABLE_TYPE)) as TABLE_TYPE, TABLE_COMMENT REMARKS, NULL TYPE_CAT, NULL TYPE_SCHEM, NULL TYPE_NAME, NULL SELF_REFERENCING_COL_NAME,  NULL REF_GENERATION FROM INFORMATION_SCHEMA.TABLES WHERE TABLE_SCHEMA='edext' AND TABLE_NAME='Curso' AND  TABLE_TYPE IN ('BASE TABLE','SYSTEM VERSIONED','VIEW') ORDER BY TABLE_TYPE, TABLE_SCHEMA, TABLE_NAME
08:38:10 DEBUG [AWT-EventQueue-0]->org.mariadb.jdbc.util.log.Slf4JLogger->debug := execute query: select * from `edext`.`Curso` where 1=0
08:38:10 DEBUG [AWT-EventQueue-0]->org.mariadb.jdbc.util.log.Slf4JLogger->debug := execute query: SHOW CREATE TABLE `edext`.`InscripcionEdicion`
08:38:10 DEBUG [AWT-EventQueue-0]->org.mariadb.jdbc.util.log.Slf4JLogger->debug := execute query: SHOW CREATE TABLE `Edicion`
08:38:10 DEBUG [AWT-EventQueue-0]->org.mariadb.jdbc.util.log.Slf4JLogger->debug := execute query: SHOW CREATE TABLE `Usuario`
08:38:10 DEBUG [AWT-EventQueue-0]->org.mariadb.jdbc.util.log.Slf4JLogger->debug := execute query: SELECT TABLE_SCHEMA TABLE_CAT, NULL  TABLE_SCHEM,  TABLE_NAME, IF(TABLE_TYPE='BASE TABLE' or TABLE_TYPE='SYSTEM VERSIONED', 'TABLE', IF(TABLE_TYPE='TEMPORARY', 'LOCAL TEMPORARY', TABLE_TYPE)) as TABLE_TYPE, TABLE_COMMENT REMARKS, NULL TYPE_CAT, NULL TYPE_SCHEM, NULL TYPE_NAME, NULL SELF_REFERENCING_COL_NAME,  NULL REF_GENERATION FROM INFORMATION_SCHEMA.TABLES WHERE TABLE_SCHEMA='edext' AND TABLE_NAME='Edicion' AND  TABLE_TYPE IN ('BASE TABLE','SYSTEM VERSIONED','VIEW') ORDER BY TABLE_TYPE, TABLE_SCHEMA, TABLE_NAME
08:38:10 DEBUG [AWT-EventQueue-0]->org.mariadb.jdbc.util.log.Slf4JLogger->debug := execute query: select * from `edext`.`Edicion` where 1=0
08:38:10 DEBUG [AWT-EventQueue-0]->org.mariadb.jdbc.util.log.Slf4JLogger->debug := execute query: SELECT TABLE_SCHEMA TABLE_CAT, NULL  TABLE_SCHEM,  TABLE_NAME, IF(TABLE_TYPE='BASE TABLE' or TABLE_TYPE='SYSTEM VERSIONED', 'TABLE', IF(TABLE_TYPE='TEMPORARY', 'LOCAL TEMPORARY', TABLE_TYPE)) as TABLE_TYPE, TABLE_COMMENT REMARKS, NULL TYPE_CAT, NULL TYPE_SCHEM, NULL TYPE_NAME, NULL SELF_REFERENCING_COL_NAME,  NULL REF_GENERATION FROM INFORMATION_SCHEMA.TABLES WHERE TABLE_SCHEMA='edext' AND TABLE_NAME='Usuario' AND  TABLE_TYPE IN ('BASE TABLE','SYSTEM VERSIONED','VIEW') ORDER BY TABLE_TYPE, TABLE_SCHEMA, TABLE_NAME
08:38:10 DEBUG [AWT-EventQueue-0]->org.mariadb.jdbc.util.log.Slf4JLogger->debug := execute query: select * from `edext`.`Usuario` where 1=0
08:38:10 DEBUG [AWT-EventQueue-0]->org.mariadb.jdbc.util.log.Slf4JLogger->debug := execute query: SHOW CREATE TABLE `edext`.`InscripcionPrograma`
08:38:10 DEBUG [AWT-EventQueue-0]->org.mariadb.jdbc.util.log.Slf4JLogger->debug := execute query: SHOW CREATE TABLE `Usuario`
08:38:10 DEBUG [AWT-EventQueue-0]->org.mariadb.jdbc.util.log.Slf4JLogger->debug := execute query: SHOW CREATE TABLE `ProgramaFormacion`
08:38:10 DEBUG [AWT-EventQueue-0]->org.mariadb.jdbc.util.log.Slf4JLogger->debug := execute query: SELECT TABLE_SCHEMA TABLE_CAT, NULL  TABLE_SCHEM,  TABLE_NAME, IF(TABLE_TYPE='BASE TABLE' or TABLE_TYPE='SYSTEM VERSIONED', 'TABLE', IF(TABLE_TYPE='TEMPORARY', 'LOCAL TEMPORARY', TABLE_TYPE)) as TABLE_TYPE, TABLE_COMMENT REMARKS, NULL TYPE_CAT, NULL TYPE_SCHEM, NULL TYPE_NAME, NULL SELF_REFERENCING_COL_NAME,  NULL REF_GENERATION FROM INFORMATION_SCHEMA.TABLES WHERE TABLE_SCHEMA='edext' AND TABLE_NAME='ProgramaFormacion' AND  TABLE_TYPE IN ('BASE TABLE','SYSTEM VERSIONED','VIEW') ORDER BY TABLE_TYPE, TABLE_SCHEMA, TABLE_NAME
08:38:10 DEBUG [AWT-EventQueue-0]->org.mariadb.jdbc.util.log.Slf4JLogger->debug := execute query: select * from `edext`.`ProgramaFormacion` where 1=0
08:38:10 DEBUG [AWT-EventQueue-0]->org.mariadb.jdbc.util.log.Slf4JLogger->debug := execute query: SELECT TABLE_SCHEMA TABLE_CAT, NULL  TABLE_SCHEM,  TABLE_NAME, IF(TABLE_TYPE='BASE TABLE' or TABLE_TYPE='SYSTEM VERSIONED', 'TABLE', IF(TABLE_TYPE='TEMPORARY', 'LOCAL TEMPORARY', TABLE_TYPE)) as TABLE_TYPE, TABLE_COMMENT REMARKS, NULL TYPE_CAT, NULL TYPE_SCHEM, NULL TYPE_NAME, NULL SELF_REFERENCING_COL_NAME,  NULL REF_GENERATION FROM INFORMATION_SCHEMA.TABLES WHERE TABLE_SCHEMA='edext' AND TABLE_NAME='Usuario' AND  TABLE_TYPE IN ('BASE TABLE','SYSTEM VERSIONED','VIEW') ORDER BY TABLE_TYPE, TABLE_SCHEMA, TABLE_NAME
08:38:10 DEBUG [AWT-EventQueue-0]->org.mariadb.jdbc.util.log.Slf4JLogger->debug := execute query: select * from `edext`.`Usuario` where 1=0
08:38:10 DEBUG [AWT-EventQueue-0]->org.mariadb.jdbc.util.log.Slf4JLogger->debug := execute query: SHOW CREATE TABLE `edext`.`Integra`
08:38:10 DEBUG [AWT-EventQueue-0]->org.mariadb.jdbc.util.log.Slf4JLogger->debug := execute query: SHOW CREATE TABLE `ProgramaFormacion`
08:38:10 DEBUG [AWT-EventQueue-0]->org.mariadb.jdbc.util.log.Slf4JLogger->debug := execute query: SHOW CREATE TABLE `Curso`
08:38:10 DEBUG [AWT-EventQueue-0]->org.mariadb.jdbc.util.log.Slf4JLogger->debug := execute query: SELECT TABLE_SCHEMA TABLE_CAT, NULL  TABLE_SCHEM,  TABLE_NAME, IF(TABLE_TYPE='BASE TABLE' or TABLE_TYPE='SYSTEM VERSIONED', 'TABLE', IF(TABLE_TYPE='TEMPORARY', 'LOCAL TEMPORARY', TABLE_TYPE)) as TABLE_TYPE, TABLE_COMMENT REMARKS, NULL TYPE_CAT, NULL TYPE_SCHEM, NULL TYPE_NAME, NULL SELF_REFERENCING_COL_NAME,  NULL REF_GENERATION FROM INFORMATION_SCHEMA.TABLES WHERE TABLE_SCHEMA='edext' AND TABLE_NAME='Curso' AND  TABLE_TYPE IN ('BASE TABLE','SYSTEM VERSIONED','VIEW') ORDER BY TABLE_TYPE, TABLE_SCHEMA, TABLE_NAME
08:38:10 DEBUG [AWT-EventQueue-0]->org.mariadb.jdbc.util.log.Slf4JLogger->debug := execute query: select * from `edext`.`Curso` where 1=0
08:38:10 DEBUG [AWT-EventQueue-0]->org.mariadb.jdbc.util.log.Slf4JLogger->debug := execute query: SELECT TABLE_SCHEMA TABLE_CAT, NULL  TABLE_SCHEM,  TABLE_NAME, IF(TABLE_TYPE='BASE TABLE' or TABLE_TYPE='SYSTEM VERSIONED', 'TABLE', IF(TABLE_TYPE='TEMPORARY', 'LOCAL TEMPORARY', TABLE_TYPE)) as TABLE_TYPE, TABLE_COMMENT REMARKS, NULL TYPE_CAT, NULL TYPE_SCHEM, NULL TYPE_NAME, NULL SELF_REFERENCING_COL_NAME,  NULL REF_GENERATION FROM INFORMATION_SCHEMA.TABLES WHERE TABLE_SCHEMA='edext' AND TABLE_NAME='ProgramaFormacion' AND  TABLE_TYPE IN ('BASE TABLE','SYSTEM VERSIONED','VIEW') ORDER BY TABLE_TYPE, TABLE_SCHEMA, TABLE_NAME
08:38:10 DEBUG [AWT-EventQueue-0]->org.mariadb.jdbc.util.log.Slf4JLogger->debug := execute query: select * from `edext`.`ProgramaFormacion` where 1=0
08:38:10 DEBUG [AWT-EventQueue-0]->org.mariadb.jdbc.util.log.Slf4JLogger->debug := execute query: SHOW CREATE TABLE `edext`.`Organiza`
08:38:10 DEBUG [AWT-EventQueue-0]->org.mariadb.jdbc.util.log.Slf4JLogger->debug := execute query: SHOW CREATE TABLE `Edicion`
08:38:10 DEBUG [AWT-EventQueue-0]->org.mariadb.jdbc.util.log.Slf4JLogger->debug := execute query: SHOW CREATE TABLE `Usuario`
08:38:10 DEBUG [AWT-EventQueue-0]->org.mariadb.jdbc.util.log.Slf4JLogger->debug := execute query: SELECT TABLE_SCHEMA TABLE_CAT, NULL  TABLE_SCHEM,  TABLE_NAME, IF(TABLE_TYPE='BASE TABLE' or TABLE_TYPE='SYSTEM VERSIONED', 'TABLE', IF(TABLE_TYPE='TEMPORARY', 'LOCAL TEMPORARY', TABLE_TYPE)) as TABLE_TYPE, TABLE_COMMENT REMARKS, NULL TYPE_CAT, NULL TYPE_SCHEM, NULL TYPE_NAME, NULL SELF_REFERENCING_COL_NAME,  NULL REF_GENERATION FROM INFORMATION_SCHEMA.TABLES WHERE TABLE_SCHEMA='edext' AND TABLE_NAME='Edicion' AND  TABLE_TYPE IN ('BASE TABLE','SYSTEM VERSIONED','VIEW') ORDER BY TABLE_TYPE, TABLE_SCHEMA, TABLE_NAME
08:38:10 DEBUG [AWT-EventQueue-0]->org.mariadb.jdbc.util.log.Slf4JLogger->debug := execute query: select * from `edext`.`Edicion` where 1=0
08:38:10 DEBUG [AWT-EventQueue-0]->org.mariadb.jdbc.util.log.Slf4JLogger->debug := execute query: SELECT TABLE_SCHEMA TABLE_CAT, NULL  TABLE_SCHEM,  TABLE_NAME, IF(TABLE_TYPE='BASE TABLE' or TABLE_TYPE='SYSTEM VERSIONED', 'TABLE', IF(TABLE_TYPE='TEMPORARY', 'LOCAL TEMPORARY', TABLE_TYPE)) as TABLE_TYPE, TABLE_COMMENT REMARKS, NULL TYPE_CAT, NULL TYPE_SCHEM, NULL TYPE_NAME, NULL SELF_REFERENCING_COL_NAME,  NULL REF_GENERATION FROM INFORMATION_SCHEMA.TABLES WHERE TABLE_SCHEMA='edext' AND TABLE_NAME='Usuario' AND  TABLE_TYPE IN ('BASE TABLE','SYSTEM VERSIONED','VIEW') ORDER BY TABLE_TYPE, TABLE_SCHEMA, TABLE_NAME
08:38:11 DEBUG [AWT-EventQueue-0]->org.mariadb.jdbc.util.log.Slf4JLogger->debug := execute query: select * from `edext`.`Usuario` where 1=0
08:38:11 DEBUG [AWT-EventQueue-0]->org.mariadb.jdbc.util.log.Slf4JLogger->debug := execute query: SHOW CREATE TABLE `edext`.`Pertenece`
08:38:11 DEBUG [AWT-EventQueue-0]->org.mariadb.jdbc.util.log.Slf4JLogger->debug := execute query: SHOW CREATE TABLE `Usuario`
08:38:11 DEBUG [AWT-EventQueue-0]->org.mariadb.jdbc.util.log.Slf4JLogger->debug := execute query: SHOW CREATE TABLE `Instituto`
08:38:11 DEBUG [AWT-EventQueue-0]->org.mariadb.jdbc.util.log.Slf4JLogger->debug := execute query: SELECT TABLE_SCHEMA TABLE_CAT, NULL  TABLE_SCHEM,  TABLE_NAME, IF(TABLE_TYPE='BASE TABLE' or TABLE_TYPE='SYSTEM VERSIONED', 'TABLE', IF(TABLE_TYPE='TEMPORARY', 'LOCAL TEMPORARY', TABLE_TYPE)) as TABLE_TYPE, TABLE_COMMENT REMARKS, NULL TYPE_CAT, NULL TYPE_SCHEM, NULL TYPE_NAME, NULL SELF_REFERENCING_COL_NAME,  NULL REF_GENERATION FROM INFORMATION_SCHEMA.TABLES WHERE TABLE_SCHEMA='edext' AND TABLE_NAME='Instituto' AND  TABLE_TYPE IN ('BASE TABLE','SYSTEM VERSIONED','VIEW') ORDER BY TABLE_TYPE, TABLE_SCHEMA, TABLE_NAME
08:38:11 DEBUG [AWT-EventQueue-0]->org.mariadb.jdbc.util.log.Slf4JLogger->debug := execute query: select * from `edext`.`Instituto` where 1=0
08:38:11 DEBUG [AWT-EventQueue-0]->org.mariadb.jdbc.util.log.Slf4JLogger->debug := execute query: SELECT TABLE_SCHEMA TABLE_CAT, NULL  TABLE_SCHEM,  TABLE_NAME, IF(TABLE_TYPE='BASE TABLE' or TABLE_TYPE='SYSTEM VERSIONED', 'TABLE', IF(TABLE_TYPE='TEMPORARY', 'LOCAL TEMPORARY', TABLE_TYPE)) as TABLE_TYPE, TABLE_COMMENT REMARKS, NULL TYPE_CAT, NULL TYPE_SCHEM, NULL TYPE_NAME, NULL SELF_REFERENCING_COL_NAME,  NULL REF_GENERATION FROM INFORMATION_SCHEMA.TABLES WHERE TABLE_SCHEMA='edext' AND TABLE_NAME='Usuario' AND  TABLE_TYPE IN ('BASE TABLE','SYSTEM VERSIONED','VIEW') ORDER BY TABLE_TYPE, TABLE_SCHEMA, TABLE_NAME
08:38:11 DEBUG [AWT-EventQueue-0]->org.mariadb.jdbc.util.log.Slf4JLogger->debug := execute query: select * from `edext`.`Usuario` where 1=0
08:38:11 DEBUG [AWT-EventQueue-0]->org.mariadb.jdbc.util.log.Slf4JLogger->debug := execute query: SHOW CREATE TABLE `edext`.`Previas`
08:38:11 DEBUG [AWT-EventQueue-0]->org.mariadb.jdbc.util.log.Slf4JLogger->debug := execute query: SHOW CREATE TABLE `Curso`
08:38:11 DEBUG [AWT-EventQueue-0]->org.mariadb.jdbc.util.log.Slf4JLogger->debug := execute query: SHOW CREATE TABLE `Curso`
08:38:11 DEBUG [AWT-EventQueue-0]->org.mariadb.jdbc.util.log.Slf4JLogger->debug := execute query: SELECT TABLE_SCHEMA TABLE_CAT, NULL  TABLE_SCHEM,  TABLE_NAME, IF(TABLE_TYPE='BASE TABLE' or TABLE_TYPE='SYSTEM VERSIONED', 'TABLE', IF(TABLE_TYPE='TEMPORARY', 'LOCAL TEMPORARY', TABLE_TYPE)) as TABLE_TYPE, TABLE_COMMENT REMARKS, NULL TYPE_CAT, NULL TYPE_SCHEM, NULL TYPE_NAME, NULL SELF_REFERENCING_COL_NAME,  NULL REF_GENERATION FROM INFORMATION_SCHEMA.TABLES WHERE TABLE_SCHEMA='edext' AND TABLE_NAME='Curso' AND  TABLE_TYPE IN ('BASE TABLE','SYSTEM VERSIONED','VIEW') ORDER BY TABLE_TYPE, TABLE_SCHEMA, TABLE_NAME
08:38:11 DEBUG [AWT-EventQueue-0]->org.mariadb.jdbc.util.log.Slf4JLogger->debug := execute query: select * from `edext`.`Curso` where 1=0
08:38:11 DEBUG [AWT-EventQueue-0]->org.mariadb.jdbc.util.log.Slf4JLogger->debug := execute query: SELECT TABLE_SCHEMA TABLE_CAT, NULL  TABLE_SCHEM,  TABLE_NAME, IF(TABLE_TYPE='BASE TABLE' or TABLE_TYPE='SYSTEM VERSIONED', 'TABLE', IF(TABLE_TYPE='TEMPORARY', 'LOCAL TEMPORARY', TABLE_TYPE)) as TABLE_TYPE, TABLE_COMMENT REMARKS, NULL TYPE_CAT, NULL TYPE_SCHEM, NULL TYPE_NAME, NULL SELF_REFERENCING_COL_NAME,  NULL REF_GENERATION FROM INFORMATION_SCHEMA.TABLES WHERE TABLE_SCHEMA='edext' AND TABLE_NAME='Curso' AND  TABLE_TYPE IN ('BASE TABLE','SYSTEM VERSIONED','VIEW') ORDER BY TABLE_TYPE, TABLE_SCHEMA, TABLE_NAME
08:38:11 DEBUG [AWT-EventQueue-0]->org.mariadb.jdbc.util.log.Slf4JLogger->debug := execute query: select * from `edext`.`Curso` where 1=0
08:38:11 DEBUG [AWT-EventQueue-0]->org.mariadb.jdbc.util.log.Slf4JLogger->debug := execute query: set autocommit=0
08:38:11 DEBUG [AWT-EventQueue-0]->org.mariadb.jdbc.util.log.Slf4JLogger->debug := System variable change:  autocommit = OFF
08:38:11 DEBUG [AWT-EventQueue-0]->org.mariadb.jdbc.util.log.Slf4JLogger->debug := execute query: set autocommit=1
08:38:11 DEBUG [AWT-EventQueue-0]->org.mariadb.jdbc.util.log.Slf4JLogger->debug := System variable change:  autocommit = ON
08:38:11 DEBUG [AWT-EventQueue-0]->org.mariadb.jdbc.util.log.Slf4JLogger->debug := execute query: set autocommit=0
08:38:11 DEBUG [AWT-EventQueue-0]->org.mariadb.jdbc.util.log.Slf4JLogger->debug := System variable change:  autocommit = OFF
08:38:11 DEBUG [AWT-EventQueue-0]->org.mariadb.jdbc.util.log.Slf4JLogger->debug := execute query: select i1_0.nombre from Instituto i1_0
08:38:11 DEBUG [AWT-EventQueue-0]->org.mariadb.jdbc.util.log.Slf4JLogger->debug := execute query: set autocommit=1
08:38:11 DEBUG [AWT-EventQueue-0]->org.mariadb.jdbc.util.log.Slf4JLogger->debug := System variable change:  autocommit = ON
08:43:47 DEBUG [AWT-EventQueue-0]->org.mariadb.jdbc.util.log.Slf4JLogger->debug := execute query: CREATE DATABASE IF NOT EXISTS `edext`
08:43:47 DEBUG [AWT-EventQueue-0]->org.mariadb.jdbc.util.log.Slf4JLogger->debug := execute query: USE `edext`
08:43:47 DEBUG [AWT-EventQueue-0]->org.mariadb.jdbc.util.log.Slf4JLogger->debug := execute query: SET NAMES utf8mb4
08:43:47 DEBUG [AWT-EventQueue-0]->org.mariadb.jdbc.util.log.Slf4JLogger->debug := Database change: is 'edext'
08:43:47 DEBUG [AWT-EventQueue-0]->org.mariadb.jdbc.util.log.Slf4JLogger->debug := System variable change:  character_set_connection = utf8mb4
08:43:47 DEBUG [AWT-EventQueue-0]->org.mariadb.jdbc.util.log.Slf4JLogger->debug := System variable change:  character_set_client = utf8mb4
08:43:47 DEBUG [AWT-EventQueue-0]->org.mariadb.jdbc.util.log.Slf4JLogger->debug := System variable change:  character_set_results = utf8mb4
08:43:47 DEBUG [AWT-EventQueue-0]->org.mariadb.jdbc.util.log.Slf4JLogger->debug := execute query: set autocommit=0
08:43:47 DEBUG [AWT-EventQueue-0]->org.mariadb.jdbc.util.log.Slf4JLogger->debug := System variable change:  autocommit = OFF
08:43:47 DEBUG [AWT-EventQueue-0]->org.mariadb.jdbc.util.log.Slf4JLogger->debug := execute query: SELECT @@character_set_database, @@sql_mode
08:43:47 DEBUG [AWT-EventQueue-0]->org.mariadb.jdbc.util.log.Slf4JLogger->debug := execute query: select @@lower_case_table_names
08:43:47 DEBUG [AWT-EventQueue-0]->org.mariadb.jdbc.util.log.Slf4JLogger->debug := execute query: set autocommit=1
08:43:47 DEBUG [AWT-EventQueue-0]->org.mariadb.jdbc.util.log.Slf4JLogger->debug := System variable change:  autocommit = ON
08:43:50 DEBUG [AWT-EventQueue-0]->org.mariadb.jdbc.util.log.Slf4JLogger->debug := execute query: set autocommit=0
08:43:50 DEBUG [AWT-EventQueue-0]->org.mariadb.jdbc.util.log.Slf4JLogger->debug := System variable change:  autocommit = OFF
08:43:50 DEBUG [AWT-EventQueue-0]->org.mariadb.jdbc.util.log.Slf4JLogger->debug := execute query: set autocommit=1
08:43:50 DEBUG [AWT-EventQueue-0]->org.mariadb.jdbc.util.log.Slf4JLogger->debug := System variable change:  autocommit = ON
08:43:50 DEBUG [AWT-EventQueue-0]->org.mariadb.jdbc.util.log.Slf4JLogger->debug := execute query: select table_name from information_schema.TABLES where table_schema=database() and table_type='SEQUENCE'
08:43:50 DEBUG [AWT-EventQueue-0]->org.mariadb.jdbc.util.log.Slf4JLogger->debug := execute query: SELECT TABLE_SCHEMA TABLE_CAT, NULL  TABLE_SCHEM,  TABLE_NAME, IF(TABLE_TYPE='BASE TABLE' or TABLE_TYPE='SYSTEM VERSIONED', 'TABLE', IF(TABLE_TYPE='TEMPORARY', 'LOCAL TEMPORARY', TABLE_TYPE)) as TABLE_TYPE, TABLE_COMMENT REMARKS, NULL TYPE_CAT, NULL TYPE_SCHEM, NULL TYPE_NAME, NULL SELF_REFERENCING_COL_NAME,  NULL REF_GENERATION FROM INFORMATION_SCHEMA.TABLES WHERE TABLE_SCHEMA='edext' AND  TABLE_TYPE IN ('BASE TABLE','SYSTEM VERSIONED','VIEW') ORDER BY TABLE_TYPE, TABLE_SCHEMA, TABLE_NAME
08:43:50 DEBUG [AWT-EventQueue-0]->org.mariadb.jdbc.util.log.Slf4JLogger->debug := execute query: SELECT TABLE_SCHEMA TABLE_CAT, NULL TABLE_SCHEM, TABLE_NAME, COLUMN_NAME, CASE data_type WHEN 'bit' THEN -7 WHEN 'tinyblob' THEN -3 WHEN 'mediumblob' THEN -4 WHEN 'longblob' THEN -4 WHEN 'blob' THEN -4 WHEN 'tinytext' THEN 12 WHEN 'mediumtext' THEN -1 WHEN 'longtext' THEN -1 WHEN 'text' THEN -1 WHEN 'date' THEN 91 WHEN 'datetime' THEN 93 WHEN 'decimal' THEN 3 WHEN 'double' THEN 8 WHEN 'enum' THEN 12 WHEN 'float' THEN 7 WHEN 'int' THEN IF( COLUMN_TYPE like '%unsigned%', 4,4) WHEN 'bigint' THEN -5 WHEN 'mediumint' THEN 4 WHEN 'null' THEN 0 WHEN 'set' THEN 12 WHEN 'smallint' THEN IF( COLUMN_TYPE like '%unsigned%', 5,5) WHEN 'varchar' THEN 12 WHEN 'varbinary' THEN -3 WHEN 'char' THEN 1 WHEN 'binary' THEN -2 WHEN 'time' THEN 92 WHEN 'timestamp' THEN 93 WHEN 'tinyint' THEN IF(COLUMN_TYPE like 'tinyint(1)%',16,-6)  WHEN 'year' THEN 91 ELSE 1111 END  DATA_TYPE, IF(COLUMN_TYPE like 'tinyint(1)%', 'BOOLEAN',  UCASE(IF( COLUMN_TYPE LIKE '%(%)%', CONCAT(SUBSTRING( COLUMN_TYPE,1, LOCATE('(',COLUMN_TYPE) - 1 ), SUBSTRING(COLUMN_TYPE ,1+locate(')', COLUMN_TYPE))), COLUMN_TYPE))) TYPE_NAME, CASE DATA_TYPE WHEN 'date' THEN 10  WHEN 'time' THEN IF(DATETIME_PRECISION = 0, 10, CAST(11 + DATETIME_PRECISION as signed integer))  WHEN 'datetime' THEN IF(DATETIME_PRECISION = 0, 19, CAST(20 + DATETIME_PRECISION as signed integer))  WHEN 'timestamp' THEN IF(DATETIME_PRECISION = 0, 19, CAST(20 + DATETIME_PRECISION as signed integer))  ELSE   IF(NUMERIC_PRECISION IS NULL, LEAST(CHARACTER_MAXIMUM_LENGTH,2147483647), NUMERIC_PRECISION)  END COLUMN_SIZE, 65535 BUFFER_LENGTH,  CONVERT (CASE DATA_TYPE WHEN 'year' THEN NUMERIC_SCALE WHEN 'tinyint' THEN 0 ELSE NUMERIC_SCALE END, UNSIGNED INTEGER) DECIMAL_DIGITS, 10 NUM_PREC_RADIX, IF(IS_NULLABLE = 'yes',1,0) NULLABLE,COLUMN_COMMENT REMARKS, COLUMN_DEFAULT COLUMN_DEF, 0 SQL_DATA_TYPE, 0 SQL_DATETIME_SUB,   LEAST(CHARACTER_OCTET_LENGTH,2147483647) CHAR_OCTET_LENGTH, ORDINAL_POSITION, IS_NULLABLE, NULL SCOPE_CATALOG, NULL SCOPE_SCHEMA, NULL SCOPE_TABLE, NULL SOURCE_DATA_TYPE, IF(EXTRA = 'auto_increment','YES','NO') IS_AUTOINCREMENT,  IF(EXTRA in ('VIRTUAL', 'PERSISTENT', 'VIRTUAL GENERATED', 'STORED GENERATED') ,'YES','NO') IS_GENERATEDCOLUMN  FROM INFORMATION_SCHEMA.COLUMNS WHERE TABLE_SCHEMA='edext' ORDER BY TABLE_CAT, TABLE_SCHEM, TABLE_NAME, ORDINAL_POSITION
08:43:50 DEBUG [AWT-EventQueue-0]->org.mariadb.jdbc.util.log.Slf4JLogger->debug := execute query: SHOW CREATE TABLE `edext`.`Curso`
08:43:50 DEBUG [AWT-EventQueue-0]->org.mariadb.jdbc.util.log.Slf4JLogger->debug := execute query: SHOW CREATE TABLE `Instituto`
08:43:50 DEBUG [AWT-EventQueue-0]->org.mariadb.jdbc.util.log.Slf4JLogger->debug := execute query: SELECT TABLE_SCHEMA TABLE_CAT, NULL  TABLE_SCHEM,  TABLE_NAME, IF(TABLE_TYPE='BASE TABLE' or TABLE_TYPE='SYSTEM VERSIONED', 'TABLE', IF(TABLE_TYPE='TEMPORARY', 'LOCAL TEMPORARY', TABLE_TYPE)) as TABLE_TYPE, TABLE_COMMENT REMARKS, NULL TYPE_CAT, NULL TYPE_SCHEM, NULL TYPE_NAME, NULL SELF_REFERENCING_COL_NAME,  NULL REF_GENERATION FROM INFORMATION_SCHEMA.TABLES WHERE TABLE_SCHEMA='edext' AND TABLE_NAME='Instituto' AND  TABLE_TYPE IN ('BASE TABLE','SYSTEM VERSIONED','VIEW') ORDER BY TABLE_TYPE, TABLE_SCHEMA, TABLE_NAME
08:43:50 DEBUG [AWT-EventQueue-0]->org.mariadb.jdbc.util.log.Slf4JLogger->debug := execute query: select * from `edext`.`Instituto` where 1=0
08:43:50 DEBUG [AWT-EventQueue-0]->org.mariadb.jdbc.util.log.Slf4JLogger->debug := execute query: SHOW CREATE TABLE `edext`.`Edicion`
08:43:50 DEBUG [AWT-EventQueue-0]->org.mariadb.jdbc.util.log.Slf4JLogger->debug := execute query: SHOW CREATE TABLE `Curso`
08:43:50 DEBUG [AWT-EventQueue-0]->org.mariadb.jdbc.util.log.Slf4JLogger->debug := execute query: SELECT TABLE_SCHEMA TABLE_CAT, NULL  TABLE_SCHEM,  TABLE_NAME, IF(TABLE_TYPE='BASE TABLE' or TABLE_TYPE='SYSTEM VERSIONED', 'TABLE', IF(TABLE_TYPE='TEMPORARY', 'LOCAL TEMPORARY', TABLE_TYPE)) as TABLE_TYPE, TABLE_COMMENT REMARKS, NULL TYPE_CAT, NULL TYPE_SCHEM, NULL TYPE_NAME, NULL SELF_REFERENCING_COL_NAME,  NULL REF_GENERATION FROM INFORMATION_SCHEMA.TABLES WHERE TABLE_SCHEMA='edext' AND TABLE_NAME='Curso' AND  TABLE_TYPE IN ('BASE TABLE','SYSTEM VERSIONED','VIEW') ORDER BY TABLE_TYPE, TABLE_SCHEMA, TABLE_NAME
08:43:50 DEBUG [AWT-EventQueue-0]->org.mariadb.jdbc.util.log.Slf4JLogger->debug := execute query: select * from `edext`.`Curso` where 1=0
08:43:50 DEBUG [AWT-EventQueue-0]->org.mariadb.jdbc.util.log.Slf4JLogger->debug := execute query: SHOW CREATE TABLE `edext`.`InscripcionEdicion`
08:43:50 DEBUG [AWT-EventQueue-0]->org.mariadb.jdbc.util.log.Slf4JLogger->debug := execute query: SHOW CREATE TABLE `Edicion`
08:43:50 DEBUG [AWT-EventQueue-0]->org.mariadb.jdbc.util.log.Slf4JLogger->debug := execute query: SHOW CREATE TABLE `Usuario`
08:43:50 DEBUG [AWT-EventQueue-0]->org.mariadb.jdbc.util.log.Slf4JLogger->debug := execute query: SELECT TABLE_SCHEMA TABLE_CAT, NULL  TABLE_SCHEM,  TABLE_NAME, IF(TABLE_TYPE='BASE TABLE' or TABLE_TYPE='SYSTEM VERSIONED', 'TABLE', IF(TABLE_TYPE='TEMPORARY', 'LOCAL TEMPORARY', TABLE_TYPE)) as TABLE_TYPE, TABLE_COMMENT REMARKS, NULL TYPE_CAT, NULL TYPE_SCHEM, NULL TYPE_NAME, NULL SELF_REFERENCING_COL_NAME,  NULL REF_GENERATION FROM INFORMATION_SCHEMA.TABLES WHERE TABLE_SCHEMA='edext' AND TABLE_NAME='Edicion' AND  TABLE_TYPE IN ('BASE TABLE','SYSTEM VERSIONED','VIEW') ORDER BY TABLE_TYPE, TABLE_SCHEMA, TABLE_NAME
08:43:50 DEBUG [AWT-EventQueue-0]->org.mariadb.jdbc.util.log.Slf4JLogger->debug := execute query: select * from `edext`.`Edicion` where 1=0
08:43:50 DEBUG [AWT-EventQueue-0]->org.mariadb.jdbc.util.log.Slf4JLogger->debug := execute query: SELECT TABLE_SCHEMA TABLE_CAT, NULL  TABLE_SCHEM,  TABLE_NAME, IF(TABLE_TYPE='BASE TABLE' or TABLE_TYPE='SYSTEM VERSIONED', 'TABLE', IF(TABLE_TYPE='TEMPORARY', 'LOCAL TEMPORARY', TABLE_TYPE)) as TABLE_TYPE, TABLE_COMMENT REMARKS, NULL TYPE_CAT, NULL TYPE_SCHEM, NULL TYPE_NAME, NULL SELF_REFERENCING_COL_NAME,  NULL REF_GENERATION FROM INFORMATION_SCHEMA.TABLES WHERE TABLE_SCHEMA='edext' AND TABLE_NAME='Usuario' AND  TABLE_TYPE IN ('BASE TABLE','SYSTEM VERSIONED','VIEW') ORDER BY TABLE_TYPE, TABLE_SCHEMA, TABLE_NAME
08:43:50 DEBUG [AWT-EventQueue-0]->org.mariadb.jdbc.util.log.Slf4JLogger->debug := execute query: select * from `edext`.`Usuario` where 1=0
08:43:50 DEBUG [AWT-EventQueue-0]->org.mariadb.jdbc.util.log.Slf4JLogger->debug := execute query: SHOW CREATE TABLE `edext`.`InscripcionPrograma`
08:43:50 DEBUG [AWT-EventQueue-0]->org.mariadb.jdbc.util.log.Slf4JLogger->debug := execute query: SHOW CREATE TABLE `Usuario`
08:43:50 DEBUG [AWT-EventQueue-0]->org.mariadb.jdbc.util.log.Slf4JLogger->debug := execute query: SHOW CREATE TABLE `ProgramaFormacion`
08:43:50 DEBUG [AWT-EventQueue-0]->org.mariadb.jdbc.util.log.Slf4JLogger->debug := execute query: SELECT TABLE_SCHEMA TABLE_CAT, NULL  TABLE_SCHEM,  TABLE_NAME, IF(TABLE_TYPE='BASE TABLE' or TABLE_TYPE='SYSTEM VERSIONED', 'TABLE', IF(TABLE_TYPE='TEMPORARY', 'LOCAL TEMPORARY', TABLE_TYPE)) as TABLE_TYPE, TABLE_COMMENT REMARKS, NULL TYPE_CAT, NULL TYPE_SCHEM, NULL TYPE_NAME, NULL SELF_REFERENCING_COL_NAME,  NULL REF_GENERATION FROM INFORMATION_SCHEMA.TABLES WHERE TABLE_SCHEMA='edext' AND TABLE_NAME='ProgramaFormacion' AND  TABLE_TYPE IN ('BASE TABLE','SYSTEM VERSIONED','VIEW') ORDER BY TABLE_TYPE, TABLE_SCHEMA, TABLE_NAME
08:43:50 DEBUG [AWT-EventQueue-0]->org.mariadb.jdbc.util.log.Slf4JLogger->debug := execute query: select * from `edext`.`ProgramaFormacion` where 1=0
08:43:50 DEBUG [AWT-EventQueue-0]->org.mariadb.jdbc.util.log.Slf4JLogger->debug := execute query: SELECT TABLE_SCHEMA TABLE_CAT, NULL  TABLE_SCHEM,  TABLE_NAME, IF(TABLE_TYPE='BASE TABLE' or TABLE_TYPE='SYSTEM VERSIONED', 'TABLE', IF(TABLE_TYPE='TEMPORARY', 'LOCAL TEMPORARY', TABLE_TYPE)) as TABLE_TYPE, TABLE_COMMENT REMARKS, NULL TYPE_CAT, NULL TYPE_SCHEM, NULL TYPE_NAME, NULL SELF_REFERENCING_COL_NAME,  NULL REF_GENERATION FROM INFORMATION_SCHEMA.TABLES WHERE TABLE_SCHEMA='edext' AND TABLE_NAME='Usuario' AND  TABLE_TYPE IN ('BASE TABLE','SYSTEM VERSIONED','VIEW') ORDER BY TABLE_TYPE, TABLE_SCHEMA, TABLE_NAME
08:43:50 DEBUG [AWT-EventQueue-0]->org.mariadb.jdbc.util.log.Slf4JLogger->debug := execute query: select * from `edext`.`Usuario` where 1=0
08:43:50 DEBUG [AWT-EventQueue-0]->org.mariadb.jdbc.util.log.Slf4JLogger->debug := execute query: SHOW CREATE TABLE `edext`.`Integra`
08:43:50 DEBUG [AWT-EventQueue-0]->org.mariadb.jdbc.util.log.Slf4JLogger->debug := execute query: SHOW CREATE TABLE `ProgramaFormacion`
08:43:50 DEBUG [AWT-EventQueue-0]->org.mariadb.jdbc.util.log.Slf4JLogger->debug := execute query: SHOW CREATE TABLE `Curso`
08:43:50 DEBUG [AWT-EventQueue-0]->org.mariadb.jdbc.util.log.Slf4JLogger->debug := execute query: SELECT TABLE_SCHEMA TABLE_CAT, NULL  TABLE_SCHEM,  TABLE_NAME, IF(TABLE_TYPE='BASE TABLE' or TABLE_TYPE='SYSTEM VERSIONED', 'TABLE', IF(TABLE_TYPE='TEMPORARY', 'LOCAL TEMPORARY', TABLE_TYPE)) as TABLE_TYPE, TABLE_COMMENT REMARKS, NULL TYPE_CAT, NULL TYPE_SCHEM, NULL TYPE_NAME, NULL SELF_REFERENCING_COL_NAME,  NULL REF_GENERATION FROM INFORMATION_SCHEMA.TABLES WHERE TABLE_SCHEMA='edext' AND TABLE_NAME='Curso' AND  TABLE_TYPE IN ('BASE TABLE','SYSTEM VERSIONED','VIEW') ORDER BY TABLE_TYPE, TABLE_SCHEMA, TABLE_NAME
08:43:50 DEBUG [AWT-EventQueue-0]->org.mariadb.jdbc.util.log.Slf4JLogger->debug := execute query: select * from `edext`.`Curso` where 1=0
08:43:50 DEBUG [AWT-EventQueue-0]->org.mariadb.jdbc.util.log.Slf4JLogger->debug := execute query: SELECT TABLE_SCHEMA TABLE_CAT, NULL  TABLE_SCHEM,  TABLE_NAME, IF(TABLE_TYPE='BASE TABLE' or TABLE_TYPE='SYSTEM VERSIONED', 'TABLE', IF(TABLE_TYPE='TEMPORARY', 'LOCAL TEMPORARY', TABLE_TYPE)) as TABLE_TYPE, TABLE_COMMENT REMARKS, NULL TYPE_CAT, NULL TYPE_SCHEM, NULL TYPE_NAME, NULL SELF_REFERENCING_COL_NAME,  NULL REF_GENERATION FROM INFORMATION_SCHEMA.TABLES WHERE TABLE_SCHEMA='edext' AND TABLE_NAME='ProgramaFormacion' AND  TABLE_TYPE IN ('BASE TABLE','SYSTEM VERSIONED','VIEW') ORDER BY TABLE_TYPE, TABLE_SCHEMA, TABLE_NAME
08:43:50 DEBUG [AWT-EventQueue-0]->org.mariadb.jdbc.util.log.Slf4JLogger->debug := execute query: select * from `edext`.`ProgramaFormacion` where 1=0
08:43:50 DEBUG [AWT-EventQueue-0]->org.mariadb.jdbc.util.log.Slf4JLogger->debug := execute query: SHOW CREATE TABLE `edext`.`Organiza`
08:43:50 DEBUG [AWT-EventQueue-0]->org.mariadb.jdbc.util.log.Slf4JLogger->debug := execute query: SHOW CREATE TABLE `Edicion`
08:43:50 DEBUG [AWT-EventQueue-0]->org.mariadb.jdbc.util.log.Slf4JLogger->debug := execute query: SHOW CREATE TABLE `Usuario`
08:43:50 DEBUG [AWT-EventQueue-0]->org.mariadb.jdbc.util.log.Slf4JLogger->debug := execute query: SELECT TABLE_SCHEMA TABLE_CAT, NULL  TABLE_SCHEM,  TABLE_NAME, IF(TABLE_TYPE='BASE TABLE' or TABLE_TYPE='SYSTEM VERSIONED', 'TABLE', IF(TABLE_TYPE='TEMPORARY', 'LOCAL TEMPORARY', TABLE_TYPE)) as TABLE_TYPE, TABLE_COMMENT REMARKS, NULL TYPE_CAT, NULL TYPE_SCHEM, NULL TYPE_NAME, NULL SELF_REFERENCING_COL_NAME,  NULL REF_GENERATION FROM INFORMATION_SCHEMA.TABLES WHERE TABLE_SCHEMA='edext' AND TABLE_NAME='Edicion' AND  TABLE_TYPE IN ('BASE TABLE','SYSTEM VERSIONED','VIEW') ORDER BY TABLE_TYPE, TABLE_SCHEMA, TABLE_NAME
08:43:50 DEBUG [AWT-EventQueue-0]->org.mariadb.jdbc.util.log.Slf4JLogger->debug := execute query: select * from `edext`.`Edicion` where 1=0
08:43:50 DEBUG [AWT-EventQueue-0]->org.mariadb.jdbc.util.log.Slf4JLogger->debug := execute query: SELECT TABLE_SCHEMA TABLE_CAT, NULL  TABLE_SCHEM,  TABLE_NAME, IF(TABLE_TYPE='BASE TABLE' or TABLE_TYPE='SYSTEM VERSIONED', 'TABLE', IF(TABLE_TYPE='TEMPORARY', 'LOCAL TEMPORARY', TABLE_TYPE)) as TABLE_TYPE, TABLE_COMMENT REMARKS, NULL TYPE_CAT, NULL TYPE_SCHEM, NULL TYPE_NAME, NULL SELF_REFERENCING_COL_NAME,  NULL REF_GENERATION FROM INFORMATION_SCHEMA.TABLES WHERE TABLE_SCHEMA='edext' AND TABLE_NAME='Usuario' AND  TABLE_TYPE IN ('BASE TABLE','SYSTEM VERSIONED','VIEW') ORDER BY TABLE_TYPE, TABLE_SCHEMA, TABLE_NAME
08:43:50 DEBUG [AWT-EventQueue-0]->org.mariadb.jdbc.util.log.Slf4JLogger->debug := execute query: select * from `edext`.`Usuario` where 1=0
08:43:50 DEBUG [AWT-EventQueue-0]->org.mariadb.jdbc.util.log.Slf4JLogger->debug := execute query: SHOW CREATE TABLE `edext`.`Pertenece`
08:43:50 DEBUG [AWT-EventQueue-0]->org.mariadb.jdbc.util.log.Slf4JLogger->debug := execute query: SHOW CREATE TABLE `Usuario`
08:43:50 DEBUG [AWT-EventQueue-0]->org.mariadb.jdbc.util.log.Slf4JLogger->debug := execute query: SHOW CREATE TABLE `Instituto`
08:43:50 DEBUG [AWT-EventQueue-0]->org.mariadb.jdbc.util.log.Slf4JLogger->debug := execute query: SELECT TABLE_SCHEMA TABLE_CAT, NULL  TABLE_SCHEM,  TABLE_NAME, IF(TABLE_TYPE='BASE TABLE' or TABLE_TYPE='SYSTEM VERSIONED', 'TABLE', IF(TABLE_TYPE='TEMPORARY', 'LOCAL TEMPORARY', TABLE_TYPE)) as TABLE_TYPE, TABLE_COMMENT REMARKS, NULL TYPE_CAT, NULL TYPE_SCHEM, NULL TYPE_NAME, NULL SELF_REFERENCING_COL_NAME,  NULL REF_GENERATION FROM INFORMATION_SCHEMA.TABLES WHERE TABLE_SCHEMA='edext' AND TABLE_NAME='Instituto' AND  TABLE_TYPE IN ('BASE TABLE','SYSTEM VERSIONED','VIEW') ORDER BY TABLE_TYPE, TABLE_SCHEMA, TABLE_NAME
08:43:50 DEBUG [AWT-EventQueue-0]->org.mariadb.jdbc.util.log.Slf4JLogger->debug := execute query: select * from `edext`.`Instituto` where 1=0
08:43:50 DEBUG [AWT-EventQueue-0]->org.mariadb.jdbc.util.log.Slf4JLogger->debug := execute query: SELECT TABLE_SCHEMA TABLE_CAT, NULL  TABLE_SCHEM,  TABLE_NAME, IF(TABLE_TYPE='BASE TABLE' or TABLE_TYPE='SYSTEM VERSIONED', 'TABLE', IF(TABLE_TYPE='TEMPORARY', 'LOCAL TEMPORARY', TABLE_TYPE)) as TABLE_TYPE, TABLE_COMMENT REMARKS, NULL TYPE_CAT, NULL TYPE_SCHEM, NULL TYPE_NAME, NULL SELF_REFERENCING_COL_NAME,  NULL REF_GENERATION FROM INFORMATION_SCHEMA.TABLES WHERE TABLE_SCHEMA='edext' AND TABLE_NAME='Usuario' AND  TABLE_TYPE IN ('BASE TABLE','SYSTEM VERSIONED','VIEW') ORDER BY TABLE_TYPE, TABLE_SCHEMA, TABLE_NAME
08:43:50 DEBUG [AWT-EventQueue-0]->org.mariadb.jdbc.util.log.Slf4JLogger->debug := execute query: select * from `edext`.`Usuario` where 1=0
08:43:50 DEBUG [AWT-EventQueue-0]->org.mariadb.jdbc.util.log.Slf4JLogger->debug := execute query: SHOW CREATE TABLE `edext`.`Previas`
08:43:50 DEBUG [AWT-EventQueue-0]->org.mariadb.jdbc.util.log.Slf4JLogger->debug := execute query: SHOW CREATE TABLE `Curso`
08:43:50 DEBUG [AWT-EventQueue-0]->org.mariadb.jdbc.util.log.Slf4JLogger->debug := execute query: SHOW CREATE TABLE `Curso`
08:43:50 DEBUG [AWT-EventQueue-0]->org.mariadb.jdbc.util.log.Slf4JLogger->debug := execute query: SELECT TABLE_SCHEMA TABLE_CAT, NULL  TABLE_SCHEM,  TABLE_NAME, IF(TABLE_TYPE='BASE TABLE' or TABLE_TYPE='SYSTEM VERSIONED', 'TABLE', IF(TABLE_TYPE='TEMPORARY', 'LOCAL TEMPORARY', TABLE_TYPE)) as TABLE_TYPE, TABLE_COMMENT REMARKS, NULL TYPE_CAT, NULL TYPE_SCHEM, NULL TYPE_NAME, NULL SELF_REFERENCING_COL_NAME,  NULL REF_GENERATION FROM INFORMATION_SCHEMA.TABLES WHERE TABLE_SCHEMA='edext' AND TABLE_NAME='Curso' AND  TABLE_TYPE IN ('BASE TABLE','SYSTEM VERSIONED','VIEW') ORDER BY TABLE_TYPE, TABLE_SCHEMA, TABLE_NAME
08:43:50 DEBUG [AWT-EventQueue-0]->org.mariadb.jdbc.util.log.Slf4JLogger->debug := execute query: select * from `edext`.`Curso` where 1=0
08:43:50 DEBUG [AWT-EventQueue-0]->org.mariadb.jdbc.util.log.Slf4JLogger->debug := execute query: SELECT TABLE_SCHEMA TABLE_CAT, NULL  TABLE_SCHEM,  TABLE_NAME, IF(TABLE_TYPE='BASE TABLE' or TABLE_TYPE='SYSTEM VERSIONED', 'TABLE', IF(TABLE_TYPE='TEMPORARY', 'LOCAL TEMPORARY', TABLE_TYPE)) as TABLE_TYPE, TABLE_COMMENT REMARKS, NULL TYPE_CAT, NULL TYPE_SCHEM, NULL TYPE_NAME, NULL SELF_REFERENCING_COL_NAME,  NULL REF_GENERATION FROM INFORMATION_SCHEMA.TABLES WHERE TABLE_SCHEMA='edext' AND TABLE_NAME='Curso' AND  TABLE_TYPE IN ('BASE TABLE','SYSTEM VERSIONED','VIEW') ORDER BY TABLE_TYPE, TABLE_SCHEMA, TABLE_NAME
08:43:50 DEBUG [AWT-EventQueue-0]->org.mariadb.jdbc.util.log.Slf4JLogger->debug := execute query: select * from `edext`.`Curso` where 1=0
08:43:50 DEBUG [AWT-EventQueue-0]->org.mariadb.jdbc.util.log.Slf4JLogger->debug := execute query: set autocommit=0
08:43:50 DEBUG [AWT-EventQueue-0]->org.mariadb.jdbc.util.log.Slf4JLogger->debug := System variable change:  autocommit = OFF
08:43:50 DEBUG [AWT-EventQueue-0]->org.mariadb.jdbc.util.log.Slf4JLogger->debug := execute query: set autocommit=1
08:43:50 DEBUG [AWT-EventQueue-0]->org.mariadb.jdbc.util.log.Slf4JLogger->debug := System variable change:  autocommit = ON
08:43:50 DEBUG [AWT-EventQueue-0]->org.mariadb.jdbc.util.log.Slf4JLogger->debug := execute query: set autocommit=0
08:43:50 DEBUG [AWT-EventQueue-0]->org.mariadb.jdbc.util.log.Slf4JLogger->debug := System variable change:  autocommit = OFF
08:43:50 DEBUG [AWT-EventQueue-0]->org.mariadb.jdbc.util.log.Slf4JLogger->debug := execute query: select i1_0.nombre from Instituto i1_0
08:43:50 DEBUG [AWT-EventQueue-0]->org.mariadb.jdbc.util.log.Slf4JLogger->debug := execute query: set autocommit=1
08:43:50 DEBUG [AWT-EventQueue-0]->org.mariadb.jdbc.util.log.Slf4JLogger->debug := System variable change:  autocommit = ON
08:48:30 DEBUG [AWT-EventQueue-0]->org.mariadb.jdbc.util.log.Slf4JLogger->debug := execute query: CREATE DATABASE IF NOT EXISTS `edext`
08:48:30 DEBUG [AWT-EventQueue-0]->org.mariadb.jdbc.util.log.Slf4JLogger->debug := execute query: USE `edext`
08:48:30 DEBUG [AWT-EventQueue-0]->org.mariadb.jdbc.util.log.Slf4JLogger->debug := execute query: SET NAMES utf8mb4
08:48:30 DEBUG [AWT-EventQueue-0]->org.mariadb.jdbc.util.log.Slf4JLogger->debug := Database change: is 'edext'
08:48:30 DEBUG [AWT-EventQueue-0]->org.mariadb.jdbc.util.log.Slf4JLogger->debug := System variable change:  character_set_connection = utf8mb4
08:48:30 DEBUG [AWT-EventQueue-0]->org.mariadb.jdbc.util.log.Slf4JLogger->debug := System variable change:  character_set_client = utf8mb4
08:48:30 DEBUG [AWT-EventQueue-0]->org.mariadb.jdbc.util.log.Slf4JLogger->debug := System variable change:  character_set_results = utf8mb4
08:48:30 DEBUG [AWT-EventQueue-0]->org.mariadb.jdbc.util.log.Slf4JLogger->debug := execute query: set autocommit=0
08:48:30 DEBUG [AWT-EventQueue-0]->org.mariadb.jdbc.util.log.Slf4JLogger->debug := System variable change:  autocommit = OFF
08:48:30 DEBUG [AWT-EventQueue-0]->org.mariadb.jdbc.util.log.Slf4JLogger->debug := execute query: SELECT @@character_set_database, @@sql_mode
08:48:30 DEBUG [AWT-EventQueue-0]->org.mariadb.jdbc.util.log.Slf4JLogger->debug := execute query: select @@lower_case_table_names
08:48:30 DEBUG [AWT-EventQueue-0]->org.mariadb.jdbc.util.log.Slf4JLogger->debug := execute query: set autocommit=1
08:48:30 DEBUG [AWT-EventQueue-0]->org.mariadb.jdbc.util.log.Slf4JLogger->debug := System variable change:  autocommit = ON
08:48:33 DEBUG [AWT-EventQueue-0]->org.mariadb.jdbc.util.log.Slf4JLogger->debug := execute query: set autocommit=0
08:48:33 DEBUG [AWT-EventQueue-0]->org.mariadb.jdbc.util.log.Slf4JLogger->debug := System variable change:  autocommit = OFF
08:48:33 DEBUG [AWT-EventQueue-0]->org.mariadb.jdbc.util.log.Slf4JLogger->debug := execute query: set autocommit=1
08:48:33 DEBUG [AWT-EventQueue-0]->org.mariadb.jdbc.util.log.Slf4JLogger->debug := System variable change:  autocommit = ON
08:48:33 DEBUG [AWT-EventQueue-0]->org.mariadb.jdbc.util.log.Slf4JLogger->debug := execute query: select table_name from information_schema.TABLES where table_schema=database() and table_type='SEQUENCE'
08:48:33 DEBUG [AWT-EventQueue-0]->org.mariadb.jdbc.util.log.Slf4JLogger->debug := execute query: SELECT TABLE_SCHEMA TABLE_CAT, NULL  TABLE_SCHEM,  TABLE_NAME, IF(TABLE_TYPE='BASE TABLE' or TABLE_TYPE='SYSTEM VERSIONED', 'TABLE', IF(TABLE_TYPE='TEMPORARY', 'LOCAL TEMPORARY', TABLE_TYPE)) as TABLE_TYPE, TABLE_COMMENT REMARKS, NULL TYPE_CAT, NULL TYPE_SCHEM, NULL TYPE_NAME, NULL SELF_REFERENCING_COL_NAME,  NULL REF_GENERATION FROM INFORMATION_SCHEMA.TABLES WHERE TABLE_SCHEMA='edext' AND  TABLE_TYPE IN ('BASE TABLE','SYSTEM VERSIONED','VIEW') ORDER BY TABLE_TYPE, TABLE_SCHEMA, TABLE_NAME
08:48:33 DEBUG [AWT-EventQueue-0]->org.mariadb.jdbc.util.log.Slf4JLogger->debug := execute query: SELECT TABLE_SCHEMA TABLE_CAT, NULL TABLE_SCHEM, TABLE_NAME, COLUMN_NAME, CASE data_type WHEN 'bit' THEN -7 WHEN 'tinyblob' THEN -3 WHEN 'mediumblob' THEN -4 WHEN 'longblob' THEN -4 WHEN 'blob' THEN -4 WHEN 'tinytext' THEN 12 WHEN 'mediumtext' THEN -1 WHEN 'longtext' THEN -1 WHEN 'text' THEN -1 WHEN 'date' THEN 91 WHEN 'datetime' THEN 93 WHEN 'decimal' THEN 3 WHEN 'double' THEN 8 WHEN 'enum' THEN 12 WHEN 'float' THEN 7 WHEN 'int' THEN IF( COLUMN_TYPE like '%unsigned%', 4,4) WHEN 'bigint' THEN -5 WHEN 'mediumint' THEN 4 WHEN 'null' THEN 0 WHEN 'set' THEN 12 WHEN 'smallint' THEN IF( COLUMN_TYPE like '%unsigned%', 5,5) WHEN 'varchar' THEN 12 WHEN 'varbinary' THEN -3 WHEN 'char' THEN 1 WHEN 'binary' THEN -2 WHEN 'time' THEN 92 WHEN 'timestamp' THEN 93 WHEN 'tinyint' THEN IF(COLUMN_TYPE like 'tinyint(1)%',16,-6)  WHEN 'year' THEN 91 ELSE 1111 END  DATA_TYPE, IF(COLUMN_TYPE like 'tinyint(1)%', 'BOOLEAN',  UCASE(IF( COLUMN_TYPE LIKE '%(%)%', CONCAT(SUBSTRING( COLUMN_TYPE,1, LOCATE('(',COLUMN_TYPE) - 1 ), SUBSTRING(COLUMN_TYPE ,1+locate(')', COLUMN_TYPE))), COLUMN_TYPE))) TYPE_NAME, CASE DATA_TYPE WHEN 'date' THEN 10  WHEN 'time' THEN IF(DATETIME_PRECISION = 0, 10, CAST(11 + DATETIME_PRECISION as signed integer))  WHEN 'datetime' THEN IF(DATETIME_PRECISION = 0, 19, CAST(20 + DATETIME_PRECISION as signed integer))  WHEN 'timestamp' THEN IF(DATETIME_PRECISION = 0, 19, CAST(20 + DATETIME_PRECISION as signed integer))  ELSE   IF(NUMERIC_PRECISION IS NULL, LEAST(CHARACTER_MAXIMUM_LENGTH,2147483647), NUMERIC_PRECISION)  END COLUMN_SIZE, 65535 BUFFER_LENGTH,  CONVERT (CASE DATA_TYPE WHEN 'year' THEN NUMERIC_SCALE WHEN 'tinyint' THEN 0 ELSE NUMERIC_SCALE END, UNSIGNED INTEGER) DECIMAL_DIGITS, 10 NUM_PREC_RADIX, IF(IS_NULLABLE = 'yes',1,0) NULLABLE,COLUMN_COMMENT REMARKS, COLUMN_DEFAULT COLUMN_DEF, 0 SQL_DATA_TYPE, 0 SQL_DATETIME_SUB,   LEAST(CHARACTER_OCTET_LENGTH,2147483647) CHAR_OCTET_LENGTH, ORDINAL_POSITION, IS_NULLABLE, NULL SCOPE_CATALOG, NULL SCOPE_SCHEMA, NULL SCOPE_TABLE, NULL SOURCE_DATA_TYPE, IF(EXTRA = 'auto_increment','YES','NO') IS_AUTOINCREMENT,  IF(EXTRA in ('VIRTUAL', 'PERSISTENT', 'VIRTUAL GENERATED', 'STORED GENERATED') ,'YES','NO') IS_GENERATEDCOLUMN  FROM INFORMATION_SCHEMA.COLUMNS WHERE TABLE_SCHEMA='edext' ORDER BY TABLE_CAT, TABLE_SCHEM, TABLE_NAME, ORDINAL_POSITION
08:48:33 DEBUG [AWT-EventQueue-0]->org.mariadb.jdbc.util.log.Slf4JLogger->debug := execute query: SHOW CREATE TABLE `edext`.`Curso`
08:48:33 DEBUG [AWT-EventQueue-0]->org.mariadb.jdbc.util.log.Slf4JLogger->debug := execute query: SHOW CREATE TABLE `Instituto`
08:48:33 DEBUG [AWT-EventQueue-0]->org.mariadb.jdbc.util.log.Slf4JLogger->debug := execute query: SELECT TABLE_SCHEMA TABLE_CAT, NULL  TABLE_SCHEM,  TABLE_NAME, IF(TABLE_TYPE='BASE TABLE' or TABLE_TYPE='SYSTEM VERSIONED', 'TABLE', IF(TABLE_TYPE='TEMPORARY', 'LOCAL TEMPORARY', TABLE_TYPE)) as TABLE_TYPE, TABLE_COMMENT REMARKS, NULL TYPE_CAT, NULL TYPE_SCHEM, NULL TYPE_NAME, NULL SELF_REFERENCING_COL_NAME,  NULL REF_GENERATION FROM INFORMATION_SCHEMA.TABLES WHERE TABLE_SCHEMA='edext' AND TABLE_NAME='Instituto' AND  TABLE_TYPE IN ('BASE TABLE','SYSTEM VERSIONED','VIEW') ORDER BY TABLE_TYPE, TABLE_SCHEMA, TABLE_NAME
08:48:33 DEBUG [AWT-EventQueue-0]->org.mariadb.jdbc.util.log.Slf4JLogger->debug := execute query: select * from `edext`.`Instituto` where 1=0
08:48:33 DEBUG [AWT-EventQueue-0]->org.mariadb.jdbc.util.log.Slf4JLogger->debug := execute query: SHOW CREATE TABLE `edext`.`Edicion`
08:48:33 DEBUG [AWT-EventQueue-0]->org.mariadb.jdbc.util.log.Slf4JLogger->debug := execute query: SHOW CREATE TABLE `Curso`
08:48:33 DEBUG [AWT-EventQueue-0]->org.mariadb.jdbc.util.log.Slf4JLogger->debug := execute query: SELECT TABLE_SCHEMA TABLE_CAT, NULL  TABLE_SCHEM,  TABLE_NAME, IF(TABLE_TYPE='BASE TABLE' or TABLE_TYPE='SYSTEM VERSIONED', 'TABLE', IF(TABLE_TYPE='TEMPORARY', 'LOCAL TEMPORARY', TABLE_TYPE)) as TABLE_TYPE, TABLE_COMMENT REMARKS, NULL TYPE_CAT, NULL TYPE_SCHEM, NULL TYPE_NAME, NULL SELF_REFERENCING_COL_NAME,  NULL REF_GENERATION FROM INFORMATION_SCHEMA.TABLES WHERE TABLE_SCHEMA='edext' AND TABLE_NAME='Curso' AND  TABLE_TYPE IN ('BASE TABLE','SYSTEM VERSIONED','VIEW') ORDER BY TABLE_TYPE, TABLE_SCHEMA, TABLE_NAME
08:48:33 DEBUG [AWT-EventQueue-0]->org.mariadb.jdbc.util.log.Slf4JLogger->debug := execute query: select * from `edext`.`Curso` where 1=0
08:48:33 DEBUG [AWT-EventQueue-0]->org.mariadb.jdbc.util.log.Slf4JLogger->debug := execute query: SHOW CREATE TABLE `edext`.`InscripcionEdicion`
08:48:33 DEBUG [AWT-EventQueue-0]->org.mariadb.jdbc.util.log.Slf4JLogger->debug := execute query: SHOW CREATE TABLE `Edicion`
08:48:33 DEBUG [AWT-EventQueue-0]->org.mariadb.jdbc.util.log.Slf4JLogger->debug := execute query: SHOW CREATE TABLE `Usuario`
08:48:33 DEBUG [AWT-EventQueue-0]->org.mariadb.jdbc.util.log.Slf4JLogger->debug := execute query: SELECT TABLE_SCHEMA TABLE_CAT, NULL  TABLE_SCHEM,  TABLE_NAME, IF(TABLE_TYPE='BASE TABLE' or TABLE_TYPE='SYSTEM VERSIONED', 'TABLE', IF(TABLE_TYPE='TEMPORARY', 'LOCAL TEMPORARY', TABLE_TYPE)) as TABLE_TYPE, TABLE_COMMENT REMARKS, NULL TYPE_CAT, NULL TYPE_SCHEM, NULL TYPE_NAME, NULL SELF_REFERENCING_COL_NAME,  NULL REF_GENERATION FROM INFORMATION_SCHEMA.TABLES WHERE TABLE_SCHEMA='edext' AND TABLE_NAME='Edicion' AND  TABLE_TYPE IN ('BASE TABLE','SYSTEM VERSIONED','VIEW') ORDER BY TABLE_TYPE, TABLE_SCHEMA, TABLE_NAME
08:48:33 DEBUG [AWT-EventQueue-0]->org.mariadb.jdbc.util.log.Slf4JLogger->debug := execute query: select * from `edext`.`Edicion` where 1=0
08:48:33 DEBUG [AWT-EventQueue-0]->org.mariadb.jdbc.util.log.Slf4JLogger->debug := execute query: SELECT TABLE_SCHEMA TABLE_CAT, NULL  TABLE_SCHEM,  TABLE_NAME, IF(TABLE_TYPE='BASE TABLE' or TABLE_TYPE='SYSTEM VERSIONED', 'TABLE', IF(TABLE_TYPE='TEMPORARY', 'LOCAL TEMPORARY', TABLE_TYPE)) as TABLE_TYPE, TABLE_COMMENT REMARKS, NULL TYPE_CAT, NULL TYPE_SCHEM, NULL TYPE_NAME, NULL SELF_REFERENCING_COL_NAME,  NULL REF_GENERATION FROM INFORMATION_SCHEMA.TABLES WHERE TABLE_SCHEMA='edext' AND TABLE_NAME='Usuario' AND  TABLE_TYPE IN ('BASE TABLE','SYSTEM VERSIONED','VIEW') ORDER BY TABLE_TYPE, TABLE_SCHEMA, TABLE_NAME
08:48:33 DEBUG [AWT-EventQueue-0]->org.mariadb.jdbc.util.log.Slf4JLogger->debug := execute query: select * from `edext`.`Usuario` where 1=0
08:48:33 DEBUG [AWT-EventQueue-0]->org.mariadb.jdbc.util.log.Slf4JLogger->debug := execute query: SHOW CREATE TABLE `edext`.`InscripcionPrograma`
08:48:33 DEBUG [AWT-EventQueue-0]->org.mariadb.jdbc.util.log.Slf4JLogger->debug := execute query: SHOW CREATE TABLE `Usuario`
08:48:33 DEBUG [AWT-EventQueue-0]->org.mariadb.jdbc.util.log.Slf4JLogger->debug := execute query: SHOW CREATE TABLE `ProgramaFormacion`
08:48:33 DEBUG [AWT-EventQueue-0]->org.mariadb.jdbc.util.log.Slf4JLogger->debug := execute query: SELECT TABLE_SCHEMA TABLE_CAT, NULL  TABLE_SCHEM,  TABLE_NAME, IF(TABLE_TYPE='BASE TABLE' or TABLE_TYPE='SYSTEM VERSIONED', 'TABLE', IF(TABLE_TYPE='TEMPORARY', 'LOCAL TEMPORARY', TABLE_TYPE)) as TABLE_TYPE, TABLE_COMMENT REMARKS, NULL TYPE_CAT, NULL TYPE_SCHEM, NULL TYPE_NAME, NULL SELF_REFERENCING_COL_NAME,  NULL REF_GENERATION FROM INFORMATION_SCHEMA.TABLES WHERE TABLE_SCHEMA='edext' AND TABLE_NAME='ProgramaFormacion' AND  TABLE_TYPE IN ('BASE TABLE','SYSTEM VERSIONED','VIEW') ORDER BY TABLE_TYPE, TABLE_SCHEMA, TABLE_NAME
08:48:33 DEBUG [AWT-EventQueue-0]->org.mariadb.jdbc.util.log.Slf4JLogger->debug := execute query: select * from `edext`.`ProgramaFormacion` where 1=0
08:48:33 DEBUG [AWT-EventQueue-0]->org.mariadb.jdbc.util.log.Slf4JLogger->debug := execute query: SELECT TABLE_SCHEMA TABLE_CAT, NULL  TABLE_SCHEM,  TABLE_NAME, IF(TABLE_TYPE='BASE TABLE' or TABLE_TYPE='SYSTEM VERSIONED', 'TABLE', IF(TABLE_TYPE='TEMPORARY', 'LOCAL TEMPORARY', TABLE_TYPE)) as TABLE_TYPE, TABLE_COMMENT REMARKS, NULL TYPE_CAT, NULL TYPE_SCHEM, NULL TYPE_NAME, NULL SELF_REFERENCING_COL_NAME,  NULL REF_GENERATION FROM INFORMATION_SCHEMA.TABLES WHERE TABLE_SCHEMA='edext' AND TABLE_NAME='Usuario' AND  TABLE_TYPE IN ('BASE TABLE','SYSTEM VERSIONED','VIEW') ORDER BY TABLE_TYPE, TABLE_SCHEMA, TABLE_NAME
08:48:33 DEBUG [AWT-EventQueue-0]->org.mariadb.jdbc.util.log.Slf4JLogger->debug := execute query: select * from `edext`.`Usuario` where 1=0
08:48:33 DEBUG [AWT-EventQueue-0]->org.mariadb.jdbc.util.log.Slf4JLogger->debug := execute query: SHOW CREATE TABLE `edext`.`Integra`
08:48:33 DEBUG [AWT-EventQueue-0]->org.mariadb.jdbc.util.log.Slf4JLogger->debug := execute query: SHOW CREATE TABLE `ProgramaFormacion`
08:48:33 DEBUG [AWT-EventQueue-0]->org.mariadb.jdbc.util.log.Slf4JLogger->debug := execute query: SHOW CREATE TABLE `Curso`
08:48:33 DEBUG [AWT-EventQueue-0]->org.mariadb.jdbc.util.log.Slf4JLogger->debug := execute query: SELECT TABLE_SCHEMA TABLE_CAT, NULL  TABLE_SCHEM,  TABLE_NAME, IF(TABLE_TYPE='BASE TABLE' or TABLE_TYPE='SYSTEM VERSIONED', 'TABLE', IF(TABLE_TYPE='TEMPORARY', 'LOCAL TEMPORARY', TABLE_TYPE)) as TABLE_TYPE, TABLE_COMMENT REMARKS, NULL TYPE_CAT, NULL TYPE_SCHEM, NULL TYPE_NAME, NULL SELF_REFERENCING_COL_NAME,  NULL REF_GENERATION FROM INFORMATION_SCHEMA.TABLES WHERE TABLE_SCHEMA='edext' AND TABLE_NAME='Curso' AND  TABLE_TYPE IN ('BASE TABLE','SYSTEM VERSIONED','VIEW') ORDER BY TABLE_TYPE, TABLE_SCHEMA, TABLE_NAME
08:48:33 DEBUG [AWT-EventQueue-0]->org.mariadb.jdbc.util.log.Slf4JLogger->debug := execute query: select * from `edext`.`Curso` where 1=0
08:48:33 DEBUG [AWT-EventQueue-0]->org.mariadb.jdbc.util.log.Slf4JLogger->debug := execute query: SELECT TABLE_SCHEMA TABLE_CAT, NULL  TABLE_SCHEM,  TABLE_NAME, IF(TABLE_TYPE='BASE TABLE' or TABLE_TYPE='SYSTEM VERSIONED', 'TABLE', IF(TABLE_TYPE='TEMPORARY', 'LOCAL TEMPORARY', TABLE_TYPE)) as TABLE_TYPE, TABLE_COMMENT REMARKS, NULL TYPE_CAT, NULL TYPE_SCHEM, NULL TYPE_NAME, NULL SELF_REFERENCING_COL_NAME,  NULL REF_GENERATION FROM INFORMATION_SCHEMA.TABLES WHERE TABLE_SCHEMA='edext' AND TABLE_NAME='ProgramaFormacion' AND  TABLE_TYPE IN ('BASE TABLE','SYSTEM VERSIONED','VIEW') ORDER BY TABLE_TYPE, TABLE_SCHEMA, TABLE_NAME
08:48:33 DEBUG [AWT-EventQueue-0]->org.mariadb.jdbc.util.log.Slf4JLogger->debug := execute query: select * from `edext`.`ProgramaFormacion` where 1=0
08:48:33 DEBUG [AWT-EventQueue-0]->org.mariadb.jdbc.util.log.Slf4JLogger->debug := execute query: SHOW CREATE TABLE `edext`.`Organiza`
08:48:33 DEBUG [AWT-EventQueue-0]->org.mariadb.jdbc.util.log.Slf4JLogger->debug := execute query: SHOW CREATE TABLE `Edicion`
08:48:33 DEBUG [AWT-EventQueue-0]->org.mariadb.jdbc.util.log.Slf4JLogger->debug := execute query: SHOW CREATE TABLE `Usuario`
08:48:33 DEBUG [AWT-EventQueue-0]->org.mariadb.jdbc.util.log.Slf4JLogger->debug := execute query: SELECT TABLE_SCHEMA TABLE_CAT, NULL  TABLE_SCHEM,  TABLE_NAME, IF(TABLE_TYPE='BASE TABLE' or TABLE_TYPE='SYSTEM VERSIONED', 'TABLE', IF(TABLE_TYPE='TEMPORARY', 'LOCAL TEMPORARY', TABLE_TYPE)) as TABLE_TYPE, TABLE_COMMENT REMARKS, NULL TYPE_CAT, NULL TYPE_SCHEM, NULL TYPE_NAME, NULL SELF_REFERENCING_COL_NAME,  NULL REF_GENERATION FROM INFORMATION_SCHEMA.TABLES WHERE TABLE_SCHEMA='edext' AND TABLE_NAME='Edicion' AND  TABLE_TYPE IN ('BASE TABLE','SYSTEM VERSIONED','VIEW') ORDER BY TABLE_TYPE, TABLE_SCHEMA, TABLE_NAME
08:48:33 DEBUG [AWT-EventQueue-0]->org.mariadb.jdbc.util.log.Slf4JLogger->debug := execute query: select * from `edext`.`Edicion` where 1=0
08:48:33 DEBUG [AWT-EventQueue-0]->org.mariadb.jdbc.util.log.Slf4JLogger->debug := execute query: SELECT TABLE_SCHEMA TABLE_CAT, NULL  TABLE_SCHEM,  TABLE_NAME, IF(TABLE_TYPE='BASE TABLE' or TABLE_TYPE='SYSTEM VERSIONED', 'TABLE', IF(TABLE_TYPE='TEMPORARY', 'LOCAL TEMPORARY', TABLE_TYPE)) as TABLE_TYPE, TABLE_COMMENT REMARKS, NULL TYPE_CAT, NULL TYPE_SCHEM, NULL TYPE_NAME, NULL SELF_REFERENCING_COL_NAME,  NULL REF_GENERATION FROM INFORMATION_SCHEMA.TABLES WHERE TABLE_SCHEMA='edext' AND TABLE_NAME='Usuario' AND  TABLE_TYPE IN ('BASE TABLE','SYSTEM VERSIONED','VIEW') ORDER BY TABLE_TYPE, TABLE_SCHEMA, TABLE_NAME
08:48:33 DEBUG [AWT-EventQueue-0]->org.mariadb.jdbc.util.log.Slf4JLogger->debug := execute query: select * from `edext`.`Usuario` where 1=0
08:48:33 DEBUG [AWT-EventQueue-0]->org.mariadb.jdbc.util.log.Slf4JLogger->debug := execute query: SHOW CREATE TABLE `edext`.`Pertenece`
08:48:33 DEBUG [AWT-EventQueue-0]->org.mariadb.jdbc.util.log.Slf4JLogger->debug := execute query: SHOW CREATE TABLE `Usuario`
08:48:33 DEBUG [AWT-EventQueue-0]->org.mariadb.jdbc.util.log.Slf4JLogger->debug := execute query: SHOW CREATE TABLE `Instituto`
08:48:33 DEBUG [AWT-EventQueue-0]->org.mariadb.jdbc.util.log.Slf4JLogger->debug := execute query: SELECT TABLE_SCHEMA TABLE_CAT, NULL  TABLE_SCHEM,  TABLE_NAME, IF(TABLE_TYPE='BASE TABLE' or TABLE_TYPE='SYSTEM VERSIONED', 'TABLE', IF(TABLE_TYPE='TEMPORARY', 'LOCAL TEMPORARY', TABLE_TYPE)) as TABLE_TYPE, TABLE_COMMENT REMARKS, NULL TYPE_CAT, NULL TYPE_SCHEM, NULL TYPE_NAME, NULL SELF_REFERENCING_COL_NAME,  NULL REF_GENERATION FROM INFORMATION_SCHEMA.TABLES WHERE TABLE_SCHEMA='edext' AND TABLE_NAME='Instituto' AND  TABLE_TYPE IN ('BASE TABLE','SYSTEM VERSIONED','VIEW') ORDER BY TABLE_TYPE, TABLE_SCHEMA, TABLE_NAME
08:48:33 DEBUG [AWT-EventQueue-0]->org.mariadb.jdbc.util.log.Slf4JLogger->debug := execute query: select * from `edext`.`Instituto` where 1=0
08:48:33 DEBUG [AWT-EventQueue-0]->org.mariadb.jdbc.util.log.Slf4JLogger->debug := execute query: SELECT TABLE_SCHEMA TABLE_CAT, NULL  TABLE_SCHEM,  TABLE_NAME, IF(TABLE_TYPE='BASE TABLE' or TABLE_TYPE='SYSTEM VERSIONED', 'TABLE', IF(TABLE_TYPE='TEMPORARY', 'LOCAL TEMPORARY', TABLE_TYPE)) as TABLE_TYPE, TABLE_COMMENT REMARKS, NULL TYPE_CAT, NULL TYPE_SCHEM, NULL TYPE_NAME, NULL SELF_REFERENCING_COL_NAME,  NULL REF_GENERATION FROM INFORMATION_SCHEMA.TABLES WHERE TABLE_SCHEMA='edext' AND TABLE_NAME='Usuario' AND  TABLE_TYPE IN ('BASE TABLE','SYSTEM VERSIONED','VIEW') ORDER BY TABLE_TYPE, TABLE_SCHEMA, TABLE_NAME
08:48:33 DEBUG [AWT-EventQueue-0]->org.mariadb.jdbc.util.log.Slf4JLogger->debug := execute query: select * from `edext`.`Usuario` where 1=0
08:48:33 DEBUG [AWT-EventQueue-0]->org.mariadb.jdbc.util.log.Slf4JLogger->debug := execute query: SHOW CREATE TABLE `edext`.`Previas`
08:48:33 DEBUG [AWT-EventQueue-0]->org.mariadb.jdbc.util.log.Slf4JLogger->debug := execute query: SHOW CREATE TABLE `Curso`
08:48:33 DEBUG [AWT-EventQueue-0]->org.mariadb.jdbc.util.log.Slf4JLogger->debug := execute query: SHOW CREATE TABLE `Curso`
08:48:33 DEBUG [AWT-EventQueue-0]->org.mariadb.jdbc.util.log.Slf4JLogger->debug := execute query: SELECT TABLE_SCHEMA TABLE_CAT, NULL  TABLE_SCHEM,  TABLE_NAME, IF(TABLE_TYPE='BASE TABLE' or TABLE_TYPE='SYSTEM VERSIONED', 'TABLE', IF(TABLE_TYPE='TEMPORARY', 'LOCAL TEMPORARY', TABLE_TYPE)) as TABLE_TYPE, TABLE_COMMENT REMARKS, NULL TYPE_CAT, NULL TYPE_SCHEM, NULL TYPE_NAME, NULL SELF_REFERENCING_COL_NAME,  NULL REF_GENERATION FROM INFORMATION_SCHEMA.TABLES WHERE TABLE_SCHEMA='edext' AND TABLE_NAME='Curso' AND  TABLE_TYPE IN ('BASE TABLE','SYSTEM VERSIONED','VIEW') ORDER BY TABLE_TYPE, TABLE_SCHEMA, TABLE_NAME
08:48:33 DEBUG [AWT-EventQueue-0]->org.mariadb.jdbc.util.log.Slf4JLogger->debug := execute query: select * from `edext`.`Curso` where 1=0
08:48:33 DEBUG [AWT-EventQueue-0]->org.mariadb.jdbc.util.log.Slf4JLogger->debug := execute query: SELECT TABLE_SCHEMA TABLE_CAT, NULL  TABLE_SCHEM,  TABLE_NAME, IF(TABLE_TYPE='BASE TABLE' or TABLE_TYPE='SYSTEM VERSIONED', 'TABLE', IF(TABLE_TYPE='TEMPORARY', 'LOCAL TEMPORARY', TABLE_TYPE)) as TABLE_TYPE, TABLE_COMMENT REMARKS, NULL TYPE_CAT, NULL TYPE_SCHEM, NULL TYPE_NAME, NULL SELF_REFERENCING_COL_NAME,  NULL REF_GENERATION FROM INFORMATION_SCHEMA.TABLES WHERE TABLE_SCHEMA='edext' AND TABLE_NAME='Curso' AND  TABLE_TYPE IN ('BASE TABLE','SYSTEM VERSIONED','VIEW') ORDER BY TABLE_TYPE, TABLE_SCHEMA, TABLE_NAME
08:48:33 DEBUG [AWT-EventQueue-0]->org.mariadb.jdbc.util.log.Slf4JLogger->debug := execute query: select * from `edext`.`Curso` where 1=0
08:48:33 DEBUG [AWT-EventQueue-0]->org.mariadb.jdbc.util.log.Slf4JLogger->debug := execute query: set autocommit=0
08:48:33 DEBUG [AWT-EventQueue-0]->org.mariadb.jdbc.util.log.Slf4JLogger->debug := System variable change:  autocommit = OFF
08:48:33 DEBUG [AWT-EventQueue-0]->org.mariadb.jdbc.util.log.Slf4JLogger->debug := execute query: set autocommit=1
08:48:33 DEBUG [AWT-EventQueue-0]->org.mariadb.jdbc.util.log.Slf4JLogger->debug := System variable change:  autocommit = ON
08:48:33 DEBUG [AWT-EventQueue-0]->org.mariadb.jdbc.util.log.Slf4JLogger->debug := execute query: set autocommit=0
08:48:33 DEBUG [AWT-EventQueue-0]->org.mariadb.jdbc.util.log.Slf4JLogger->debug := System variable change:  autocommit = OFF
08:48:33 DEBUG [AWT-EventQueue-0]->org.mariadb.jdbc.util.log.Slf4JLogger->debug := execute query: select i1_0.nombre from Instituto i1_0
08:48:33 DEBUG [AWT-EventQueue-0]->org.mariadb.jdbc.util.log.Slf4JLogger->debug := execute query: set autocommit=1
08:48:33 DEBUG [AWT-EventQueue-0]->org.mariadb.jdbc.util.log.Slf4JLogger->debug := System variable change:  autocommit = ON
08:50:45 DEBUG [AWT-EventQueue-0]->org.mariadb.jdbc.util.log.Slf4JLogger->debug := execute query: CREATE DATABASE IF NOT EXISTS `edext`
08:50:45 DEBUG [AWT-EventQueue-0]->org.mariadb.jdbc.util.log.Slf4JLogger->debug := execute query: USE `edext`
08:50:45 DEBUG [AWT-EventQueue-0]->org.mariadb.jdbc.util.log.Slf4JLogger->debug := execute query: SET NAMES utf8mb4
08:50:45 DEBUG [AWT-EventQueue-0]->org.mariadb.jdbc.util.log.Slf4JLogger->debug := Database change: is 'edext'
08:50:45 DEBUG [AWT-EventQueue-0]->org.mariadb.jdbc.util.log.Slf4JLogger->debug := System variable change:  character_set_connection = utf8mb4
08:50:45 DEBUG [AWT-EventQueue-0]->org.mariadb.jdbc.util.log.Slf4JLogger->debug := System variable change:  character_set_client = utf8mb4
08:50:45 DEBUG [AWT-EventQueue-0]->org.mariadb.jdbc.util.log.Slf4JLogger->debug := System variable change:  character_set_results = utf8mb4
08:50:45 DEBUG [AWT-EventQueue-0]->org.mariadb.jdbc.util.log.Slf4JLogger->debug := execute query: set autocommit=0
08:50:45 DEBUG [AWT-EventQueue-0]->org.mariadb.jdbc.util.log.Slf4JLogger->debug := System variable change:  autocommit = OFF
08:50:45 DEBUG [AWT-EventQueue-0]->org.mariadb.jdbc.util.log.Slf4JLogger->debug := execute query: SELECT @@character_set_database, @@sql_mode
08:50:45 DEBUG [AWT-EventQueue-0]->org.mariadb.jdbc.util.log.Slf4JLogger->debug := execute query: select @@lower_case_table_names
08:50:45 DEBUG [AWT-EventQueue-0]->org.mariadb.jdbc.util.log.Slf4JLogger->debug := execute query: set autocommit=1
08:50:45 DEBUG [AWT-EventQueue-0]->org.mariadb.jdbc.util.log.Slf4JLogger->debug := System variable change:  autocommit = ON
08:50:47 DEBUG [AWT-EventQueue-0]->org.mariadb.jdbc.util.log.Slf4JLogger->debug := execute query: set autocommit=0
08:50:47 DEBUG [AWT-EventQueue-0]->org.mariadb.jdbc.util.log.Slf4JLogger->debug := System variable change:  autocommit = OFF
08:50:47 DEBUG [AWT-EventQueue-0]->org.mariadb.jdbc.util.log.Slf4JLogger->debug := execute query: set autocommit=1
08:50:47 DEBUG [AWT-EventQueue-0]->org.mariadb.jdbc.util.log.Slf4JLogger->debug := System variable change:  autocommit = ON
08:50:47 DEBUG [AWT-EventQueue-0]->org.mariadb.jdbc.util.log.Slf4JLogger->debug := execute query: select table_name from information_schema.TABLES where table_schema=database() and table_type='SEQUENCE'
08:50:47 DEBUG [AWT-EventQueue-0]->org.mariadb.jdbc.util.log.Slf4JLogger->debug := execute query: SELECT TABLE_SCHEMA TABLE_CAT, NULL  TABLE_SCHEM,  TABLE_NAME, IF(TABLE_TYPE='BASE TABLE' or TABLE_TYPE='SYSTEM VERSIONED', 'TABLE', IF(TABLE_TYPE='TEMPORARY', 'LOCAL TEMPORARY', TABLE_TYPE)) as TABLE_TYPE, TABLE_COMMENT REMARKS, NULL TYPE_CAT, NULL TYPE_SCHEM, NULL TYPE_NAME, NULL SELF_REFERENCING_COL_NAME,  NULL REF_GENERATION FROM INFORMATION_SCHEMA.TABLES WHERE TABLE_SCHEMA='edext' AND  TABLE_TYPE IN ('BASE TABLE','SYSTEM VERSIONED','VIEW') ORDER BY TABLE_TYPE, TABLE_SCHEMA, TABLE_NAME
08:50:47 DEBUG [AWT-EventQueue-0]->org.mariadb.jdbc.util.log.Slf4JLogger->debug := execute query: SELECT TABLE_SCHEMA TABLE_CAT, NULL TABLE_SCHEM, TABLE_NAME, COLUMN_NAME, CASE data_type WHEN 'bit' THEN -7 WHEN 'tinyblob' THEN -3 WHEN 'mediumblob' THEN -4 WHEN 'longblob' THEN -4 WHEN 'blob' THEN -4 WHEN 'tinytext' THEN 12 WHEN 'mediumtext' THEN -1 WHEN 'longtext' THEN -1 WHEN 'text' THEN -1 WHEN 'date' THEN 91 WHEN 'datetime' THEN 93 WHEN 'decimal' THEN 3 WHEN 'double' THEN 8 WHEN 'enum' THEN 12 WHEN 'float' THEN 7 WHEN 'int' THEN IF( COLUMN_TYPE like '%unsigned%', 4,4) WHEN 'bigint' THEN -5 WHEN 'mediumint' THEN 4 WHEN 'null' THEN 0 WHEN 'set' THEN 12 WHEN 'smallint' THEN IF( COLUMN_TYPE like '%unsigned%', 5,5) WHEN 'varchar' THEN 12 WHEN 'varbinary' THEN -3 WHEN 'char' THEN 1 WHEN 'binary' THEN -2 WHEN 'time' THEN 92 WHEN 'timestamp' THEN 93 WHEN 'tinyint' THEN IF(COLUMN_TYPE like 'tinyint(1)%',16,-6)  WHEN 'year' THEN 91 ELSE 1111 END  DATA_TYPE, IF(COLUMN_TYPE like 'tinyint(1)%', 'BOOLEAN',  UCASE(IF( COLUMN_TYPE LIKE '%(%)%', CONCAT(SUBSTRING( COLUMN_TYPE,1, LOCATE('(',COLUMN_TYPE) - 1 ), SUBSTRING(COLUMN_TYPE ,1+locate(')', COLUMN_TYPE))), COLUMN_TYPE))) TYPE_NAME, CASE DATA_TYPE WHEN 'date' THEN 10  WHEN 'time' THEN IF(DATETIME_PRECISION = 0, 10, CAST(11 + DATETIME_PRECISION as signed integer))  WHEN 'datetime' THEN IF(DATETIME_PRECISION = 0, 19, CAST(20 + DATETIME_PRECISION as signed integer))  WHEN 'timestamp' THEN IF(DATETIME_PRECISION = 0, 19, CAST(20 + DATETIME_PRECISION as signed integer))  ELSE   IF(NUMERIC_PRECISION IS NULL, LEAST(CHARACTER_MAXIMUM_LENGTH,2147483647), NUMERIC_PRECISION)  END COLUMN_SIZE, 65535 BUFFER_LENGTH,  CONVERT (CASE DATA_TYPE WHEN 'year' THEN NUMERIC_SCALE WHEN 'tinyint' THEN 0 ELSE NUMERIC_SCALE END, UNSIGNED INTEGER) DECIMAL_DIGITS, 10 NUM_PREC_RADIX, IF(IS_NULLABLE = 'yes',1,0) NULLABLE,COLUMN_COMMENT REMARKS, COLUMN_DEFAULT COLUMN_DEF, 0 SQL_DATA_TYPE, 0 SQL_DATETIME_SUB,   LEAST(CHARACTER_OCTET_LENGTH,2147483647) CHAR_OCTET_LENGTH, ORDINAL_POSITION, IS_NULLABLE, NULL SCOPE_CATALOG, NULL SCOPE_SCHEMA, NULL SCOPE_TABLE, NULL SOURCE_DATA_TYPE, IF(EXTRA = 'auto_increment','YES','NO') IS_AUTOINCREMENT,  IF(EXTRA in ('VIRTUAL', 'PERSISTENT', 'VIRTUAL GENERATED', 'STORED GENERATED') ,'YES','NO') IS_GENERATEDCOLUMN  FROM INFORMATION_SCHEMA.COLUMNS WHERE TABLE_SCHEMA='edext' ORDER BY TABLE_CAT, TABLE_SCHEM, TABLE_NAME, ORDINAL_POSITION
08:50:47 DEBUG [AWT-EventQueue-0]->org.mariadb.jdbc.util.log.Slf4JLogger->debug := execute query: SHOW CREATE TABLE `edext`.`Curso`
08:50:47 DEBUG [AWT-EventQueue-0]->org.mariadb.jdbc.util.log.Slf4JLogger->debug := execute query: SHOW CREATE TABLE `Instituto`
08:50:47 DEBUG [AWT-EventQueue-0]->org.mariadb.jdbc.util.log.Slf4JLogger->debug := execute query: SELECT TABLE_SCHEMA TABLE_CAT, NULL  TABLE_SCHEM,  TABLE_NAME, IF(TABLE_TYPE='BASE TABLE' or TABLE_TYPE='SYSTEM VERSIONED', 'TABLE', IF(TABLE_TYPE='TEMPORARY', 'LOCAL TEMPORARY', TABLE_TYPE)) as TABLE_TYPE, TABLE_COMMENT REMARKS, NULL TYPE_CAT, NULL TYPE_SCHEM, NULL TYPE_NAME, NULL SELF_REFERENCING_COL_NAME,  NULL REF_GENERATION FROM INFORMATION_SCHEMA.TABLES WHERE TABLE_SCHEMA='edext' AND TABLE_NAME='Instituto' AND  TABLE_TYPE IN ('BASE TABLE','SYSTEM VERSIONED','VIEW') ORDER BY TABLE_TYPE, TABLE_SCHEMA, TABLE_NAME
08:50:47 DEBUG [AWT-EventQueue-0]->org.mariadb.jdbc.util.log.Slf4JLogger->debug := execute query: select * from `edext`.`Instituto` where 1=0
08:50:47 DEBUG [AWT-EventQueue-0]->org.mariadb.jdbc.util.log.Slf4JLogger->debug := execute query: SHOW CREATE TABLE `edext`.`Edicion`
08:50:47 DEBUG [AWT-EventQueue-0]->org.mariadb.jdbc.util.log.Slf4JLogger->debug := execute query: SHOW CREATE TABLE `Curso`
08:50:47 DEBUG [AWT-EventQueue-0]->org.mariadb.jdbc.util.log.Slf4JLogger->debug := execute query: SELECT TABLE_SCHEMA TABLE_CAT, NULL  TABLE_SCHEM,  TABLE_NAME, IF(TABLE_TYPE='BASE TABLE' or TABLE_TYPE='SYSTEM VERSIONED', 'TABLE', IF(TABLE_TYPE='TEMPORARY', 'LOCAL TEMPORARY', TABLE_TYPE)) as TABLE_TYPE, TABLE_COMMENT REMARKS, NULL TYPE_CAT, NULL TYPE_SCHEM, NULL TYPE_NAME, NULL SELF_REFERENCING_COL_NAME,  NULL REF_GENERATION FROM INFORMATION_SCHEMA.TABLES WHERE TABLE_SCHEMA='edext' AND TABLE_NAME='Curso' AND  TABLE_TYPE IN ('BASE TABLE','SYSTEM VERSIONED','VIEW') ORDER BY TABLE_TYPE, TABLE_SCHEMA, TABLE_NAME
08:50:47 DEBUG [AWT-EventQueue-0]->org.mariadb.jdbc.util.log.Slf4JLogger->debug := execute query: select * from `edext`.`Curso` where 1=0
08:50:47 DEBUG [AWT-EventQueue-0]->org.mariadb.jdbc.util.log.Slf4JLogger->debug := execute query: SHOW CREATE TABLE `edext`.`InscripcionEdicion`
08:50:47 DEBUG [AWT-EventQueue-0]->org.mariadb.jdbc.util.log.Slf4JLogger->debug := execute query: SHOW CREATE TABLE `Edicion`
08:50:47 DEBUG [AWT-EventQueue-0]->org.mariadb.jdbc.util.log.Slf4JLogger->debug := execute query: SHOW CREATE TABLE `Usuario`
08:50:47 DEBUG [AWT-EventQueue-0]->org.mariadb.jdbc.util.log.Slf4JLogger->debug := execute query: SELECT TABLE_SCHEMA TABLE_CAT, NULL  TABLE_SCHEM,  TABLE_NAME, IF(TABLE_TYPE='BASE TABLE' or TABLE_TYPE='SYSTEM VERSIONED', 'TABLE', IF(TABLE_TYPE='TEMPORARY', 'LOCAL TEMPORARY', TABLE_TYPE)) as TABLE_TYPE, TABLE_COMMENT REMARKS, NULL TYPE_CAT, NULL TYPE_SCHEM, NULL TYPE_NAME, NULL SELF_REFERENCING_COL_NAME,  NULL REF_GENERATION FROM INFORMATION_SCHEMA.TABLES WHERE TABLE_SCHEMA='edext' AND TABLE_NAME='Edicion' AND  TABLE_TYPE IN ('BASE TABLE','SYSTEM VERSIONED','VIEW') ORDER BY TABLE_TYPE, TABLE_SCHEMA, TABLE_NAME
08:50:47 DEBUG [AWT-EventQueue-0]->org.mariadb.jdbc.util.log.Slf4JLogger->debug := execute query: select * from `edext`.`Edicion` where 1=0
08:50:47 DEBUG [AWT-EventQueue-0]->org.mariadb.jdbc.util.log.Slf4JLogger->debug := execute query: SELECT TABLE_SCHEMA TABLE_CAT, NULL  TABLE_SCHEM,  TABLE_NAME, IF(TABLE_TYPE='BASE TABLE' or TABLE_TYPE='SYSTEM VERSIONED', 'TABLE', IF(TABLE_TYPE='TEMPORARY', 'LOCAL TEMPORARY', TABLE_TYPE)) as TABLE_TYPE, TABLE_COMMENT REMARKS, NULL TYPE_CAT, NULL TYPE_SCHEM, NULL TYPE_NAME, NULL SELF_REFERENCING_COL_NAME,  NULL REF_GENERATION FROM INFORMATION_SCHEMA.TABLES WHERE TABLE_SCHEMA='edext' AND TABLE_NAME='Usuario' AND  TABLE_TYPE IN ('BASE TABLE','SYSTEM VERSIONED','VIEW') ORDER BY TABLE_TYPE, TABLE_SCHEMA, TABLE_NAME
08:50:47 DEBUG [AWT-EventQueue-0]->org.mariadb.jdbc.util.log.Slf4JLogger->debug := execute query: select * from `edext`.`Usuario` where 1=0
08:50:47 DEBUG [AWT-EventQueue-0]->org.mariadb.jdbc.util.log.Slf4JLogger->debug := execute query: SHOW CREATE TABLE `edext`.`InscripcionPrograma`
08:50:47 DEBUG [AWT-EventQueue-0]->org.mariadb.jdbc.util.log.Slf4JLogger->debug := execute query: SHOW CREATE TABLE `Usuario`
08:50:47 DEBUG [AWT-EventQueue-0]->org.mariadb.jdbc.util.log.Slf4JLogger->debug := execute query: SHOW CREATE TABLE `ProgramaFormacion`
08:50:47 DEBUG [AWT-EventQueue-0]->org.mariadb.jdbc.util.log.Slf4JLogger->debug := execute query: SELECT TABLE_SCHEMA TABLE_CAT, NULL  TABLE_SCHEM,  TABLE_NAME, IF(TABLE_TYPE='BASE TABLE' or TABLE_TYPE='SYSTEM VERSIONED', 'TABLE', IF(TABLE_TYPE='TEMPORARY', 'LOCAL TEMPORARY', TABLE_TYPE)) as TABLE_TYPE, TABLE_COMMENT REMARKS, NULL TYPE_CAT, NULL TYPE_SCHEM, NULL TYPE_NAME, NULL SELF_REFERENCING_COL_NAME,  NULL REF_GENERATION FROM INFORMATION_SCHEMA.TABLES WHERE TABLE_SCHEMA='edext' AND TABLE_NAME='ProgramaFormacion' AND  TABLE_TYPE IN ('BASE TABLE','SYSTEM VERSIONED','VIEW') ORDER BY TABLE_TYPE, TABLE_SCHEMA, TABLE_NAME
08:50:47 DEBUG [AWT-EventQueue-0]->org.mariadb.jdbc.util.log.Slf4JLogger->debug := execute query: select * from `edext`.`ProgramaFormacion` where 1=0
08:50:47 DEBUG [AWT-EventQueue-0]->org.mariadb.jdbc.util.log.Slf4JLogger->debug := execute query: SELECT TABLE_SCHEMA TABLE_CAT, NULL  TABLE_SCHEM,  TABLE_NAME, IF(TABLE_TYPE='BASE TABLE' or TABLE_TYPE='SYSTEM VERSIONED', 'TABLE', IF(TABLE_TYPE='TEMPORARY', 'LOCAL TEMPORARY', TABLE_TYPE)) as TABLE_TYPE, TABLE_COMMENT REMARKS, NULL TYPE_CAT, NULL TYPE_SCHEM, NULL TYPE_NAME, NULL SELF_REFERENCING_COL_NAME,  NULL REF_GENERATION FROM INFORMATION_SCHEMA.TABLES WHERE TABLE_SCHEMA='edext' AND TABLE_NAME='Usuario' AND  TABLE_TYPE IN ('BASE TABLE','SYSTEM VERSIONED','VIEW') ORDER BY TABLE_TYPE, TABLE_SCHEMA, TABLE_NAME
08:50:47 DEBUG [AWT-EventQueue-0]->org.mariadb.jdbc.util.log.Slf4JLogger->debug := execute query: select * from `edext`.`Usuario` where 1=0
08:50:47 DEBUG [AWT-EventQueue-0]->org.mariadb.jdbc.util.log.Slf4JLogger->debug := execute query: SHOW CREATE TABLE `edext`.`Integra`
08:50:47 DEBUG [AWT-EventQueue-0]->org.mariadb.jdbc.util.log.Slf4JLogger->debug := execute query: SHOW CREATE TABLE `ProgramaFormacion`
08:50:47 DEBUG [AWT-EventQueue-0]->org.mariadb.jdbc.util.log.Slf4JLogger->debug := execute query: SHOW CREATE TABLE `Curso`
08:50:47 DEBUG [AWT-EventQueue-0]->org.mariadb.jdbc.util.log.Slf4JLogger->debug := execute query: SELECT TABLE_SCHEMA TABLE_CAT, NULL  TABLE_SCHEM,  TABLE_NAME, IF(TABLE_TYPE='BASE TABLE' or TABLE_TYPE='SYSTEM VERSIONED', 'TABLE', IF(TABLE_TYPE='TEMPORARY', 'LOCAL TEMPORARY', TABLE_TYPE)) as TABLE_TYPE, TABLE_COMMENT REMARKS, NULL TYPE_CAT, NULL TYPE_SCHEM, NULL TYPE_NAME, NULL SELF_REFERENCING_COL_NAME,  NULL REF_GENERATION FROM INFORMATION_SCHEMA.TABLES WHERE TABLE_SCHEMA='edext' AND TABLE_NAME='Curso' AND  TABLE_TYPE IN ('BASE TABLE','SYSTEM VERSIONED','VIEW') ORDER BY TABLE_TYPE, TABLE_SCHEMA, TABLE_NAME
08:50:47 DEBUG [AWT-EventQueue-0]->org.mariadb.jdbc.util.log.Slf4JLogger->debug := execute query: select * from `edext`.`Curso` where 1=0
08:50:47 DEBUG [AWT-EventQueue-0]->org.mariadb.jdbc.util.log.Slf4JLogger->debug := execute query: SELECT TABLE_SCHEMA TABLE_CAT, NULL  TABLE_SCHEM,  TABLE_NAME, IF(TABLE_TYPE='BASE TABLE' or TABLE_TYPE='SYSTEM VERSIONED', 'TABLE', IF(TABLE_TYPE='TEMPORARY', 'LOCAL TEMPORARY', TABLE_TYPE)) as TABLE_TYPE, TABLE_COMMENT REMARKS, NULL TYPE_CAT, NULL TYPE_SCHEM, NULL TYPE_NAME, NULL SELF_REFERENCING_COL_NAME,  NULL REF_GENERATION FROM INFORMATION_SCHEMA.TABLES WHERE TABLE_SCHEMA='edext' AND TABLE_NAME='ProgramaFormacion' AND  TABLE_TYPE IN ('BASE TABLE','SYSTEM VERSIONED','VIEW') ORDER BY TABLE_TYPE, TABLE_SCHEMA, TABLE_NAME
08:50:47 DEBUG [AWT-EventQueue-0]->org.mariadb.jdbc.util.log.Slf4JLogger->debug := execute query: select * from `edext`.`ProgramaFormacion` where 1=0
08:50:47 DEBUG [AWT-EventQueue-0]->org.mariadb.jdbc.util.log.Slf4JLogger->debug := execute query: SHOW CREATE TABLE `edext`.`Organiza`
08:50:47 DEBUG [AWT-EventQueue-0]->org.mariadb.jdbc.util.log.Slf4JLogger->debug := execute query: SHOW CREATE TABLE `Edicion`
08:50:47 DEBUG [AWT-EventQueue-0]->org.mariadb.jdbc.util.log.Slf4JLogger->debug := execute query: SHOW CREATE TABLE `Usuario`
08:50:47 DEBUG [AWT-EventQueue-0]->org.mariadb.jdbc.util.log.Slf4JLogger->debug := execute query: SELECT TABLE_SCHEMA TABLE_CAT, NULL  TABLE_SCHEM,  TABLE_NAME, IF(TABLE_TYPE='BASE TABLE' or TABLE_TYPE='SYSTEM VERSIONED', 'TABLE', IF(TABLE_TYPE='TEMPORARY', 'LOCAL TEMPORARY', TABLE_TYPE)) as TABLE_TYPE, TABLE_COMMENT REMARKS, NULL TYPE_CAT, NULL TYPE_SCHEM, NULL TYPE_NAME, NULL SELF_REFERENCING_COL_NAME,  NULL REF_GENERATION FROM INFORMATION_SCHEMA.TABLES WHERE TABLE_SCHEMA='edext' AND TABLE_NAME='Edicion' AND  TABLE_TYPE IN ('BASE TABLE','SYSTEM VERSIONED','VIEW') ORDER BY TABLE_TYPE, TABLE_SCHEMA, TABLE_NAME
08:50:47 DEBUG [AWT-EventQueue-0]->org.mariadb.jdbc.util.log.Slf4JLogger->debug := execute query: select * from `edext`.`Edicion` where 1=0
08:50:47 DEBUG [AWT-EventQueue-0]->org.mariadb.jdbc.util.log.Slf4JLogger->debug := execute query: SELECT TABLE_SCHEMA TABLE_CAT, NULL  TABLE_SCHEM,  TABLE_NAME, IF(TABLE_TYPE='BASE TABLE' or TABLE_TYPE='SYSTEM VERSIONED', 'TABLE', IF(TABLE_TYPE='TEMPORARY', 'LOCAL TEMPORARY', TABLE_TYPE)) as TABLE_TYPE, TABLE_COMMENT REMARKS, NULL TYPE_CAT, NULL TYPE_SCHEM, NULL TYPE_NAME, NULL SELF_REFERENCING_COL_NAME,  NULL REF_GENERATION FROM INFORMATION_SCHEMA.TABLES WHERE TABLE_SCHEMA='edext' AND TABLE_NAME='Usuario' AND  TABLE_TYPE IN ('BASE TABLE','SYSTEM VERSIONED','VIEW') ORDER BY TABLE_TYPE, TABLE_SCHEMA, TABLE_NAME
08:50:47 DEBUG [AWT-EventQueue-0]->org.mariadb.jdbc.util.log.Slf4JLogger->debug := execute query: select * from `edext`.`Usuario` where 1=0
08:50:47 DEBUG [AWT-EventQueue-0]->org.mariadb.jdbc.util.log.Slf4JLogger->debug := execute query: SHOW CREATE TABLE `edext`.`Pertenece`
08:50:47 DEBUG [AWT-EventQueue-0]->org.mariadb.jdbc.util.log.Slf4JLogger->debug := execute query: SHOW CREATE TABLE `Usuario`
08:50:47 DEBUG [AWT-EventQueue-0]->org.mariadb.jdbc.util.log.Slf4JLogger->debug := execute query: SHOW CREATE TABLE `Instituto`
08:50:47 DEBUG [AWT-EventQueue-0]->org.mariadb.jdbc.util.log.Slf4JLogger->debug := execute query: SELECT TABLE_SCHEMA TABLE_CAT, NULL  TABLE_SCHEM,  TABLE_NAME, IF(TABLE_TYPE='BASE TABLE' or TABLE_TYPE='SYSTEM VERSIONED', 'TABLE', IF(TABLE_TYPE='TEMPORARY', 'LOCAL TEMPORARY', TABLE_TYPE)) as TABLE_TYPE, TABLE_COMMENT REMARKS, NULL TYPE_CAT, NULL TYPE_SCHEM, NULL TYPE_NAME, NULL SELF_REFERENCING_COL_NAME,  NULL REF_GENERATION FROM INFORMATION_SCHEMA.TABLES WHERE TABLE_SCHEMA='edext' AND TABLE_NAME='Instituto' AND  TABLE_TYPE IN ('BASE TABLE','SYSTEM VERSIONED','VIEW') ORDER BY TABLE_TYPE, TABLE_SCHEMA, TABLE_NAME
08:50:47 DEBUG [AWT-EventQueue-0]->org.mariadb.jdbc.util.log.Slf4JLogger->debug := execute query: select * from `edext`.`Instituto` where 1=0
08:50:47 DEBUG [AWT-EventQueue-0]->org.mariadb.jdbc.util.log.Slf4JLogger->debug := execute query: SELECT TABLE_SCHEMA TABLE_CAT, NULL  TABLE_SCHEM,  TABLE_NAME, IF(TABLE_TYPE='BASE TABLE' or TABLE_TYPE='SYSTEM VERSIONED', 'TABLE', IF(TABLE_TYPE='TEMPORARY', 'LOCAL TEMPORARY', TABLE_TYPE)) as TABLE_TYPE, TABLE_COMMENT REMARKS, NULL TYPE_CAT, NULL TYPE_SCHEM, NULL TYPE_NAME, NULL SELF_REFERENCING_COL_NAME,  NULL REF_GENERATION FROM INFORMATION_SCHEMA.TABLES WHERE TABLE_SCHEMA='edext' AND TABLE_NAME='Usuario' AND  TABLE_TYPE IN ('BASE TABLE','SYSTEM VERSIONED','VIEW') ORDER BY TABLE_TYPE, TABLE_SCHEMA, TABLE_NAME
08:50:47 DEBUG [AWT-EventQueue-0]->org.mariadb.jdbc.util.log.Slf4JLogger->debug := execute query: select * from `edext`.`Usuario` where 1=0
08:50:47 DEBUG [AWT-EventQueue-0]->org.mariadb.jdbc.util.log.Slf4JLogger->debug := execute query: SHOW CREATE TABLE `edext`.`Previas`
08:50:47 DEBUG [AWT-EventQueue-0]->org.mariadb.jdbc.util.log.Slf4JLogger->debug := execute query: SHOW CREATE TABLE `Curso`
08:50:47 DEBUG [AWT-EventQueue-0]->org.mariadb.jdbc.util.log.Slf4JLogger->debug := execute query: SHOW CREATE TABLE `Curso`
08:50:47 DEBUG [AWT-EventQueue-0]->org.mariadb.jdbc.util.log.Slf4JLogger->debug := execute query: SELECT TABLE_SCHEMA TABLE_CAT, NULL  TABLE_SCHEM,  TABLE_NAME, IF(TABLE_TYPE='BASE TABLE' or TABLE_TYPE='SYSTEM VERSIONED', 'TABLE', IF(TABLE_TYPE='TEMPORARY', 'LOCAL TEMPORARY', TABLE_TYPE)) as TABLE_TYPE, TABLE_COMMENT REMARKS, NULL TYPE_CAT, NULL TYPE_SCHEM, NULL TYPE_NAME, NULL SELF_REFERENCING_COL_NAME,  NULL REF_GENERATION FROM INFORMATION_SCHEMA.TABLES WHERE TABLE_SCHEMA='edext' AND TABLE_NAME='Curso' AND  TABLE_TYPE IN ('BASE TABLE','SYSTEM VERSIONED','VIEW') ORDER BY TABLE_TYPE, TABLE_SCHEMA, TABLE_NAME
08:50:47 DEBUG [AWT-EventQueue-0]->org.mariadb.jdbc.util.log.Slf4JLogger->debug := execute query: select * from `edext`.`Curso` where 1=0
08:50:47 DEBUG [AWT-EventQueue-0]->org.mariadb.jdbc.util.log.Slf4JLogger->debug := execute query: SELECT TABLE_SCHEMA TABLE_CAT, NULL  TABLE_SCHEM,  TABLE_NAME, IF(TABLE_TYPE='BASE TABLE' or TABLE_TYPE='SYSTEM VERSIONED', 'TABLE', IF(TABLE_TYPE='TEMPORARY', 'LOCAL TEMPORARY', TABLE_TYPE)) as TABLE_TYPE, TABLE_COMMENT REMARKS, NULL TYPE_CAT, NULL TYPE_SCHEM, NULL TYPE_NAME, NULL SELF_REFERENCING_COL_NAME,  NULL REF_GENERATION FROM INFORMATION_SCHEMA.TABLES WHERE TABLE_SCHEMA='edext' AND TABLE_NAME='Curso' AND  TABLE_TYPE IN ('BASE TABLE','SYSTEM VERSIONED','VIEW') ORDER BY TABLE_TYPE, TABLE_SCHEMA, TABLE_NAME
08:50:47 DEBUG [AWT-EventQueue-0]->org.mariadb.jdbc.util.log.Slf4JLogger->debug := execute query: select * from `edext`.`Curso` where 1=0
08:50:47 DEBUG [AWT-EventQueue-0]->org.mariadb.jdbc.util.log.Slf4JLogger->debug := execute query: set autocommit=0
08:50:47 DEBUG [AWT-EventQueue-0]->org.mariadb.jdbc.util.log.Slf4JLogger->debug := System variable change:  autocommit = OFF
08:50:47 DEBUG [AWT-EventQueue-0]->org.mariadb.jdbc.util.log.Slf4JLogger->debug := execute query: set autocommit=1
08:50:47 DEBUG [AWT-EventQueue-0]->org.mariadb.jdbc.util.log.Slf4JLogger->debug := System variable change:  autocommit = ON
08:50:48 DEBUG [AWT-EventQueue-0]->org.mariadb.jdbc.util.log.Slf4JLogger->debug := execute query: set autocommit=0
08:50:48 DEBUG [AWT-EventQueue-0]->org.mariadb.jdbc.util.log.Slf4JLogger->debug := System variable change:  autocommit = OFF
08:50:48 DEBUG [AWT-EventQueue-0]->org.mariadb.jdbc.util.log.Slf4JLogger->debug := execute query: select i1_0.nombre from Instituto i1_0
08:50:48 DEBUG [AWT-EventQueue-0]->org.mariadb.jdbc.util.log.Slf4JLogger->debug := execute query: set autocommit=1
08:50:48 DEBUG [AWT-EventQueue-0]->org.mariadb.jdbc.util.log.Slf4JLogger->debug := System variable change:  autocommit = ON
08:52:34 DEBUG [AWT-EventQueue-0]->org.mariadb.jdbc.util.log.Slf4JLogger->debug := execute query: CREATE DATABASE IF NOT EXISTS `edext`
08:52:34 DEBUG [AWT-EventQueue-0]->org.mariadb.jdbc.util.log.Slf4JLogger->debug := execute query: USE `edext`
08:52:34 DEBUG [AWT-EventQueue-0]->org.mariadb.jdbc.util.log.Slf4JLogger->debug := execute query: SET NAMES utf8mb4
08:52:34 DEBUG [AWT-EventQueue-0]->org.mariadb.jdbc.util.log.Slf4JLogger->debug := Database change: is 'edext'
08:52:34 DEBUG [AWT-EventQueue-0]->org.mariadb.jdbc.util.log.Slf4JLogger->debug := System variable change:  character_set_connection = utf8mb4
08:52:34 DEBUG [AWT-EventQueue-0]->org.mariadb.jdbc.util.log.Slf4JLogger->debug := System variable change:  character_set_client = utf8mb4
08:52:34 DEBUG [AWT-EventQueue-0]->org.mariadb.jdbc.util.log.Slf4JLogger->debug := System variable change:  character_set_results = utf8mb4
08:52:34 DEBUG [AWT-EventQueue-0]->org.mariadb.jdbc.util.log.Slf4JLogger->debug := execute query: set autocommit=0
08:52:34 DEBUG [AWT-EventQueue-0]->org.mariadb.jdbc.util.log.Slf4JLogger->debug := System variable change:  autocommit = OFF
08:52:34 DEBUG [AWT-EventQueue-0]->org.mariadb.jdbc.util.log.Slf4JLogger->debug := execute query: SELECT @@character_set_database, @@sql_mode
08:52:34 DEBUG [AWT-EventQueue-0]->org.mariadb.jdbc.util.log.Slf4JLogger->debug := execute query: select @@lower_case_table_names
08:52:34 DEBUG [AWT-EventQueue-0]->org.mariadb.jdbc.util.log.Slf4JLogger->debug := execute query: set autocommit=1
08:52:34 DEBUG [AWT-EventQueue-0]->org.mariadb.jdbc.util.log.Slf4JLogger->debug := System variable change:  autocommit = ON
08:52:37 DEBUG [AWT-EventQueue-0]->org.mariadb.jdbc.util.log.Slf4JLogger->debug := execute query: set autocommit=0
08:52:37 DEBUG [AWT-EventQueue-0]->org.mariadb.jdbc.util.log.Slf4JLogger->debug := System variable change:  autocommit = OFF
08:52:37 DEBUG [AWT-EventQueue-0]->org.mariadb.jdbc.util.log.Slf4JLogger->debug := execute query: set autocommit=1
08:52:37 DEBUG [AWT-EventQueue-0]->org.mariadb.jdbc.util.log.Slf4JLogger->debug := System variable change:  autocommit = ON
08:52:37 DEBUG [AWT-EventQueue-0]->org.mariadb.jdbc.util.log.Slf4JLogger->debug := execute query: select table_name from information_schema.TABLES where table_schema=database() and table_type='SEQUENCE'
08:52:37 DEBUG [AWT-EventQueue-0]->org.mariadb.jdbc.util.log.Slf4JLogger->debug := execute query: SELECT TABLE_SCHEMA TABLE_CAT, NULL  TABLE_SCHEM,  TABLE_NAME, IF(TABLE_TYPE='BASE TABLE' or TABLE_TYPE='SYSTEM VERSIONED', 'TABLE', IF(TABLE_TYPE='TEMPORARY', 'LOCAL TEMPORARY', TABLE_TYPE)) as TABLE_TYPE, TABLE_COMMENT REMARKS, NULL TYPE_CAT, NULL TYPE_SCHEM, NULL TYPE_NAME, NULL SELF_REFERENCING_COL_NAME,  NULL REF_GENERATION FROM INFORMATION_SCHEMA.TABLES WHERE TABLE_SCHEMA='edext' AND  TABLE_TYPE IN ('BASE TABLE','SYSTEM VERSIONED','VIEW') ORDER BY TABLE_TYPE, TABLE_SCHEMA, TABLE_NAME
08:52:37 DEBUG [AWT-EventQueue-0]->org.mariadb.jdbc.util.log.Slf4JLogger->debug := execute query: SELECT TABLE_SCHEMA TABLE_CAT, NULL TABLE_SCHEM, TABLE_NAME, COLUMN_NAME, CASE data_type WHEN 'bit' THEN -7 WHEN 'tinyblob' THEN -3 WHEN 'mediumblob' THEN -4 WHEN 'longblob' THEN -4 WHEN 'blob' THEN -4 WHEN 'tinytext' THEN 12 WHEN 'mediumtext' THEN -1 WHEN 'longtext' THEN -1 WHEN 'text' THEN -1 WHEN 'date' THEN 91 WHEN 'datetime' THEN 93 WHEN 'decimal' THEN 3 WHEN 'double' THEN 8 WHEN 'enum' THEN 12 WHEN 'float' THEN 7 WHEN 'int' THEN IF( COLUMN_TYPE like '%unsigned%', 4,4) WHEN 'bigint' THEN -5 WHEN 'mediumint' THEN 4 WHEN 'null' THEN 0 WHEN 'set' THEN 12 WHEN 'smallint' THEN IF( COLUMN_TYPE like '%unsigned%', 5,5) WHEN 'varchar' THEN 12 WHEN 'varbinary' THEN -3 WHEN 'char' THEN 1 WHEN 'binary' THEN -2 WHEN 'time' THEN 92 WHEN 'timestamp' THEN 93 WHEN 'tinyint' THEN IF(COLUMN_TYPE like 'tinyint(1)%',16,-6)  WHEN 'year' THEN 91 ELSE 1111 END  DATA_TYPE, IF(COLUMN_TYPE like 'tinyint(1)%', 'BOOLEAN',  UCASE(IF( COLUMN_TYPE LIKE '%(%)%', CONCAT(SUBSTRING( COLUMN_TYPE,1, LOCATE('(',COLUMN_TYPE) - 1 ), SUBSTRING(COLUMN_TYPE ,1+locate(')', COLUMN_TYPE))), COLUMN_TYPE))) TYPE_NAME, CASE DATA_TYPE WHEN 'date' THEN 10  WHEN 'time' THEN IF(DATETIME_PRECISION = 0, 10, CAST(11 + DATETIME_PRECISION as signed integer))  WHEN 'datetime' THEN IF(DATETIME_PRECISION = 0, 19, CAST(20 + DATETIME_PRECISION as signed integer))  WHEN 'timestamp' THEN IF(DATETIME_PRECISION = 0, 19, CAST(20 + DATETIME_PRECISION as signed integer))  ELSE   IF(NUMERIC_PRECISION IS NULL, LEAST(CHARACTER_MAXIMUM_LENGTH,2147483647), NUMERIC_PRECISION)  END COLUMN_SIZE, 65535 BUFFER_LENGTH,  CONVERT (CASE DATA_TYPE WHEN 'year' THEN NUMERIC_SCALE WHEN 'tinyint' THEN 0 ELSE NUMERIC_SCALE END, UNSIGNED INTEGER) DECIMAL_DIGITS, 10 NUM_PREC_RADIX, IF(IS_NULLABLE = 'yes',1,0) NULLABLE,COLUMN_COMMENT REMARKS, COLUMN_DEFAULT COLUMN_DEF, 0 SQL_DATA_TYPE, 0 SQL_DATETIME_SUB,   LEAST(CHARACTER_OCTET_LENGTH,2147483647) CHAR_OCTET_LENGTH, ORDINAL_POSITION, IS_NULLABLE, NULL SCOPE_CATALOG, NULL SCOPE_SCHEMA, NULL SCOPE_TABLE, NULL SOURCE_DATA_TYPE, IF(EXTRA = 'auto_increment','YES','NO') IS_AUTOINCREMENT,  IF(EXTRA in ('VIRTUAL', 'PERSISTENT', 'VIRTUAL GENERATED', 'STORED GENERATED') ,'YES','NO') IS_GENERATEDCOLUMN  FROM INFORMATION_SCHEMA.COLUMNS WHERE TABLE_SCHEMA='edext' ORDER BY TABLE_CAT, TABLE_SCHEM, TABLE_NAME, ORDINAL_POSITION
08:52:37 DEBUG [AWT-EventQueue-0]->org.mariadb.jdbc.util.log.Slf4JLogger->debug := execute query: SHOW CREATE TABLE `edext`.`Curso`
08:52:37 DEBUG [AWT-EventQueue-0]->org.mariadb.jdbc.util.log.Slf4JLogger->debug := execute query: SHOW CREATE TABLE `Instituto`
08:52:37 DEBUG [AWT-EventQueue-0]->org.mariadb.jdbc.util.log.Slf4JLogger->debug := execute query: SELECT TABLE_SCHEMA TABLE_CAT, NULL  TABLE_SCHEM,  TABLE_NAME, IF(TABLE_TYPE='BASE TABLE' or TABLE_TYPE='SYSTEM VERSIONED', 'TABLE', IF(TABLE_TYPE='TEMPORARY', 'LOCAL TEMPORARY', TABLE_TYPE)) as TABLE_TYPE, TABLE_COMMENT REMARKS, NULL TYPE_CAT, NULL TYPE_SCHEM, NULL TYPE_NAME, NULL SELF_REFERENCING_COL_NAME,  NULL REF_GENERATION FROM INFORMATION_SCHEMA.TABLES WHERE TABLE_SCHEMA='edext' AND TABLE_NAME='Instituto' AND  TABLE_TYPE IN ('BASE TABLE','SYSTEM VERSIONED','VIEW') ORDER BY TABLE_TYPE, TABLE_SCHEMA, TABLE_NAME
08:52:37 DEBUG [AWT-EventQueue-0]->org.mariadb.jdbc.util.log.Slf4JLogger->debug := execute query: select * from `edext`.`Instituto` where 1=0
08:52:37 DEBUG [AWT-EventQueue-0]->org.mariadb.jdbc.util.log.Slf4JLogger->debug := execute query: SHOW CREATE TABLE `edext`.`Edicion`
08:52:37 DEBUG [AWT-EventQueue-0]->org.mariadb.jdbc.util.log.Slf4JLogger->debug := execute query: SHOW CREATE TABLE `Curso`
08:52:37 DEBUG [AWT-EventQueue-0]->org.mariadb.jdbc.util.log.Slf4JLogger->debug := execute query: SELECT TABLE_SCHEMA TABLE_CAT, NULL  TABLE_SCHEM,  TABLE_NAME, IF(TABLE_TYPE='BASE TABLE' or TABLE_TYPE='SYSTEM VERSIONED', 'TABLE', IF(TABLE_TYPE='TEMPORARY', 'LOCAL TEMPORARY', TABLE_TYPE)) as TABLE_TYPE, TABLE_COMMENT REMARKS, NULL TYPE_CAT, NULL TYPE_SCHEM, NULL TYPE_NAME, NULL SELF_REFERENCING_COL_NAME,  NULL REF_GENERATION FROM INFORMATION_SCHEMA.TABLES WHERE TABLE_SCHEMA='edext' AND TABLE_NAME='Curso' AND  TABLE_TYPE IN ('BASE TABLE','SYSTEM VERSIONED','VIEW') ORDER BY TABLE_TYPE, TABLE_SCHEMA, TABLE_NAME
08:52:37 DEBUG [AWT-EventQueue-0]->org.mariadb.jdbc.util.log.Slf4JLogger->debug := execute query: select * from `edext`.`Curso` where 1=0
08:52:37 DEBUG [AWT-EventQueue-0]->org.mariadb.jdbc.util.log.Slf4JLogger->debug := execute query: SHOW CREATE TABLE `edext`.`InscripcionEdicion`
08:52:37 DEBUG [AWT-EventQueue-0]->org.mariadb.jdbc.util.log.Slf4JLogger->debug := execute query: SHOW CREATE TABLE `Edicion`
08:52:37 DEBUG [AWT-EventQueue-0]->org.mariadb.jdbc.util.log.Slf4JLogger->debug := execute query: SHOW CREATE TABLE `Usuario`
08:52:37 DEBUG [AWT-EventQueue-0]->org.mariadb.jdbc.util.log.Slf4JLogger->debug := execute query: SELECT TABLE_SCHEMA TABLE_CAT, NULL  TABLE_SCHEM,  TABLE_NAME, IF(TABLE_TYPE='BASE TABLE' or TABLE_TYPE='SYSTEM VERSIONED', 'TABLE', IF(TABLE_TYPE='TEMPORARY', 'LOCAL TEMPORARY', TABLE_TYPE)) as TABLE_TYPE, TABLE_COMMENT REMARKS, NULL TYPE_CAT, NULL TYPE_SCHEM, NULL TYPE_NAME, NULL SELF_REFERENCING_COL_NAME,  NULL REF_GENERATION FROM INFORMATION_SCHEMA.TABLES WHERE TABLE_SCHEMA='edext' AND TABLE_NAME='Edicion' AND  TABLE_TYPE IN ('BASE TABLE','SYSTEM VERSIONED','VIEW') ORDER BY TABLE_TYPE, TABLE_SCHEMA, TABLE_NAME
08:52:37 DEBUG [AWT-EventQueue-0]->org.mariadb.jdbc.util.log.Slf4JLogger->debug := execute query: select * from `edext`.`Edicion` where 1=0
08:52:37 DEBUG [AWT-EventQueue-0]->org.mariadb.jdbc.util.log.Slf4JLogger->debug := execute query: SELECT TABLE_SCHEMA TABLE_CAT, NULL  TABLE_SCHEM,  TABLE_NAME, IF(TABLE_TYPE='BASE TABLE' or TABLE_TYPE='SYSTEM VERSIONED', 'TABLE', IF(TABLE_TYPE='TEMPORARY', 'LOCAL TEMPORARY', TABLE_TYPE)) as TABLE_TYPE, TABLE_COMMENT REMARKS, NULL TYPE_CAT, NULL TYPE_SCHEM, NULL TYPE_NAME, NULL SELF_REFERENCING_COL_NAME,  NULL REF_GENERATION FROM INFORMATION_SCHEMA.TABLES WHERE TABLE_SCHEMA='edext' AND TABLE_NAME='Usuario' AND  TABLE_TYPE IN ('BASE TABLE','SYSTEM VERSIONED','VIEW') ORDER BY TABLE_TYPE, TABLE_SCHEMA, TABLE_NAME
08:52:37 DEBUG [AWT-EventQueue-0]->org.mariadb.jdbc.util.log.Slf4JLogger->debug := execute query: select * from `edext`.`Usuario` where 1=0
08:52:37 DEBUG [AWT-EventQueue-0]->org.mariadb.jdbc.util.log.Slf4JLogger->debug := execute query: SHOW CREATE TABLE `edext`.`InscripcionPrograma`
08:52:37 DEBUG [AWT-EventQueue-0]->org.mariadb.jdbc.util.log.Slf4JLogger->debug := execute query: SHOW CREATE TABLE `Usuario`
08:52:37 DEBUG [AWT-EventQueue-0]->org.mariadb.jdbc.util.log.Slf4JLogger->debug := execute query: SHOW CREATE TABLE `ProgramaFormacion`
08:52:37 DEBUG [AWT-EventQueue-0]->org.mariadb.jdbc.util.log.Slf4JLogger->debug := execute query: SELECT TABLE_SCHEMA TABLE_CAT, NULL  TABLE_SCHEM,  TABLE_NAME, IF(TABLE_TYPE='BASE TABLE' or TABLE_TYPE='SYSTEM VERSIONED', 'TABLE', IF(TABLE_TYPE='TEMPORARY', 'LOCAL TEMPORARY', TABLE_TYPE)) as TABLE_TYPE, TABLE_COMMENT REMARKS, NULL TYPE_CAT, NULL TYPE_SCHEM, NULL TYPE_NAME, NULL SELF_REFERENCING_COL_NAME,  NULL REF_GENERATION FROM INFORMATION_SCHEMA.TABLES WHERE TABLE_SCHEMA='edext' AND TABLE_NAME='ProgramaFormacion' AND  TABLE_TYPE IN ('BASE TABLE','SYSTEM VERSIONED','VIEW') ORDER BY TABLE_TYPE, TABLE_SCHEMA, TABLE_NAME
08:52:37 DEBUG [AWT-EventQueue-0]->org.mariadb.jdbc.util.log.Slf4JLogger->debug := execute query: select * from `edext`.`ProgramaFormacion` where 1=0
08:52:37 DEBUG [AWT-EventQueue-0]->org.mariadb.jdbc.util.log.Slf4JLogger->debug := execute query: SELECT TABLE_SCHEMA TABLE_CAT, NULL  TABLE_SCHEM,  TABLE_NAME, IF(TABLE_TYPE='BASE TABLE' or TABLE_TYPE='SYSTEM VERSIONED', 'TABLE', IF(TABLE_TYPE='TEMPORARY', 'LOCAL TEMPORARY', TABLE_TYPE)) as TABLE_TYPE, TABLE_COMMENT REMARKS, NULL TYPE_CAT, NULL TYPE_SCHEM, NULL TYPE_NAME, NULL SELF_REFERENCING_COL_NAME,  NULL REF_GENERATION FROM INFORMATION_SCHEMA.TABLES WHERE TABLE_SCHEMA='edext' AND TABLE_NAME='Usuario' AND  TABLE_TYPE IN ('BASE TABLE','SYSTEM VERSIONED','VIEW') ORDER BY TABLE_TYPE, TABLE_SCHEMA, TABLE_NAME
08:52:37 DEBUG [AWT-EventQueue-0]->org.mariadb.jdbc.util.log.Slf4JLogger->debug := execute query: select * from `edext`.`Usuario` where 1=0
08:52:37 DEBUG [AWT-EventQueue-0]->org.mariadb.jdbc.util.log.Slf4JLogger->debug := execute query: SHOW CREATE TABLE `edext`.`Integra`
08:52:37 DEBUG [AWT-EventQueue-0]->org.mariadb.jdbc.util.log.Slf4JLogger->debug := execute query: SHOW CREATE TABLE `ProgramaFormacion`
08:52:37 DEBUG [AWT-EventQueue-0]->org.mariadb.jdbc.util.log.Slf4JLogger->debug := execute query: SHOW CREATE TABLE `Curso`
08:52:37 DEBUG [AWT-EventQueue-0]->org.mariadb.jdbc.util.log.Slf4JLogger->debug := execute query: SELECT TABLE_SCHEMA TABLE_CAT, NULL  TABLE_SCHEM,  TABLE_NAME, IF(TABLE_TYPE='BASE TABLE' or TABLE_TYPE='SYSTEM VERSIONED', 'TABLE', IF(TABLE_TYPE='TEMPORARY', 'LOCAL TEMPORARY', TABLE_TYPE)) as TABLE_TYPE, TABLE_COMMENT REMARKS, NULL TYPE_CAT, NULL TYPE_SCHEM, NULL TYPE_NAME, NULL SELF_REFERENCING_COL_NAME,  NULL REF_GENERATION FROM INFORMATION_SCHEMA.TABLES WHERE TABLE_SCHEMA='edext' AND TABLE_NAME='Curso' AND  TABLE_TYPE IN ('BASE TABLE','SYSTEM VERSIONED','VIEW') ORDER BY TABLE_TYPE, TABLE_SCHEMA, TABLE_NAME
08:52:37 DEBUG [AWT-EventQueue-0]->org.mariadb.jdbc.util.log.Slf4JLogger->debug := execute query: select * from `edext`.`Curso` where 1=0
08:52:37 DEBUG [AWT-EventQueue-0]->org.mariadb.jdbc.util.log.Slf4JLogger->debug := execute query: SELECT TABLE_SCHEMA TABLE_CAT, NULL  TABLE_SCHEM,  TABLE_NAME, IF(TABLE_TYPE='BASE TABLE' or TABLE_TYPE='SYSTEM VERSIONED', 'TABLE', IF(TABLE_TYPE='TEMPORARY', 'LOCAL TEMPORARY', TABLE_TYPE)) as TABLE_TYPE, TABLE_COMMENT REMARKS, NULL TYPE_CAT, NULL TYPE_SCHEM, NULL TYPE_NAME, NULL SELF_REFERENCING_COL_NAME,  NULL REF_GENERATION FROM INFORMATION_SCHEMA.TABLES WHERE TABLE_SCHEMA='edext' AND TABLE_NAME='ProgramaFormacion' AND  TABLE_TYPE IN ('BASE TABLE','SYSTEM VERSIONED','VIEW') ORDER BY TABLE_TYPE, TABLE_SCHEMA, TABLE_NAME
08:52:37 DEBUG [AWT-EventQueue-0]->org.mariadb.jdbc.util.log.Slf4JLogger->debug := execute query: select * from `edext`.`ProgramaFormacion` where 1=0
08:52:37 DEBUG [AWT-EventQueue-0]->org.mariadb.jdbc.util.log.Slf4JLogger->debug := execute query: SHOW CREATE TABLE `edext`.`Organiza`
08:52:37 DEBUG [AWT-EventQueue-0]->org.mariadb.jdbc.util.log.Slf4JLogger->debug := execute query: SHOW CREATE TABLE `Edicion`
08:52:37 DEBUG [AWT-EventQueue-0]->org.mariadb.jdbc.util.log.Slf4JLogger->debug := execute query: SHOW CREATE TABLE `Usuario`
08:52:37 DEBUG [AWT-EventQueue-0]->org.mariadb.jdbc.util.log.Slf4JLogger->debug := execute query: SELECT TABLE_SCHEMA TABLE_CAT, NULL  TABLE_SCHEM,  TABLE_NAME, IF(TABLE_TYPE='BASE TABLE' or TABLE_TYPE='SYSTEM VERSIONED', 'TABLE', IF(TABLE_TYPE='TEMPORARY', 'LOCAL TEMPORARY', TABLE_TYPE)) as TABLE_TYPE, TABLE_COMMENT REMARKS, NULL TYPE_CAT, NULL TYPE_SCHEM, NULL TYPE_NAME, NULL SELF_REFERENCING_COL_NAME,  NULL REF_GENERATION FROM INFORMATION_SCHEMA.TABLES WHERE TABLE_SCHEMA='edext' AND TABLE_NAME='Edicion' AND  TABLE_TYPE IN ('BASE TABLE','SYSTEM VERSIONED','VIEW') ORDER BY TABLE_TYPE, TABLE_SCHEMA, TABLE_NAME
08:52:37 DEBUG [AWT-EventQueue-0]->org.mariadb.jdbc.util.log.Slf4JLogger->debug := execute query: select * from `edext`.`Edicion` where 1=0
08:52:37 DEBUG [AWT-EventQueue-0]->org.mariadb.jdbc.util.log.Slf4JLogger->debug := execute query: SELECT TABLE_SCHEMA TABLE_CAT, NULL  TABLE_SCHEM,  TABLE_NAME, IF(TABLE_TYPE='BASE TABLE' or TABLE_TYPE='SYSTEM VERSIONED', 'TABLE', IF(TABLE_TYPE='TEMPORARY', 'LOCAL TEMPORARY', TABLE_TYPE)) as TABLE_TYPE, TABLE_COMMENT REMARKS, NULL TYPE_CAT, NULL TYPE_SCHEM, NULL TYPE_NAME, NULL SELF_REFERENCING_COL_NAME,  NULL REF_GENERATION FROM INFORMATION_SCHEMA.TABLES WHERE TABLE_SCHEMA='edext' AND TABLE_NAME='Usuario' AND  TABLE_TYPE IN ('BASE TABLE','SYSTEM VERSIONED','VIEW') ORDER BY TABLE_TYPE, TABLE_SCHEMA, TABLE_NAME
08:52:37 DEBUG [AWT-EventQueue-0]->org.mariadb.jdbc.util.log.Slf4JLogger->debug := execute query: select * from `edext`.`Usuario` where 1=0
08:52:37 DEBUG [AWT-EventQueue-0]->org.mariadb.jdbc.util.log.Slf4JLogger->debug := execute query: SHOW CREATE TABLE `edext`.`Pertenece`
08:52:37 DEBUG [AWT-EventQueue-0]->org.mariadb.jdbc.util.log.Slf4JLogger->debug := execute query: SHOW CREATE TABLE `Usuario`
08:52:37 DEBUG [AWT-EventQueue-0]->org.mariadb.jdbc.util.log.Slf4JLogger->debug := execute query: SHOW CREATE TABLE `Instituto`
08:52:37 DEBUG [AWT-EventQueue-0]->org.mariadb.jdbc.util.log.Slf4JLogger->debug := execute query: SELECT TABLE_SCHEMA TABLE_CAT, NULL  TABLE_SCHEM,  TABLE_NAME, IF(TABLE_TYPE='BASE TABLE' or TABLE_TYPE='SYSTEM VERSIONED', 'TABLE', IF(TABLE_TYPE='TEMPORARY', 'LOCAL TEMPORARY', TABLE_TYPE)) as TABLE_TYPE, TABLE_COMMENT REMARKS, NULL TYPE_CAT, NULL TYPE_SCHEM, NULL TYPE_NAME, NULL SELF_REFERENCING_COL_NAME,  NULL REF_GENERATION FROM INFORMATION_SCHEMA.TABLES WHERE TABLE_SCHEMA='edext' AND TABLE_NAME='Instituto' AND  TABLE_TYPE IN ('BASE TABLE','SYSTEM VERSIONED','VIEW') ORDER BY TABLE_TYPE, TABLE_SCHEMA, TABLE_NAME
08:52:37 DEBUG [AWT-EventQueue-0]->org.mariadb.jdbc.util.log.Slf4JLogger->debug := execute query: select * from `edext`.`Instituto` where 1=0
08:52:37 DEBUG [AWT-EventQueue-0]->org.mariadb.jdbc.util.log.Slf4JLogger->debug := execute query: SELECT TABLE_SCHEMA TABLE_CAT, NULL  TABLE_SCHEM,  TABLE_NAME, IF(TABLE_TYPE='BASE TABLE' or TABLE_TYPE='SYSTEM VERSIONED', 'TABLE', IF(TABLE_TYPE='TEMPORARY', 'LOCAL TEMPORARY', TABLE_TYPE)) as TABLE_TYPE, TABLE_COMMENT REMARKS, NULL TYPE_CAT, NULL TYPE_SCHEM, NULL TYPE_NAME, NULL SELF_REFERENCING_COL_NAME,  NULL REF_GENERATION FROM INFORMATION_SCHEMA.TABLES WHERE TABLE_SCHEMA='edext' AND TABLE_NAME='Usuario' AND  TABLE_TYPE IN ('BASE TABLE','SYSTEM VERSIONED','VIEW') ORDER BY TABLE_TYPE, TABLE_SCHEMA, TABLE_NAME
08:52:37 DEBUG [AWT-EventQueue-0]->org.mariadb.jdbc.util.log.Slf4JLogger->debug := execute query: select * from `edext`.`Usuario` where 1=0
08:52:37 DEBUG [AWT-EventQueue-0]->org.mariadb.jdbc.util.log.Slf4JLogger->debug := execute query: SHOW CREATE TABLE `edext`.`Previas`
08:52:37 DEBUG [AWT-EventQueue-0]->org.mariadb.jdbc.util.log.Slf4JLogger->debug := execute query: SHOW CREATE TABLE `Curso`
08:52:37 DEBUG [AWT-EventQueue-0]->org.mariadb.jdbc.util.log.Slf4JLogger->debug := execute query: SHOW CREATE TABLE `Curso`
08:52:37 DEBUG [AWT-EventQueue-0]->org.mariadb.jdbc.util.log.Slf4JLogger->debug := execute query: SELECT TABLE_SCHEMA TABLE_CAT, NULL  TABLE_SCHEM,  TABLE_NAME, IF(TABLE_TYPE='BASE TABLE' or TABLE_TYPE='SYSTEM VERSIONED', 'TABLE', IF(TABLE_TYPE='TEMPORARY', 'LOCAL TEMPORARY', TABLE_TYPE)) as TABLE_TYPE, TABLE_COMMENT REMARKS, NULL TYPE_CAT, NULL TYPE_SCHEM, NULL TYPE_NAME, NULL SELF_REFERENCING_COL_NAME,  NULL REF_GENERATION FROM INFORMATION_SCHEMA.TABLES WHERE TABLE_SCHEMA='edext' AND TABLE_NAME='Curso' AND  TABLE_TYPE IN ('BASE TABLE','SYSTEM VERSIONED','VIEW') ORDER BY TABLE_TYPE, TABLE_SCHEMA, TABLE_NAME
08:52:37 DEBUG [AWT-EventQueue-0]->org.mariadb.jdbc.util.log.Slf4JLogger->debug := execute query: select * from `edext`.`Curso` where 1=0
08:52:37 DEBUG [AWT-EventQueue-0]->org.mariadb.jdbc.util.log.Slf4JLogger->debug := execute query: SELECT TABLE_SCHEMA TABLE_CAT, NULL  TABLE_SCHEM,  TABLE_NAME, IF(TABLE_TYPE='BASE TABLE' or TABLE_TYPE='SYSTEM VERSIONED', 'TABLE', IF(TABLE_TYPE='TEMPORARY', 'LOCAL TEMPORARY', TABLE_TYPE)) as TABLE_TYPE, TABLE_COMMENT REMARKS, NULL TYPE_CAT, NULL TYPE_SCHEM, NULL TYPE_NAME, NULL SELF_REFERENCING_COL_NAME,  NULL REF_GENERATION FROM INFORMATION_SCHEMA.TABLES WHERE TABLE_SCHEMA='edext' AND TABLE_NAME='Curso' AND  TABLE_TYPE IN ('BASE TABLE','SYSTEM VERSIONED','VIEW') ORDER BY TABLE_TYPE, TABLE_SCHEMA, TABLE_NAME
08:52:37 DEBUG [AWT-EventQueue-0]->org.mariadb.jdbc.util.log.Slf4JLogger->debug := execute query: select * from `edext`.`Curso` where 1=0
08:52:37 DEBUG [AWT-EventQueue-0]->org.mariadb.jdbc.util.log.Slf4JLogger->debug := execute query: set autocommit=0
08:52:37 DEBUG [AWT-EventQueue-0]->org.mariadb.jdbc.util.log.Slf4JLogger->debug := System variable change:  autocommit = OFF
08:52:37 DEBUG [AWT-EventQueue-0]->org.mariadb.jdbc.util.log.Slf4JLogger->debug := execute query: set autocommit=1
08:52:37 DEBUG [AWT-EventQueue-0]->org.mariadb.jdbc.util.log.Slf4JLogger->debug := System variable change:  autocommit = ON
08:52:37 DEBUG [AWT-EventQueue-0]->org.mariadb.jdbc.util.log.Slf4JLogger->debug := execute query: set autocommit=0
08:52:37 DEBUG [AWT-EventQueue-0]->org.mariadb.jdbc.util.log.Slf4JLogger->debug := System variable change:  autocommit = OFF
08:52:37 DEBUG [AWT-EventQueue-0]->org.mariadb.jdbc.util.log.Slf4JLogger->debug := execute query: select i1_0.nombre from Instituto i1_0
08:52:37 DEBUG [AWT-EventQueue-0]->org.mariadb.jdbc.util.log.Slf4JLogger->debug := execute query: set autocommit=1
08:52:37 DEBUG [AWT-EventQueue-0]->org.mariadb.jdbc.util.log.Slf4JLogger->debug := System variable change:  autocommit = ON
08:56:02 DEBUG [AWT-EventQueue-0]->org.mariadb.jdbc.util.log.Slf4JLogger->debug := execute query: CREATE DATABASE IF NOT EXISTS `edext`
08:56:02 DEBUG [AWT-EventQueue-0]->org.mariadb.jdbc.util.log.Slf4JLogger->debug := execute query: USE `edext`
08:56:02 DEBUG [AWT-EventQueue-0]->org.mariadb.jdbc.util.log.Slf4JLogger->debug := execute query: SET NAMES utf8mb4
08:56:02 DEBUG [AWT-EventQueue-0]->org.mariadb.jdbc.util.log.Slf4JLogger->debug := Database change: is 'edext'
08:56:02 DEBUG [AWT-EventQueue-0]->org.mariadb.jdbc.util.log.Slf4JLogger->debug := System variable change:  character_set_connection = utf8mb4
08:56:02 DEBUG [AWT-EventQueue-0]->org.mariadb.jdbc.util.log.Slf4JLogger->debug := System variable change:  character_set_client = utf8mb4
08:56:02 DEBUG [AWT-EventQueue-0]->org.mariadb.jdbc.util.log.Slf4JLogger->debug := System variable change:  character_set_results = utf8mb4
08:56:02 DEBUG [AWT-EventQueue-0]->org.mariadb.jdbc.util.log.Slf4JLogger->debug := execute query: set autocommit=0
08:56:02 DEBUG [AWT-EventQueue-0]->org.mariadb.jdbc.util.log.Slf4JLogger->debug := System variable change:  autocommit = OFF
08:56:02 DEBUG [AWT-EventQueue-0]->org.mariadb.jdbc.util.log.Slf4JLogger->debug := execute query: SELECT @@character_set_database, @@sql_mode
08:56:02 DEBUG [AWT-EventQueue-0]->org.mariadb.jdbc.util.log.Slf4JLogger->debug := execute query: select @@lower_case_table_names
08:56:02 DEBUG [AWT-EventQueue-0]->org.mariadb.jdbc.util.log.Slf4JLogger->debug := execute query: set autocommit=1
08:56:02 DEBUG [AWT-EventQueue-0]->org.mariadb.jdbc.util.log.Slf4JLogger->debug := System variable change:  autocommit = ON
08:56:04 DEBUG [AWT-EventQueue-0]->org.mariadb.jdbc.util.log.Slf4JLogger->debug := execute query: set autocommit=0
08:56:04 DEBUG [AWT-EventQueue-0]->org.mariadb.jdbc.util.log.Slf4JLogger->debug := System variable change:  autocommit = OFF
08:56:04 DEBUG [AWT-EventQueue-0]->org.mariadb.jdbc.util.log.Slf4JLogger->debug := execute query: set autocommit=1
08:56:04 DEBUG [AWT-EventQueue-0]->org.mariadb.jdbc.util.log.Slf4JLogger->debug := System variable change:  autocommit = ON
08:56:04 DEBUG [AWT-EventQueue-0]->org.mariadb.jdbc.util.log.Slf4JLogger->debug := execute query: select table_name from information_schema.TABLES where table_schema=database() and table_type='SEQUENCE'
08:56:04 DEBUG [AWT-EventQueue-0]->org.mariadb.jdbc.util.log.Slf4JLogger->debug := execute query: SELECT TABLE_SCHEMA TABLE_CAT, NULL  TABLE_SCHEM,  TABLE_NAME, IF(TABLE_TYPE='BASE TABLE' or TABLE_TYPE='SYSTEM VERSIONED', 'TABLE', IF(TABLE_TYPE='TEMPORARY', 'LOCAL TEMPORARY', TABLE_TYPE)) as TABLE_TYPE, TABLE_COMMENT REMARKS, NULL TYPE_CAT, NULL TYPE_SCHEM, NULL TYPE_NAME, NULL SELF_REFERENCING_COL_NAME,  NULL REF_GENERATION FROM INFORMATION_SCHEMA.TABLES WHERE TABLE_SCHEMA='edext' AND  TABLE_TYPE IN ('BASE TABLE','SYSTEM VERSIONED','VIEW') ORDER BY TABLE_TYPE, TABLE_SCHEMA, TABLE_NAME
08:56:04 DEBUG [AWT-EventQueue-0]->org.mariadb.jdbc.util.log.Slf4JLogger->debug := execute query: SELECT TABLE_SCHEMA TABLE_CAT, NULL TABLE_SCHEM, TABLE_NAME, COLUMN_NAME, CASE data_type WHEN 'bit' THEN -7 WHEN 'tinyblob' THEN -3 WHEN 'mediumblob' THEN -4 WHEN 'longblob' THEN -4 WHEN 'blob' THEN -4 WHEN 'tinytext' THEN 12 WHEN 'mediumtext' THEN -1 WHEN 'longtext' THEN -1 WHEN 'text' THEN -1 WHEN 'date' THEN 91 WHEN 'datetime' THEN 93 WHEN 'decimal' THEN 3 WHEN 'double' THEN 8 WHEN 'enum' THEN 12 WHEN 'float' THEN 7 WHEN 'int' THEN IF( COLUMN_TYPE like '%unsigned%', 4,4) WHEN 'bigint' THEN -5 WHEN 'mediumint' THEN 4 WHEN 'null' THEN 0 WHEN 'set' THEN 12 WHEN 'smallint' THEN IF( COLUMN_TYPE like '%unsigned%', 5,5) WHEN 'varchar' THEN 12 WHEN 'varbinary' THEN -3 WHEN 'char' THEN 1 WHEN 'binary' THEN -2 WHEN 'time' THEN 92 WHEN 'timestamp' THEN 93 WHEN 'tinyint' THEN IF(COLUMN_TYPE like 'tinyint(1)%',16,-6)  WHEN 'year' THEN 91 ELSE 1111 END  DATA_TYPE, IF(COLUMN_TYPE like 'tinyint(1)%', 'BOOLEAN',  UCASE(IF( COLUMN_TYPE LIKE '%(%)%', CONCAT(SUBSTRING( COLUMN_TYPE,1, LOCATE('(',COLUMN_TYPE) - 1 ), SUBSTRING(COLUMN_TYPE ,1+locate(')', COLUMN_TYPE))), COLUMN_TYPE))) TYPE_NAME, CASE DATA_TYPE WHEN 'date' THEN 10  WHEN 'time' THEN IF(DATETIME_PRECISION = 0, 10, CAST(11 + DATETIME_PRECISION as signed integer))  WHEN 'datetime' THEN IF(DATETIME_PRECISION = 0, 19, CAST(20 + DATETIME_PRECISION as signed integer))  WHEN 'timestamp' THEN IF(DATETIME_PRECISION = 0, 19, CAST(20 + DATETIME_PRECISION as signed integer))  ELSE   IF(NUMERIC_PRECISION IS NULL, LEAST(CHARACTER_MAXIMUM_LENGTH,2147483647), NUMERIC_PRECISION)  END COLUMN_SIZE, 65535 BUFFER_LENGTH,  CONVERT (CASE DATA_TYPE WHEN 'year' THEN NUMERIC_SCALE WHEN 'tinyint' THEN 0 ELSE NUMERIC_SCALE END, UNSIGNED INTEGER) DECIMAL_DIGITS, 10 NUM_PREC_RADIX, IF(IS_NULLABLE = 'yes',1,0) NULLABLE,COLUMN_COMMENT REMARKS, COLUMN_DEFAULT COLUMN_DEF, 0 SQL_DATA_TYPE, 0 SQL_DATETIME_SUB,   LEAST(CHARACTER_OCTET_LENGTH,2147483647) CHAR_OCTET_LENGTH, ORDINAL_POSITION, IS_NULLABLE, NULL SCOPE_CATALOG, NULL SCOPE_SCHEMA, NULL SCOPE_TABLE, NULL SOURCE_DATA_TYPE, IF(EXTRA = 'auto_increment','YES','NO') IS_AUTOINCREMENT,  IF(EXTRA in ('VIRTUAL', 'PERSISTENT', 'VIRTUAL GENERATED', 'STORED GENERATED') ,'YES','NO') IS_GENERATEDCOLUMN  FROM INFORMATION_SCHEMA.COLUMNS WHERE TABLE_SCHEMA='edext' ORDER BY TABLE_CAT, TABLE_SCHEM, TABLE_NAME, ORDINAL_POSITION
08:56:04 DEBUG [AWT-EventQueue-0]->org.mariadb.jdbc.util.log.Slf4JLogger->debug := execute query: SHOW CREATE TABLE `edext`.`Curso`
08:56:04 DEBUG [AWT-EventQueue-0]->org.mariadb.jdbc.util.log.Slf4JLogger->debug := execute query: SHOW CREATE TABLE `Instituto`
08:56:04 DEBUG [AWT-EventQueue-0]->org.mariadb.jdbc.util.log.Slf4JLogger->debug := execute query: SELECT TABLE_SCHEMA TABLE_CAT, NULL  TABLE_SCHEM,  TABLE_NAME, IF(TABLE_TYPE='BASE TABLE' or TABLE_TYPE='SYSTEM VERSIONED', 'TABLE', IF(TABLE_TYPE='TEMPORARY', 'LOCAL TEMPORARY', TABLE_TYPE)) as TABLE_TYPE, TABLE_COMMENT REMARKS, NULL TYPE_CAT, NULL TYPE_SCHEM, NULL TYPE_NAME, NULL SELF_REFERENCING_COL_NAME,  NULL REF_GENERATION FROM INFORMATION_SCHEMA.TABLES WHERE TABLE_SCHEMA='edext' AND TABLE_NAME='Instituto' AND  TABLE_TYPE IN ('BASE TABLE','SYSTEM VERSIONED','VIEW') ORDER BY TABLE_TYPE, TABLE_SCHEMA, TABLE_NAME
08:56:04 DEBUG [AWT-EventQueue-0]->org.mariadb.jdbc.util.log.Slf4JLogger->debug := execute query: select * from `edext`.`Instituto` where 1=0
08:56:04 DEBUG [AWT-EventQueue-0]->org.mariadb.jdbc.util.log.Slf4JLogger->debug := execute query: SHOW CREATE TABLE `edext`.`Edicion`
08:56:04 DEBUG [AWT-EventQueue-0]->org.mariadb.jdbc.util.log.Slf4JLogger->debug := execute query: SHOW CREATE TABLE `Curso`
08:56:04 DEBUG [AWT-EventQueue-0]->org.mariadb.jdbc.util.log.Slf4JLogger->debug := execute query: SELECT TABLE_SCHEMA TABLE_CAT, NULL  TABLE_SCHEM,  TABLE_NAME, IF(TABLE_TYPE='BASE TABLE' or TABLE_TYPE='SYSTEM VERSIONED', 'TABLE', IF(TABLE_TYPE='TEMPORARY', 'LOCAL TEMPORARY', TABLE_TYPE)) as TABLE_TYPE, TABLE_COMMENT REMARKS, NULL TYPE_CAT, NULL TYPE_SCHEM, NULL TYPE_NAME, NULL SELF_REFERENCING_COL_NAME,  NULL REF_GENERATION FROM INFORMATION_SCHEMA.TABLES WHERE TABLE_SCHEMA='edext' AND TABLE_NAME='Curso' AND  TABLE_TYPE IN ('BASE TABLE','SYSTEM VERSIONED','VIEW') ORDER BY TABLE_TYPE, TABLE_SCHEMA, TABLE_NAME
08:56:04 DEBUG [AWT-EventQueue-0]->org.mariadb.jdbc.util.log.Slf4JLogger->debug := execute query: select * from `edext`.`Curso` where 1=0
08:56:04 DEBUG [AWT-EventQueue-0]->org.mariadb.jdbc.util.log.Slf4JLogger->debug := execute query: SHOW CREATE TABLE `edext`.`InscripcionEdicion`
08:56:04 DEBUG [AWT-EventQueue-0]->org.mariadb.jdbc.util.log.Slf4JLogger->debug := execute query: SHOW CREATE TABLE `Edicion`
08:56:04 DEBUG [AWT-EventQueue-0]->org.mariadb.jdbc.util.log.Slf4JLogger->debug := execute query: SHOW CREATE TABLE `Usuario`
08:56:04 DEBUG [AWT-EventQueue-0]->org.mariadb.jdbc.util.log.Slf4JLogger->debug := execute query: SELECT TABLE_SCHEMA TABLE_CAT, NULL  TABLE_SCHEM,  TABLE_NAME, IF(TABLE_TYPE='BASE TABLE' or TABLE_TYPE='SYSTEM VERSIONED', 'TABLE', IF(TABLE_TYPE='TEMPORARY', 'LOCAL TEMPORARY', TABLE_TYPE)) as TABLE_TYPE, TABLE_COMMENT REMARKS, NULL TYPE_CAT, NULL TYPE_SCHEM, NULL TYPE_NAME, NULL SELF_REFERENCING_COL_NAME,  NULL REF_GENERATION FROM INFORMATION_SCHEMA.TABLES WHERE TABLE_SCHEMA='edext' AND TABLE_NAME='Edicion' AND  TABLE_TYPE IN ('BASE TABLE','SYSTEM VERSIONED','VIEW') ORDER BY TABLE_TYPE, TABLE_SCHEMA, TABLE_NAME
08:56:04 DEBUG [AWT-EventQueue-0]->org.mariadb.jdbc.util.log.Slf4JLogger->debug := execute query: select * from `edext`.`Edicion` where 1=0
08:56:04 DEBUG [AWT-EventQueue-0]->org.mariadb.jdbc.util.log.Slf4JLogger->debug := execute query: SELECT TABLE_SCHEMA TABLE_CAT, NULL  TABLE_SCHEM,  TABLE_NAME, IF(TABLE_TYPE='BASE TABLE' or TABLE_TYPE='SYSTEM VERSIONED', 'TABLE', IF(TABLE_TYPE='TEMPORARY', 'LOCAL TEMPORARY', TABLE_TYPE)) as TABLE_TYPE, TABLE_COMMENT REMARKS, NULL TYPE_CAT, NULL TYPE_SCHEM, NULL TYPE_NAME, NULL SELF_REFERENCING_COL_NAME,  NULL REF_GENERATION FROM INFORMATION_SCHEMA.TABLES WHERE TABLE_SCHEMA='edext' AND TABLE_NAME='Usuario' AND  TABLE_TYPE IN ('BASE TABLE','SYSTEM VERSIONED','VIEW') ORDER BY TABLE_TYPE, TABLE_SCHEMA, TABLE_NAME
08:56:04 DEBUG [AWT-EventQueue-0]->org.mariadb.jdbc.util.log.Slf4JLogger->debug := execute query: select * from `edext`.`Usuario` where 1=0
08:56:04 DEBUG [AWT-EventQueue-0]->org.mariadb.jdbc.util.log.Slf4JLogger->debug := execute query: SHOW CREATE TABLE `edext`.`InscripcionPrograma`
08:56:04 DEBUG [AWT-EventQueue-0]->org.mariadb.jdbc.util.log.Slf4JLogger->debug := execute query: SHOW CREATE TABLE `Usuario`
08:56:04 DEBUG [AWT-EventQueue-0]->org.mariadb.jdbc.util.log.Slf4JLogger->debug := execute query: SHOW CREATE TABLE `ProgramaFormacion`
08:56:04 DEBUG [AWT-EventQueue-0]->org.mariadb.jdbc.util.log.Slf4JLogger->debug := execute query: SELECT TABLE_SCHEMA TABLE_CAT, NULL  TABLE_SCHEM,  TABLE_NAME, IF(TABLE_TYPE='BASE TABLE' or TABLE_TYPE='SYSTEM VERSIONED', 'TABLE', IF(TABLE_TYPE='TEMPORARY', 'LOCAL TEMPORARY', TABLE_TYPE)) as TABLE_TYPE, TABLE_COMMENT REMARKS, NULL TYPE_CAT, NULL TYPE_SCHEM, NULL TYPE_NAME, NULL SELF_REFERENCING_COL_NAME,  NULL REF_GENERATION FROM INFORMATION_SCHEMA.TABLES WHERE TABLE_SCHEMA='edext' AND TABLE_NAME='ProgramaFormacion' AND  TABLE_TYPE IN ('BASE TABLE','SYSTEM VERSIONED','VIEW') ORDER BY TABLE_TYPE, TABLE_SCHEMA, TABLE_NAME
08:56:04 DEBUG [AWT-EventQueue-0]->org.mariadb.jdbc.util.log.Slf4JLogger->debug := execute query: select * from `edext`.`ProgramaFormacion` where 1=0
08:56:04 DEBUG [AWT-EventQueue-0]->org.mariadb.jdbc.util.log.Slf4JLogger->debug := execute query: SELECT TABLE_SCHEMA TABLE_CAT, NULL  TABLE_SCHEM,  TABLE_NAME, IF(TABLE_TYPE='BASE TABLE' or TABLE_TYPE='SYSTEM VERSIONED', 'TABLE', IF(TABLE_TYPE='TEMPORARY', 'LOCAL TEMPORARY', TABLE_TYPE)) as TABLE_TYPE, TABLE_COMMENT REMARKS, NULL TYPE_CAT, NULL TYPE_SCHEM, NULL TYPE_NAME, NULL SELF_REFERENCING_COL_NAME,  NULL REF_GENERATION FROM INFORMATION_SCHEMA.TABLES WHERE TABLE_SCHEMA='edext' AND TABLE_NAME='Usuario' AND  TABLE_TYPE IN ('BASE TABLE','SYSTEM VERSIONED','VIEW') ORDER BY TABLE_TYPE, TABLE_SCHEMA, TABLE_NAME
08:56:04 DEBUG [AWT-EventQueue-0]->org.mariadb.jdbc.util.log.Slf4JLogger->debug := execute query: select * from `edext`.`Usuario` where 1=0
08:56:04 DEBUG [AWT-EventQueue-0]->org.mariadb.jdbc.util.log.Slf4JLogger->debug := execute query: SHOW CREATE TABLE `edext`.`Integra`
08:56:04 DEBUG [AWT-EventQueue-0]->org.mariadb.jdbc.util.log.Slf4JLogger->debug := execute query: SHOW CREATE TABLE `ProgramaFormacion`
08:56:04 DEBUG [AWT-EventQueue-0]->org.mariadb.jdbc.util.log.Slf4JLogger->debug := execute query: SHOW CREATE TABLE `Curso`
08:56:04 DEBUG [AWT-EventQueue-0]->org.mariadb.jdbc.util.log.Slf4JLogger->debug := execute query: SELECT TABLE_SCHEMA TABLE_CAT, NULL  TABLE_SCHEM,  TABLE_NAME, IF(TABLE_TYPE='BASE TABLE' or TABLE_TYPE='SYSTEM VERSIONED', 'TABLE', IF(TABLE_TYPE='TEMPORARY', 'LOCAL TEMPORARY', TABLE_TYPE)) as TABLE_TYPE, TABLE_COMMENT REMARKS, NULL TYPE_CAT, NULL TYPE_SCHEM, NULL TYPE_NAME, NULL SELF_REFERENCING_COL_NAME,  NULL REF_GENERATION FROM INFORMATION_SCHEMA.TABLES WHERE TABLE_SCHEMA='edext' AND TABLE_NAME='Curso' AND  TABLE_TYPE IN ('BASE TABLE','SYSTEM VERSIONED','VIEW') ORDER BY TABLE_TYPE, TABLE_SCHEMA, TABLE_NAME
08:56:04 DEBUG [AWT-EventQueue-0]->org.mariadb.jdbc.util.log.Slf4JLogger->debug := execute query: select * from `edext`.`Curso` where 1=0
08:56:04 DEBUG [AWT-EventQueue-0]->org.mariadb.jdbc.util.log.Slf4JLogger->debug := execute query: SELECT TABLE_SCHEMA TABLE_CAT, NULL  TABLE_SCHEM,  TABLE_NAME, IF(TABLE_TYPE='BASE TABLE' or TABLE_TYPE='SYSTEM VERSIONED', 'TABLE', IF(TABLE_TYPE='TEMPORARY', 'LOCAL TEMPORARY', TABLE_TYPE)) as TABLE_TYPE, TABLE_COMMENT REMARKS, NULL TYPE_CAT, NULL TYPE_SCHEM, NULL TYPE_NAME, NULL SELF_REFERENCING_COL_NAME,  NULL REF_GENERATION FROM INFORMATION_SCHEMA.TABLES WHERE TABLE_SCHEMA='edext' AND TABLE_NAME='ProgramaFormacion' AND  TABLE_TYPE IN ('BASE TABLE','SYSTEM VERSIONED','VIEW') ORDER BY TABLE_TYPE, TABLE_SCHEMA, TABLE_NAME
08:56:04 DEBUG [AWT-EventQueue-0]->org.mariadb.jdbc.util.log.Slf4JLogger->debug := execute query: select * from `edext`.`ProgramaFormacion` where 1=0
08:56:04 DEBUG [AWT-EventQueue-0]->org.mariadb.jdbc.util.log.Slf4JLogger->debug := execute query: SHOW CREATE TABLE `edext`.`Organiza`
08:56:04 DEBUG [AWT-EventQueue-0]->org.mariadb.jdbc.util.log.Slf4JLogger->debug := execute query: SHOW CREATE TABLE `Edicion`
08:56:04 DEBUG [AWT-EventQueue-0]->org.mariadb.jdbc.util.log.Slf4JLogger->debug := execute query: SHOW CREATE TABLE `Usuario`
08:56:04 DEBUG [AWT-EventQueue-0]->org.mariadb.jdbc.util.log.Slf4JLogger->debug := execute query: SELECT TABLE_SCHEMA TABLE_CAT, NULL  TABLE_SCHEM,  TABLE_NAME, IF(TABLE_TYPE='BASE TABLE' or TABLE_TYPE='SYSTEM VERSIONED', 'TABLE', IF(TABLE_TYPE='TEMPORARY', 'LOCAL TEMPORARY', TABLE_TYPE)) as TABLE_TYPE, TABLE_COMMENT REMARKS, NULL TYPE_CAT, NULL TYPE_SCHEM, NULL TYPE_NAME, NULL SELF_REFERENCING_COL_NAME,  NULL REF_GENERATION FROM INFORMATION_SCHEMA.TABLES WHERE TABLE_SCHEMA='edext' AND TABLE_NAME='Edicion' AND  TABLE_TYPE IN ('BASE TABLE','SYSTEM VERSIONED','VIEW') ORDER BY TABLE_TYPE, TABLE_SCHEMA, TABLE_NAME
08:56:04 DEBUG [AWT-EventQueue-0]->org.mariadb.jdbc.util.log.Slf4JLogger->debug := execute query: select * from `edext`.`Edicion` where 1=0
08:56:04 DEBUG [AWT-EventQueue-0]->org.mariadb.jdbc.util.log.Slf4JLogger->debug := execute query: SELECT TABLE_SCHEMA TABLE_CAT, NULL  TABLE_SCHEM,  TABLE_NAME, IF(TABLE_TYPE='BASE TABLE' or TABLE_TYPE='SYSTEM VERSIONED', 'TABLE', IF(TABLE_TYPE='TEMPORARY', 'LOCAL TEMPORARY', TABLE_TYPE)) as TABLE_TYPE, TABLE_COMMENT REMARKS, NULL TYPE_CAT, NULL TYPE_SCHEM, NULL TYPE_NAME, NULL SELF_REFERENCING_COL_NAME,  NULL REF_GENERATION FROM INFORMATION_SCHEMA.TABLES WHERE TABLE_SCHEMA='edext' AND TABLE_NAME='Usuario' AND  TABLE_TYPE IN ('BASE TABLE','SYSTEM VERSIONED','VIEW') ORDER BY TABLE_TYPE, TABLE_SCHEMA, TABLE_NAME
08:56:04 DEBUG [AWT-EventQueue-0]->org.mariadb.jdbc.util.log.Slf4JLogger->debug := execute query: select * from `edext`.`Usuario` where 1=0
08:56:04 DEBUG [AWT-EventQueue-0]->org.mariadb.jdbc.util.log.Slf4JLogger->debug := execute query: SHOW CREATE TABLE `edext`.`Pertenece`
08:56:04 DEBUG [AWT-EventQueue-0]->org.mariadb.jdbc.util.log.Slf4JLogger->debug := execute query: SHOW CREATE TABLE `Usuario`
08:56:04 DEBUG [AWT-EventQueue-0]->org.mariadb.jdbc.util.log.Slf4JLogger->debug := execute query: SHOW CREATE TABLE `Instituto`
08:56:04 DEBUG [AWT-EventQueue-0]->org.mariadb.jdbc.util.log.Slf4JLogger->debug := execute query: SELECT TABLE_SCHEMA TABLE_CAT, NULL  TABLE_SCHEM,  TABLE_NAME, IF(TABLE_TYPE='BASE TABLE' or TABLE_TYPE='SYSTEM VERSIONED', 'TABLE', IF(TABLE_TYPE='TEMPORARY', 'LOCAL TEMPORARY', TABLE_TYPE)) as TABLE_TYPE, TABLE_COMMENT REMARKS, NULL TYPE_CAT, NULL TYPE_SCHEM, NULL TYPE_NAME, NULL SELF_REFERENCING_COL_NAME,  NULL REF_GENERATION FROM INFORMATION_SCHEMA.TABLES WHERE TABLE_SCHEMA='edext' AND TABLE_NAME='Instituto' AND  TABLE_TYPE IN ('BASE TABLE','SYSTEM VERSIONED','VIEW') ORDER BY TABLE_TYPE, TABLE_SCHEMA, TABLE_NAME
08:56:04 DEBUG [AWT-EventQueue-0]->org.mariadb.jdbc.util.log.Slf4JLogger->debug := execute query: select * from `edext`.`Instituto` where 1=0
08:56:04 DEBUG [AWT-EventQueue-0]->org.mariadb.jdbc.util.log.Slf4JLogger->debug := execute query: SELECT TABLE_SCHEMA TABLE_CAT, NULL  TABLE_SCHEM,  TABLE_NAME, IF(TABLE_TYPE='BASE TABLE' or TABLE_TYPE='SYSTEM VERSIONED', 'TABLE', IF(TABLE_TYPE='TEMPORARY', 'LOCAL TEMPORARY', TABLE_TYPE)) as TABLE_TYPE, TABLE_COMMENT REMARKS, NULL TYPE_CAT, NULL TYPE_SCHEM, NULL TYPE_NAME, NULL SELF_REFERENCING_COL_NAME,  NULL REF_GENERATION FROM INFORMATION_SCHEMA.TABLES WHERE TABLE_SCHEMA='edext' AND TABLE_NAME='Usuario' AND  TABLE_TYPE IN ('BASE TABLE','SYSTEM VERSIONED','VIEW') ORDER BY TABLE_TYPE, TABLE_SCHEMA, TABLE_NAME
08:56:04 DEBUG [AWT-EventQueue-0]->org.mariadb.jdbc.util.log.Slf4JLogger->debug := execute query: select * from `edext`.`Usuario` where 1=0
08:56:04 DEBUG [AWT-EventQueue-0]->org.mariadb.jdbc.util.log.Slf4JLogger->debug := execute query: SHOW CREATE TABLE `edext`.`Previas`
08:56:04 DEBUG [AWT-EventQueue-0]->org.mariadb.jdbc.util.log.Slf4JLogger->debug := execute query: SHOW CREATE TABLE `Curso`
08:56:04 DEBUG [AWT-EventQueue-0]->org.mariadb.jdbc.util.log.Slf4JLogger->debug := execute query: SHOW CREATE TABLE `Curso`
08:56:04 DEBUG [AWT-EventQueue-0]->org.mariadb.jdbc.util.log.Slf4JLogger->debug := execute query: SELECT TABLE_SCHEMA TABLE_CAT, NULL  TABLE_SCHEM,  TABLE_NAME, IF(TABLE_TYPE='BASE TABLE' or TABLE_TYPE='SYSTEM VERSIONED', 'TABLE', IF(TABLE_TYPE='TEMPORARY', 'LOCAL TEMPORARY', TABLE_TYPE)) as TABLE_TYPE, TABLE_COMMENT REMARKS, NULL TYPE_CAT, NULL TYPE_SCHEM, NULL TYPE_NAME, NULL SELF_REFERENCING_COL_NAME,  NULL REF_GENERATION FROM INFORMATION_SCHEMA.TABLES WHERE TABLE_SCHEMA='edext' AND TABLE_NAME='Curso' AND  TABLE_TYPE IN ('BASE TABLE','SYSTEM VERSIONED','VIEW') ORDER BY TABLE_TYPE, TABLE_SCHEMA, TABLE_NAME
08:56:04 DEBUG [AWT-EventQueue-0]->org.mariadb.jdbc.util.log.Slf4JLogger->debug := execute query: select * from `edext`.`Curso` where 1=0
08:56:04 DEBUG [AWT-EventQueue-0]->org.mariadb.jdbc.util.log.Slf4JLogger->debug := execute query: SELECT TABLE_SCHEMA TABLE_CAT, NULL  TABLE_SCHEM,  TABLE_NAME, IF(TABLE_TYPE='BASE TABLE' or TABLE_TYPE='SYSTEM VERSIONED', 'TABLE', IF(TABLE_TYPE='TEMPORARY', 'LOCAL TEMPORARY', TABLE_TYPE)) as TABLE_TYPE, TABLE_COMMENT REMARKS, NULL TYPE_CAT, NULL TYPE_SCHEM, NULL TYPE_NAME, NULL SELF_REFERENCING_COL_NAME,  NULL REF_GENERATION FROM INFORMATION_SCHEMA.TABLES WHERE TABLE_SCHEMA='edext' AND TABLE_NAME='Curso' AND  TABLE_TYPE IN ('BASE TABLE','SYSTEM VERSIONED','VIEW') ORDER BY TABLE_TYPE, TABLE_SCHEMA, TABLE_NAME
08:56:04 DEBUG [AWT-EventQueue-0]->org.mariadb.jdbc.util.log.Slf4JLogger->debug := execute query: select * from `edext`.`Curso` where 1=0
08:56:04 DEBUG [AWT-EventQueue-0]->org.mariadb.jdbc.util.log.Slf4JLogger->debug := execute query: set autocommit=0
08:56:04 DEBUG [AWT-EventQueue-0]->org.mariadb.jdbc.util.log.Slf4JLogger->debug := System variable change:  autocommit = OFF
08:56:04 DEBUG [AWT-EventQueue-0]->org.mariadb.jdbc.util.log.Slf4JLogger->debug := execute query: set autocommit=1
08:56:04 DEBUG [AWT-EventQueue-0]->org.mariadb.jdbc.util.log.Slf4JLogger->debug := System variable change:  autocommit = ON
08:56:05 DEBUG [AWT-EventQueue-0]->org.mariadb.jdbc.util.log.Slf4JLogger->debug := execute query: set autocommit=0
08:56:05 DEBUG [AWT-EventQueue-0]->org.mariadb.jdbc.util.log.Slf4JLogger->debug := System variable change:  autocommit = OFF
08:56:05 DEBUG [AWT-EventQueue-0]->org.mariadb.jdbc.util.log.Slf4JLogger->debug := execute query: select i1_0.nombre from Instituto i1_0
08:56:05 DEBUG [AWT-EventQueue-0]->org.mariadb.jdbc.util.log.Slf4JLogger->debug := execute query: set autocommit=1
08:56:05 DEBUG [AWT-EventQueue-0]->org.mariadb.jdbc.util.log.Slf4JLogger->debug := System variable change:  autocommit = ON
09:22:32 DEBUG [AWT-EventQueue-0]->org.mariadb.jdbc.util.log.Slf4JLogger->debug := execute query: CREATE DATABASE IF NOT EXISTS `edext`
09:22:32 DEBUG [AWT-EventQueue-0]->org.mariadb.jdbc.util.log.Slf4JLogger->debug := execute query: USE `edext`
09:22:32 DEBUG [AWT-EventQueue-0]->org.mariadb.jdbc.util.log.Slf4JLogger->debug := execute query: SET NAMES utf8mb4
09:22:32 DEBUG [AWT-EventQueue-0]->org.mariadb.jdbc.util.log.Slf4JLogger->debug := Database change: is 'edext'
09:22:32 DEBUG [AWT-EventQueue-0]->org.mariadb.jdbc.util.log.Slf4JLogger->debug := System variable change:  character_set_connection = utf8mb4
09:22:32 DEBUG [AWT-EventQueue-0]->org.mariadb.jdbc.util.log.Slf4JLogger->debug := System variable change:  character_set_client = utf8mb4
09:22:32 DEBUG [AWT-EventQueue-0]->org.mariadb.jdbc.util.log.Slf4JLogger->debug := System variable change:  character_set_results = utf8mb4
09:22:32 DEBUG [AWT-EventQueue-0]->org.mariadb.jdbc.util.log.Slf4JLogger->debug := execute query: set autocommit=0
09:22:32 DEBUG [AWT-EventQueue-0]->org.mariadb.jdbc.util.log.Slf4JLogger->debug := System variable change:  autocommit = OFF
09:22:33 DEBUG [AWT-EventQueue-0]->org.mariadb.jdbc.util.log.Slf4JLogger->debug := execute query: SELECT @@character_set_database, @@sql_mode
09:22:33 DEBUG [AWT-EventQueue-0]->org.mariadb.jdbc.util.log.Slf4JLogger->debug := execute query: select @@lower_case_table_names
09:22:33 DEBUG [AWT-EventQueue-0]->org.mariadb.jdbc.util.log.Slf4JLogger->debug := execute query: set autocommit=1
09:22:33 DEBUG [AWT-EventQueue-0]->org.mariadb.jdbc.util.log.Slf4JLogger->debug := System variable change:  autocommit = ON
09:22:35 DEBUG [AWT-EventQueue-0]->org.mariadb.jdbc.util.log.Slf4JLogger->debug := execute query: set autocommit=0
09:22:35 DEBUG [AWT-EventQueue-0]->org.mariadb.jdbc.util.log.Slf4JLogger->debug := System variable change:  autocommit = OFF
09:22:35 DEBUG [AWT-EventQueue-0]->org.mariadb.jdbc.util.log.Slf4JLogger->debug := execute query: set autocommit=1
09:22:35 DEBUG [AWT-EventQueue-0]->org.mariadb.jdbc.util.log.Slf4JLogger->debug := System variable change:  autocommit = ON
09:22:35 DEBUG [AWT-EventQueue-0]->org.mariadb.jdbc.util.log.Slf4JLogger->debug := execute query: select table_name from information_schema.TABLES where table_schema=database() and table_type='SEQUENCE'
09:22:35 DEBUG [AWT-EventQueue-0]->org.mariadb.jdbc.util.log.Slf4JLogger->debug := execute query: SELECT TABLE_SCHEMA TABLE_CAT, NULL  TABLE_SCHEM,  TABLE_NAME, IF(TABLE_TYPE='BASE TABLE' or TABLE_TYPE='SYSTEM VERSIONED', 'TABLE', IF(TABLE_TYPE='TEMPORARY', 'LOCAL TEMPORARY', TABLE_TYPE)) as TABLE_TYPE, TABLE_COMMENT REMARKS, NULL TYPE_CAT, NULL TYPE_SCHEM, NULL TYPE_NAME, NULL SELF_REFERENCING_COL_NAME,  NULL REF_GENERATION FROM INFORMATION_SCHEMA.TABLES WHERE TABLE_SCHEMA='edext' AND  TABLE_TYPE IN ('BASE TABLE','SYSTEM VERSIONED','VIEW') ORDER BY TABLE_TYPE, TABLE_SCHEMA, TABLE_NAME
09:22:35 DEBUG [AWT-EventQueue-0]->org.mariadb.jdbc.util.log.Slf4JLogger->debug := execute query: SELECT TABLE_SCHEMA TABLE_CAT, NULL TABLE_SCHEM, TABLE_NAME, COLUMN_NAME, CASE data_type WHEN 'bit' THEN -7 WHEN 'tinyblob' THEN -3 WHEN 'mediumblob' THEN -4 WHEN 'longblob' THEN -4 WHEN 'blob' THEN -4 WHEN 'tinytext' THEN 12 WHEN 'mediumtext' THEN -1 WHEN 'longtext' THEN -1 WHEN 'text' THEN -1 WHEN 'date' THEN 91 WHEN 'datetime' THEN 93 WHEN 'decimal' THEN 3 WHEN 'double' THEN 8 WHEN 'enum' THEN 12 WHEN 'float' THEN 7 WHEN 'int' THEN IF( COLUMN_TYPE like '%unsigned%', 4,4) WHEN 'bigint' THEN -5 WHEN 'mediumint' THEN 4 WHEN 'null' THEN 0 WHEN 'set' THEN 12 WHEN 'smallint' THEN IF( COLUMN_TYPE like '%unsigned%', 5,5) WHEN 'varchar' THEN 12 WHEN 'varbinary' THEN -3 WHEN 'char' THEN 1 WHEN 'binary' THEN -2 WHEN 'time' THEN 92 WHEN 'timestamp' THEN 93 WHEN 'tinyint' THEN IF(COLUMN_TYPE like 'tinyint(1)%',16,-6)  WHEN 'year' THEN 91 ELSE 1111 END  DATA_TYPE, IF(COLUMN_TYPE like 'tinyint(1)%', 'BOOLEAN',  UCASE(IF( COLUMN_TYPE LIKE '%(%)%', CONCAT(SUBSTRING( COLUMN_TYPE,1, LOCATE('(',COLUMN_TYPE) - 1 ), SUBSTRING(COLUMN_TYPE ,1+locate(')', COLUMN_TYPE))), COLUMN_TYPE))) TYPE_NAME, CASE DATA_TYPE WHEN 'date' THEN 10  WHEN 'time' THEN IF(DATETIME_PRECISION = 0, 10, CAST(11 + DATETIME_PRECISION as signed integer))  WHEN 'datetime' THEN IF(DATETIME_PRECISION = 0, 19, CAST(20 + DATETIME_PRECISION as signed integer))  WHEN 'timestamp' THEN IF(DATETIME_PRECISION = 0, 19, CAST(20 + DATETIME_PRECISION as signed integer))  ELSE   IF(NUMERIC_PRECISION IS NULL, LEAST(CHARACTER_MAXIMUM_LENGTH,2147483647), NUMERIC_PRECISION)  END COLUMN_SIZE, 65535 BUFFER_LENGTH,  CONVERT (CASE DATA_TYPE WHEN 'year' THEN NUMERIC_SCALE WHEN 'tinyint' THEN 0 ELSE NUMERIC_SCALE END, UNSIGNED INTEGER) DECIMAL_DIGITS, 10 NUM_PREC_RADIX, IF(IS_NULLABLE = 'yes',1,0) NULLABLE,COLUMN_COMMENT REMARKS, COLUMN_DEFAULT COLUMN_DEF, 0 SQL_DATA_TYPE, 0 SQL_DATETIME_SUB,   LEAST(CHARACTER_OCTET_LENGTH,2147483647) CHAR_OCTET_LENGTH, ORDINAL_POSITION, IS_NULLABLE, NULL SCOPE_CATALOG, NULL SCOPE_SCHEMA, NULL SCOPE_TABLE, NULL SOURCE_DATA_TYPE, IF(EXTRA = 'auto_increment','YES','NO') IS_AUTOINCREMENT,  IF(EXTRA in ('VIRTUAL', 'PERSISTENT', 'VIRTUAL GENERATED', 'STORED GENERATED') ,'YES','NO') IS_GENERATEDCOLUMN  FROM INFORMATION_SCHEMA.COLUMNS WHERE TABLE_SCHEMA='edext' ORDER BY TABLE_CAT, TABLE_SCHEM, TABLE_NAME, ORDINAL_POSITION
09:22:35 DEBUG [AWT-EventQueue-0]->org.mariadb.jdbc.util.log.Slf4JLogger->debug := execute query: SHOW CREATE TABLE `edext`.`Curso`
09:22:35 DEBUG [AWT-EventQueue-0]->org.mariadb.jdbc.util.log.Slf4JLogger->debug := execute query: SHOW CREATE TABLE `Instituto`
09:22:35 DEBUG [AWT-EventQueue-0]->org.mariadb.jdbc.util.log.Slf4JLogger->debug := execute query: SELECT TABLE_SCHEMA TABLE_CAT, NULL  TABLE_SCHEM,  TABLE_NAME, IF(TABLE_TYPE='BASE TABLE' or TABLE_TYPE='SYSTEM VERSIONED', 'TABLE', IF(TABLE_TYPE='TEMPORARY', 'LOCAL TEMPORARY', TABLE_TYPE)) as TABLE_TYPE, TABLE_COMMENT REMARKS, NULL TYPE_CAT, NULL TYPE_SCHEM, NULL TYPE_NAME, NULL SELF_REFERENCING_COL_NAME,  NULL REF_GENERATION FROM INFORMATION_SCHEMA.TABLES WHERE TABLE_SCHEMA='edext' AND TABLE_NAME='Instituto' AND  TABLE_TYPE IN ('BASE TABLE','SYSTEM VERSIONED','VIEW') ORDER BY TABLE_TYPE, TABLE_SCHEMA, TABLE_NAME
09:22:35 DEBUG [AWT-EventQueue-0]->org.mariadb.jdbc.util.log.Slf4JLogger->debug := execute query: select * from `edext`.`Instituto` where 1=0
09:22:35 DEBUG [AWT-EventQueue-0]->org.mariadb.jdbc.util.log.Slf4JLogger->debug := execute query: SHOW CREATE TABLE `edext`.`Edicion`
09:22:35 DEBUG [AWT-EventQueue-0]->org.mariadb.jdbc.util.log.Slf4JLogger->debug := execute query: SHOW CREATE TABLE `Curso`
09:22:35 DEBUG [AWT-EventQueue-0]->org.mariadb.jdbc.util.log.Slf4JLogger->debug := execute query: SELECT TABLE_SCHEMA TABLE_CAT, NULL  TABLE_SCHEM,  TABLE_NAME, IF(TABLE_TYPE='BASE TABLE' or TABLE_TYPE='SYSTEM VERSIONED', 'TABLE', IF(TABLE_TYPE='TEMPORARY', 'LOCAL TEMPORARY', TABLE_TYPE)) as TABLE_TYPE, TABLE_COMMENT REMARKS, NULL TYPE_CAT, NULL TYPE_SCHEM, NULL TYPE_NAME, NULL SELF_REFERENCING_COL_NAME,  NULL REF_GENERATION FROM INFORMATION_SCHEMA.TABLES WHERE TABLE_SCHEMA='edext' AND TABLE_NAME='Curso' AND  TABLE_TYPE IN ('BASE TABLE','SYSTEM VERSIONED','VIEW') ORDER BY TABLE_TYPE, TABLE_SCHEMA, TABLE_NAME
09:22:35 DEBUG [AWT-EventQueue-0]->org.mariadb.jdbc.util.log.Slf4JLogger->debug := execute query: select * from `edext`.`Curso` where 1=0
09:22:35 DEBUG [AWT-EventQueue-0]->org.mariadb.jdbc.util.log.Slf4JLogger->debug := execute query: SHOW CREATE TABLE `edext`.`InscripcionEdicion`
09:22:35 DEBUG [AWT-EventQueue-0]->org.mariadb.jdbc.util.log.Slf4JLogger->debug := execute query: SHOW CREATE TABLE `Edicion`
09:22:35 DEBUG [AWT-EventQueue-0]->org.mariadb.jdbc.util.log.Slf4JLogger->debug := execute query: SHOW CREATE TABLE `Usuario`
09:22:35 DEBUG [AWT-EventQueue-0]->org.mariadb.jdbc.util.log.Slf4JLogger->debug := execute query: SELECT TABLE_SCHEMA TABLE_CAT, NULL  TABLE_SCHEM,  TABLE_NAME, IF(TABLE_TYPE='BASE TABLE' or TABLE_TYPE='SYSTEM VERSIONED', 'TABLE', IF(TABLE_TYPE='TEMPORARY', 'LOCAL TEMPORARY', TABLE_TYPE)) as TABLE_TYPE, TABLE_COMMENT REMARKS, NULL TYPE_CAT, NULL TYPE_SCHEM, NULL TYPE_NAME, NULL SELF_REFERENCING_COL_NAME,  NULL REF_GENERATION FROM INFORMATION_SCHEMA.TABLES WHERE TABLE_SCHEMA='edext' AND TABLE_NAME='Edicion' AND  TABLE_TYPE IN ('BASE TABLE','SYSTEM VERSIONED','VIEW') ORDER BY TABLE_TYPE, TABLE_SCHEMA, TABLE_NAME
09:22:35 DEBUG [AWT-EventQueue-0]->org.mariadb.jdbc.util.log.Slf4JLogger->debug := execute query: select * from `edext`.`Edicion` where 1=0
09:22:35 DEBUG [AWT-EventQueue-0]->org.mariadb.jdbc.util.log.Slf4JLogger->debug := execute query: SELECT TABLE_SCHEMA TABLE_CAT, NULL  TABLE_SCHEM,  TABLE_NAME, IF(TABLE_TYPE='BASE TABLE' or TABLE_TYPE='SYSTEM VERSIONED', 'TABLE', IF(TABLE_TYPE='TEMPORARY', 'LOCAL TEMPORARY', TABLE_TYPE)) as TABLE_TYPE, TABLE_COMMENT REMARKS, NULL TYPE_CAT, NULL TYPE_SCHEM, NULL TYPE_NAME, NULL SELF_REFERENCING_COL_NAME,  NULL REF_GENERATION FROM INFORMATION_SCHEMA.TABLES WHERE TABLE_SCHEMA='edext' AND TABLE_NAME='Usuario' AND  TABLE_TYPE IN ('BASE TABLE','SYSTEM VERSIONED','VIEW') ORDER BY TABLE_TYPE, TABLE_SCHEMA, TABLE_NAME
09:22:35 DEBUG [AWT-EventQueue-0]->org.mariadb.jdbc.util.log.Slf4JLogger->debug := execute query: select * from `edext`.`Usuario` where 1=0
09:22:35 DEBUG [AWT-EventQueue-0]->org.mariadb.jdbc.util.log.Slf4JLogger->debug := execute query: SHOW CREATE TABLE `edext`.`InscripcionPrograma`
09:22:35 DEBUG [AWT-EventQueue-0]->org.mariadb.jdbc.util.log.Slf4JLogger->debug := execute query: SHOW CREATE TABLE `Usuario`
09:22:35 DEBUG [AWT-EventQueue-0]->org.mariadb.jdbc.util.log.Slf4JLogger->debug := execute query: SHOW CREATE TABLE `ProgramaFormacion`
09:22:35 DEBUG [AWT-EventQueue-0]->org.mariadb.jdbc.util.log.Slf4JLogger->debug := execute query: SELECT TABLE_SCHEMA TABLE_CAT, NULL  TABLE_SCHEM,  TABLE_NAME, IF(TABLE_TYPE='BASE TABLE' or TABLE_TYPE='SYSTEM VERSIONED', 'TABLE', IF(TABLE_TYPE='TEMPORARY', 'LOCAL TEMPORARY', TABLE_TYPE)) as TABLE_TYPE, TABLE_COMMENT REMARKS, NULL TYPE_CAT, NULL TYPE_SCHEM, NULL TYPE_NAME, NULL SELF_REFERENCING_COL_NAME,  NULL REF_GENERATION FROM INFORMATION_SCHEMA.TABLES WHERE TABLE_SCHEMA='edext' AND TABLE_NAME='ProgramaFormacion' AND  TABLE_TYPE IN ('BASE TABLE','SYSTEM VERSIONED','VIEW') ORDER BY TABLE_TYPE, TABLE_SCHEMA, TABLE_NAME
09:22:35 DEBUG [AWT-EventQueue-0]->org.mariadb.jdbc.util.log.Slf4JLogger->debug := execute query: select * from `edext`.`ProgramaFormacion` where 1=0
09:22:35 DEBUG [AWT-EventQueue-0]->org.mariadb.jdbc.util.log.Slf4JLogger->debug := execute query: SELECT TABLE_SCHEMA TABLE_CAT, NULL  TABLE_SCHEM,  TABLE_NAME, IF(TABLE_TYPE='BASE TABLE' or TABLE_TYPE='SYSTEM VERSIONED', 'TABLE', IF(TABLE_TYPE='TEMPORARY', 'LOCAL TEMPORARY', TABLE_TYPE)) as TABLE_TYPE, TABLE_COMMENT REMARKS, NULL TYPE_CAT, NULL TYPE_SCHEM, NULL TYPE_NAME, NULL SELF_REFERENCING_COL_NAME,  NULL REF_GENERATION FROM INFORMATION_SCHEMA.TABLES WHERE TABLE_SCHEMA='edext' AND TABLE_NAME='Usuario' AND  TABLE_TYPE IN ('BASE TABLE','SYSTEM VERSIONED','VIEW') ORDER BY TABLE_TYPE, TABLE_SCHEMA, TABLE_NAME
09:22:35 DEBUG [AWT-EventQueue-0]->org.mariadb.jdbc.util.log.Slf4JLogger->debug := execute query: select * from `edext`.`Usuario` where 1=0
09:22:35 DEBUG [AWT-EventQueue-0]->org.mariadb.jdbc.util.log.Slf4JLogger->debug := execute query: SHOW CREATE TABLE `edext`.`Integra`
09:22:35 DEBUG [AWT-EventQueue-0]->org.mariadb.jdbc.util.log.Slf4JLogger->debug := execute query: SHOW CREATE TABLE `ProgramaFormacion`
09:22:35 DEBUG [AWT-EventQueue-0]->org.mariadb.jdbc.util.log.Slf4JLogger->debug := execute query: SHOW CREATE TABLE `Curso`
09:22:35 DEBUG [AWT-EventQueue-0]->org.mariadb.jdbc.util.log.Slf4JLogger->debug := execute query: SELECT TABLE_SCHEMA TABLE_CAT, NULL  TABLE_SCHEM,  TABLE_NAME, IF(TABLE_TYPE='BASE TABLE' or TABLE_TYPE='SYSTEM VERSIONED', 'TABLE', IF(TABLE_TYPE='TEMPORARY', 'LOCAL TEMPORARY', TABLE_TYPE)) as TABLE_TYPE, TABLE_COMMENT REMARKS, NULL TYPE_CAT, NULL TYPE_SCHEM, NULL TYPE_NAME, NULL SELF_REFERENCING_COL_NAME,  NULL REF_GENERATION FROM INFORMATION_SCHEMA.TABLES WHERE TABLE_SCHEMA='edext' AND TABLE_NAME='Curso' AND  TABLE_TYPE IN ('BASE TABLE','SYSTEM VERSIONED','VIEW') ORDER BY TABLE_TYPE, TABLE_SCHEMA, TABLE_NAME
09:22:35 DEBUG [AWT-EventQueue-0]->org.mariadb.jdbc.util.log.Slf4JLogger->debug := execute query: select * from `edext`.`Curso` where 1=0
09:22:35 DEBUG [AWT-EventQueue-0]->org.mariadb.jdbc.util.log.Slf4JLogger->debug := execute query: SELECT TABLE_SCHEMA TABLE_CAT, NULL  TABLE_SCHEM,  TABLE_NAME, IF(TABLE_TYPE='BASE TABLE' or TABLE_TYPE='SYSTEM VERSIONED', 'TABLE', IF(TABLE_TYPE='TEMPORARY', 'LOCAL TEMPORARY', TABLE_TYPE)) as TABLE_TYPE, TABLE_COMMENT REMARKS, NULL TYPE_CAT, NULL TYPE_SCHEM, NULL TYPE_NAME, NULL SELF_REFERENCING_COL_NAME,  NULL REF_GENERATION FROM INFORMATION_SCHEMA.TABLES WHERE TABLE_SCHEMA='edext' AND TABLE_NAME='ProgramaFormacion' AND  TABLE_TYPE IN ('BASE TABLE','SYSTEM VERSIONED','VIEW') ORDER BY TABLE_TYPE, TABLE_SCHEMA, TABLE_NAME
09:22:35 DEBUG [AWT-EventQueue-0]->org.mariadb.jdbc.util.log.Slf4JLogger->debug := execute query: select * from `edext`.`ProgramaFormacion` where 1=0
09:22:35 DEBUG [AWT-EventQueue-0]->org.mariadb.jdbc.util.log.Slf4JLogger->debug := execute query: SHOW CREATE TABLE `edext`.`Organiza`
09:22:35 DEBUG [AWT-EventQueue-0]->org.mariadb.jdbc.util.log.Slf4JLogger->debug := execute query: SHOW CREATE TABLE `Edicion`
09:22:35 DEBUG [AWT-EventQueue-0]->org.mariadb.jdbc.util.log.Slf4JLogger->debug := execute query: SHOW CREATE TABLE `Usuario`
09:22:35 DEBUG [AWT-EventQueue-0]->org.mariadb.jdbc.util.log.Slf4JLogger->debug := execute query: SELECT TABLE_SCHEMA TABLE_CAT, NULL  TABLE_SCHEM,  TABLE_NAME, IF(TABLE_TYPE='BASE TABLE' or TABLE_TYPE='SYSTEM VERSIONED', 'TABLE', IF(TABLE_TYPE='TEMPORARY', 'LOCAL TEMPORARY', TABLE_TYPE)) as TABLE_TYPE, TABLE_COMMENT REMARKS, NULL TYPE_CAT, NULL TYPE_SCHEM, NULL TYPE_NAME, NULL SELF_REFERENCING_COL_NAME,  NULL REF_GENERATION FROM INFORMATION_SCHEMA.TABLES WHERE TABLE_SCHEMA='edext' AND TABLE_NAME='Edicion' AND  TABLE_TYPE IN ('BASE TABLE','SYSTEM VERSIONED','VIEW') ORDER BY TABLE_TYPE, TABLE_SCHEMA, TABLE_NAME
09:22:35 DEBUG [AWT-EventQueue-0]->org.mariadb.jdbc.util.log.Slf4JLogger->debug := execute query: select * from `edext`.`Edicion` where 1=0
09:22:35 DEBUG [AWT-EventQueue-0]->org.mariadb.jdbc.util.log.Slf4JLogger->debug := execute query: SELECT TABLE_SCHEMA TABLE_CAT, NULL  TABLE_SCHEM,  TABLE_NAME, IF(TABLE_TYPE='BASE TABLE' or TABLE_TYPE='SYSTEM VERSIONED', 'TABLE', IF(TABLE_TYPE='TEMPORARY', 'LOCAL TEMPORARY', TABLE_TYPE)) as TABLE_TYPE, TABLE_COMMENT REMARKS, NULL TYPE_CAT, NULL TYPE_SCHEM, NULL TYPE_NAME, NULL SELF_REFERENCING_COL_NAME,  NULL REF_GENERATION FROM INFORMATION_SCHEMA.TABLES WHERE TABLE_SCHEMA='edext' AND TABLE_NAME='Usuario' AND  TABLE_TYPE IN ('BASE TABLE','SYSTEM VERSIONED','VIEW') ORDER BY TABLE_TYPE, TABLE_SCHEMA, TABLE_NAME
09:22:35 DEBUG [AWT-EventQueue-0]->org.mariadb.jdbc.util.log.Slf4JLogger->debug := execute query: select * from `edext`.`Usuario` where 1=0
09:22:35 DEBUG [AWT-EventQueue-0]->org.mariadb.jdbc.util.log.Slf4JLogger->debug := execute query: SHOW CREATE TABLE `edext`.`Pertenece`
09:22:35 DEBUG [AWT-EventQueue-0]->org.mariadb.jdbc.util.log.Slf4JLogger->debug := execute query: SHOW CREATE TABLE `Usuario`
09:22:35 DEBUG [AWT-EventQueue-0]->org.mariadb.jdbc.util.log.Slf4JLogger->debug := execute query: SHOW CREATE TABLE `Instituto`
09:22:35 DEBUG [AWT-EventQueue-0]->org.mariadb.jdbc.util.log.Slf4JLogger->debug := execute query: SELECT TABLE_SCHEMA TABLE_CAT, NULL  TABLE_SCHEM,  TABLE_NAME, IF(TABLE_TYPE='BASE TABLE' or TABLE_TYPE='SYSTEM VERSIONED', 'TABLE', IF(TABLE_TYPE='TEMPORARY', 'LOCAL TEMPORARY', TABLE_TYPE)) as TABLE_TYPE, TABLE_COMMENT REMARKS, NULL TYPE_CAT, NULL TYPE_SCHEM, NULL TYPE_NAME, NULL SELF_REFERENCING_COL_NAME,  NULL REF_GENERATION FROM INFORMATION_SCHEMA.TABLES WHERE TABLE_SCHEMA='edext' AND TABLE_NAME='Instituto' AND  TABLE_TYPE IN ('BASE TABLE','SYSTEM VERSIONED','VIEW') ORDER BY TABLE_TYPE, TABLE_SCHEMA, TABLE_NAME
09:22:35 DEBUG [AWT-EventQueue-0]->org.mariadb.jdbc.util.log.Slf4JLogger->debug := execute query: select * from `edext`.`Instituto` where 1=0
09:22:35 DEBUG [AWT-EventQueue-0]->org.mariadb.jdbc.util.log.Slf4JLogger->debug := execute query: SELECT TABLE_SCHEMA TABLE_CAT, NULL  TABLE_SCHEM,  TABLE_NAME, IF(TABLE_TYPE='BASE TABLE' or TABLE_TYPE='SYSTEM VERSIONED', 'TABLE', IF(TABLE_TYPE='TEMPORARY', 'LOCAL TEMPORARY', TABLE_TYPE)) as TABLE_TYPE, TABLE_COMMENT REMARKS, NULL TYPE_CAT, NULL TYPE_SCHEM, NULL TYPE_NAME, NULL SELF_REFERENCING_COL_NAME,  NULL REF_GENERATION FROM INFORMATION_SCHEMA.TABLES WHERE TABLE_SCHEMA='edext' AND TABLE_NAME='Usuario' AND  TABLE_TYPE IN ('BASE TABLE','SYSTEM VERSIONED','VIEW') ORDER BY TABLE_TYPE, TABLE_SCHEMA, TABLE_NAME
09:22:35 DEBUG [AWT-EventQueue-0]->org.mariadb.jdbc.util.log.Slf4JLogger->debug := execute query: select * from `edext`.`Usuario` where 1=0
09:22:35 DEBUG [AWT-EventQueue-0]->org.mariadb.jdbc.util.log.Slf4JLogger->debug := execute query: SHOW CREATE TABLE `edext`.`Previas`
09:22:35 DEBUG [AWT-EventQueue-0]->org.mariadb.jdbc.util.log.Slf4JLogger->debug := execute query: SHOW CREATE TABLE `Curso`
09:22:35 DEBUG [AWT-EventQueue-0]->org.mariadb.jdbc.util.log.Slf4JLogger->debug := execute query: SHOW CREATE TABLE `Curso`
09:22:35 DEBUG [AWT-EventQueue-0]->org.mariadb.jdbc.util.log.Slf4JLogger->debug := execute query: SELECT TABLE_SCHEMA TABLE_CAT, NULL  TABLE_SCHEM,  TABLE_NAME, IF(TABLE_TYPE='BASE TABLE' or TABLE_TYPE='SYSTEM VERSIONED', 'TABLE', IF(TABLE_TYPE='TEMPORARY', 'LOCAL TEMPORARY', TABLE_TYPE)) as TABLE_TYPE, TABLE_COMMENT REMARKS, NULL TYPE_CAT, NULL TYPE_SCHEM, NULL TYPE_NAME, NULL SELF_REFERENCING_COL_NAME,  NULL REF_GENERATION FROM INFORMATION_SCHEMA.TABLES WHERE TABLE_SCHEMA='edext' AND TABLE_NAME='Curso' AND  TABLE_TYPE IN ('BASE TABLE','SYSTEM VERSIONED','VIEW') ORDER BY TABLE_TYPE, TABLE_SCHEMA, TABLE_NAME
09:22:35 DEBUG [AWT-EventQueue-0]->org.mariadb.jdbc.util.log.Slf4JLogger->debug := execute query: select * from `edext`.`Curso` where 1=0
09:22:35 DEBUG [AWT-EventQueue-0]->org.mariadb.jdbc.util.log.Slf4JLogger->debug := execute query: SELECT TABLE_SCHEMA TABLE_CAT, NULL  TABLE_SCHEM,  TABLE_NAME, IF(TABLE_TYPE='BASE TABLE' or TABLE_TYPE='SYSTEM VERSIONED', 'TABLE', IF(TABLE_TYPE='TEMPORARY', 'LOCAL TEMPORARY', TABLE_TYPE)) as TABLE_TYPE, TABLE_COMMENT REMARKS, NULL TYPE_CAT, NULL TYPE_SCHEM, NULL TYPE_NAME, NULL SELF_REFERENCING_COL_NAME,  NULL REF_GENERATION FROM INFORMATION_SCHEMA.TABLES WHERE TABLE_SCHEMA='edext' AND TABLE_NAME='Curso' AND  TABLE_TYPE IN ('BASE TABLE','SYSTEM VERSIONED','VIEW') ORDER BY TABLE_TYPE, TABLE_SCHEMA, TABLE_NAME
09:22:35 DEBUG [AWT-EventQueue-0]->org.mariadb.jdbc.util.log.Slf4JLogger->debug := execute query: select * from `edext`.`Curso` where 1=0
09:22:35 DEBUG [AWT-EventQueue-0]->org.mariadb.jdbc.util.log.Slf4JLogger->debug := execute query: set autocommit=0
09:22:35 DEBUG [AWT-EventQueue-0]->org.mariadb.jdbc.util.log.Slf4JLogger->debug := System variable change:  autocommit = OFF
09:22:35 DEBUG [AWT-EventQueue-0]->org.mariadb.jdbc.util.log.Slf4JLogger->debug := execute query: set autocommit=1
09:22:35 DEBUG [AWT-EventQueue-0]->org.mariadb.jdbc.util.log.Slf4JLogger->debug := System variable change:  autocommit = ON
09:22:35 DEBUG [AWT-EventQueue-0]->org.mariadb.jdbc.util.log.Slf4JLogger->debug := execute query: set autocommit=0
09:22:35 DEBUG [AWT-EventQueue-0]->org.mariadb.jdbc.util.log.Slf4JLogger->debug := System variable change:  autocommit = OFF
09:22:35 DEBUG [AWT-EventQueue-0]->org.mariadb.jdbc.util.log.Slf4JLogger->debug := execute query: select i1_0.nombre from Instituto i1_0
09:22:36 DEBUG [AWT-EventQueue-0]->org.mariadb.jdbc.util.log.Slf4JLogger->debug := execute query: set autocommit=1
09:22:36 DEBUG [AWT-EventQueue-0]->org.mariadb.jdbc.util.log.Slf4JLogger->debug := System variable change:  autocommit = ON
09:22:47 DEBUG [AWT-EventQueue-0]->org.mariadb.jdbc.util.log.Slf4JLogger->debug := execute query: set autocommit=0
09:22:47 DEBUG [AWT-EventQueue-0]->org.mariadb.jdbc.util.log.Slf4JLogger->debug := System variable change:  autocommit = OFF
09:22:47 DEBUG [AWT-EventQueue-0]->org.mariadb.jdbc.util.log.Slf4JLogger->debug := execute query: select i1_0.nombre from Instituto i1_0
09:22:47 DEBUG [AWT-EventQueue-0]->org.mariadb.jdbc.util.log.Slf4JLogger->debug := execute query: set autocommit=1
09:22:47 DEBUG [AWT-EventQueue-0]->org.mariadb.jdbc.util.log.Slf4JLogger->debug := System variable change:  autocommit = ON
09:24:38 DEBUG [AWT-EventQueue-0]->org.mariadb.jdbc.util.log.Slf4JLogger->debug := execute query: set autocommit=0
09:24:38 DEBUG [AWT-EventQueue-0]->org.mariadb.jdbc.util.log.Slf4JLogger->debug := System variable change:  autocommit = OFF
09:24:38 DEBUG [AWT-EventQueue-0]->org.mariadb.jdbc.util.log.Slf4JLogger->debug := execute query: select i1_0.nombre from Instituto i1_0
09:24:38 DEBUG [AWT-EventQueue-0]->org.mariadb.jdbc.util.log.Slf4JLogger->debug := execute query: set autocommit=1
09:24:38 DEBUG [AWT-EventQueue-0]->org.mariadb.jdbc.util.log.Slf4JLogger->debug := System variable change:  autocommit = ON
09:26:09 DEBUG [AWT-EventQueue-0]->org.mariadb.jdbc.util.log.Slf4JLogger->debug := execute query: CREATE DATABASE IF NOT EXISTS `edext`
09:26:09 DEBUG [AWT-EventQueue-0]->org.mariadb.jdbc.util.log.Slf4JLogger->debug := execute query: USE `edext`
09:26:09 DEBUG [AWT-EventQueue-0]->org.mariadb.jdbc.util.log.Slf4JLogger->debug := execute query: SET NAMES utf8mb4
09:26:09 DEBUG [AWT-EventQueue-0]->org.mariadb.jdbc.util.log.Slf4JLogger->debug := Database change: is 'edext'
09:26:09 DEBUG [AWT-EventQueue-0]->org.mariadb.jdbc.util.log.Slf4JLogger->debug := System variable change:  character_set_connection = utf8mb4
09:26:09 DEBUG [AWT-EventQueue-0]->org.mariadb.jdbc.util.log.Slf4JLogger->debug := System variable change:  character_set_client = utf8mb4
09:26:09 DEBUG [AWT-EventQueue-0]->org.mariadb.jdbc.util.log.Slf4JLogger->debug := System variable change:  character_set_results = utf8mb4
09:26:09 DEBUG [AWT-EventQueue-0]->org.mariadb.jdbc.util.log.Slf4JLogger->debug := execute query: set autocommit=0
09:26:09 DEBUG [AWT-EventQueue-0]->org.mariadb.jdbc.util.log.Slf4JLogger->debug := System variable change:  autocommit = OFF
09:26:09 DEBUG [AWT-EventQueue-0]->org.mariadb.jdbc.util.log.Slf4JLogger->debug := execute query: SELECT @@character_set_database, @@sql_mode
09:26:09 DEBUG [AWT-EventQueue-0]->org.mariadb.jdbc.util.log.Slf4JLogger->debug := execute query: select @@lower_case_table_names
09:26:09 DEBUG [AWT-EventQueue-0]->org.mariadb.jdbc.util.log.Slf4JLogger->debug := execute query: set autocommit=1
09:26:09 DEBUG [AWT-EventQueue-0]->org.mariadb.jdbc.util.log.Slf4JLogger->debug := System variable change:  autocommit = ON
09:26:11 DEBUG [AWT-EventQueue-0]->org.mariadb.jdbc.util.log.Slf4JLogger->debug := execute query: set autocommit=0
09:26:11 DEBUG [AWT-EventQueue-0]->org.mariadb.jdbc.util.log.Slf4JLogger->debug := System variable change:  autocommit = OFF
09:26:11 DEBUG [AWT-EventQueue-0]->org.mariadb.jdbc.util.log.Slf4JLogger->debug := execute query: set autocommit=1
09:26:11 DEBUG [AWT-EventQueue-0]->org.mariadb.jdbc.util.log.Slf4JLogger->debug := System variable change:  autocommit = ON
09:26:11 DEBUG [AWT-EventQueue-0]->org.mariadb.jdbc.util.log.Slf4JLogger->debug := execute query: select table_name from information_schema.TABLES where table_schema=database() and table_type='SEQUENCE'
09:26:11 DEBUG [AWT-EventQueue-0]->org.mariadb.jdbc.util.log.Slf4JLogger->debug := execute query: SELECT TABLE_SCHEMA TABLE_CAT, NULL  TABLE_SCHEM,  TABLE_NAME, IF(TABLE_TYPE='BASE TABLE' or TABLE_TYPE='SYSTEM VERSIONED', 'TABLE', IF(TABLE_TYPE='TEMPORARY', 'LOCAL TEMPORARY', TABLE_TYPE)) as TABLE_TYPE, TABLE_COMMENT REMARKS, NULL TYPE_CAT, NULL TYPE_SCHEM, NULL TYPE_NAME, NULL SELF_REFERENCING_COL_NAME,  NULL REF_GENERATION FROM INFORMATION_SCHEMA.TABLES WHERE TABLE_SCHEMA='edext' AND  TABLE_TYPE IN ('BASE TABLE','SYSTEM VERSIONED','VIEW') ORDER BY TABLE_TYPE, TABLE_SCHEMA, TABLE_NAME
09:26:11 DEBUG [AWT-EventQueue-0]->org.mariadb.jdbc.util.log.Slf4JLogger->debug := execute query: SELECT TABLE_SCHEMA TABLE_CAT, NULL TABLE_SCHEM, TABLE_NAME, COLUMN_NAME, CASE data_type WHEN 'bit' THEN -7 WHEN 'tinyblob' THEN -3 WHEN 'mediumblob' THEN -4 WHEN 'longblob' THEN -4 WHEN 'blob' THEN -4 WHEN 'tinytext' THEN 12 WHEN 'mediumtext' THEN -1 WHEN 'longtext' THEN -1 WHEN 'text' THEN -1 WHEN 'date' THEN 91 WHEN 'datetime' THEN 93 WHEN 'decimal' THEN 3 WHEN 'double' THEN 8 WHEN 'enum' THEN 12 WHEN 'float' THEN 7 WHEN 'int' THEN IF( COLUMN_TYPE like '%unsigned%', 4,4) WHEN 'bigint' THEN -5 WHEN 'mediumint' THEN 4 WHEN 'null' THEN 0 WHEN 'set' THEN 12 WHEN 'smallint' THEN IF( COLUMN_TYPE like '%unsigned%', 5,5) WHEN 'varchar' THEN 12 WHEN 'varbinary' THEN -3 WHEN 'char' THEN 1 WHEN 'binary' THEN -2 WHEN 'time' THEN 92 WHEN 'timestamp' THEN 93 WHEN 'tinyint' THEN IF(COLUMN_TYPE like 'tinyint(1)%',16,-6)  WHEN 'year' THEN 91 ELSE 1111 END  DATA_TYPE, IF(COLUMN_TYPE like 'tinyint(1)%', 'BOOLEAN',  UCASE(IF( COLUMN_TYPE LIKE '%(%)%', CONCAT(SUBSTRING( COLUMN_TYPE,1, LOCATE('(',COLUMN_TYPE) - 1 ), SUBSTRING(COLUMN_TYPE ,1+locate(')', COLUMN_TYPE))), COLUMN_TYPE))) TYPE_NAME, CASE DATA_TYPE WHEN 'date' THEN 10  WHEN 'time' THEN IF(DATETIME_PRECISION = 0, 10, CAST(11 + DATETIME_PRECISION as signed integer))  WHEN 'datetime' THEN IF(DATETIME_PRECISION = 0, 19, CAST(20 + DATETIME_PRECISION as signed integer))  WHEN 'timestamp' THEN IF(DATETIME_PRECISION = 0, 19, CAST(20 + DATETIME_PRECISION as signed integer))  ELSE   IF(NUMERIC_PRECISION IS NULL, LEAST(CHARACTER_MAXIMUM_LENGTH,2147483647), NUMERIC_PRECISION)  END COLUMN_SIZE, 65535 BUFFER_LENGTH,  CONVERT (CASE DATA_TYPE WHEN 'year' THEN NUMERIC_SCALE WHEN 'tinyint' THEN 0 ELSE NUMERIC_SCALE END, UNSIGNED INTEGER) DECIMAL_DIGITS, 10 NUM_PREC_RADIX, IF(IS_NULLABLE = 'yes',1,0) NULLABLE,COLUMN_COMMENT REMARKS, COLUMN_DEFAULT COLUMN_DEF, 0 SQL_DATA_TYPE, 0 SQL_DATETIME_SUB,   LEAST(CHARACTER_OCTET_LENGTH,2147483647) CHAR_OCTET_LENGTH, ORDINAL_POSITION, IS_NULLABLE, NULL SCOPE_CATALOG, NULL SCOPE_SCHEMA, NULL SCOPE_TABLE, NULL SOURCE_DATA_TYPE, IF(EXTRA = 'auto_increment','YES','NO') IS_AUTOINCREMENT,  IF(EXTRA in ('VIRTUAL', 'PERSISTENT', 'VIRTUAL GENERATED', 'STORED GENERATED') ,'YES','NO') IS_GENERATEDCOLUMN  FROM INFORMATION_SCHEMA.COLUMNS WHERE TABLE_SCHEMA='edext' ORDER BY TABLE_CAT, TABLE_SCHEM, TABLE_NAME, ORDINAL_POSITION
09:26:12 DEBUG [AWT-EventQueue-0]->org.mariadb.jdbc.util.log.Slf4JLogger->debug := execute query: SHOW CREATE TABLE `edext`.`Curso`
09:26:12 DEBUG [AWT-EventQueue-0]->org.mariadb.jdbc.util.log.Slf4JLogger->debug := execute query: SHOW CREATE TABLE `Instituto`
09:26:12 DEBUG [AWT-EventQueue-0]->org.mariadb.jdbc.util.log.Slf4JLogger->debug := execute query: SELECT TABLE_SCHEMA TABLE_CAT, NULL  TABLE_SCHEM,  TABLE_NAME, IF(TABLE_TYPE='BASE TABLE' or TABLE_TYPE='SYSTEM VERSIONED', 'TABLE', IF(TABLE_TYPE='TEMPORARY', 'LOCAL TEMPORARY', TABLE_TYPE)) as TABLE_TYPE, TABLE_COMMENT REMARKS, NULL TYPE_CAT, NULL TYPE_SCHEM, NULL TYPE_NAME, NULL SELF_REFERENCING_COL_NAME,  NULL REF_GENERATION FROM INFORMATION_SCHEMA.TABLES WHERE TABLE_SCHEMA='edext' AND TABLE_NAME='Instituto' AND  TABLE_TYPE IN ('BASE TABLE','SYSTEM VERSIONED','VIEW') ORDER BY TABLE_TYPE, TABLE_SCHEMA, TABLE_NAME
09:26:12 DEBUG [AWT-EventQueue-0]->org.mariadb.jdbc.util.log.Slf4JLogger->debug := execute query: select * from `edext`.`Instituto` where 1=0
09:26:12 DEBUG [AWT-EventQueue-0]->org.mariadb.jdbc.util.log.Slf4JLogger->debug := execute query: SHOW CREATE TABLE `edext`.`Edicion`
09:26:12 DEBUG [AWT-EventQueue-0]->org.mariadb.jdbc.util.log.Slf4JLogger->debug := execute query: SHOW CREATE TABLE `Curso`
09:26:12 DEBUG [AWT-EventQueue-0]->org.mariadb.jdbc.util.log.Slf4JLogger->debug := execute query: SELECT TABLE_SCHEMA TABLE_CAT, NULL  TABLE_SCHEM,  TABLE_NAME, IF(TABLE_TYPE='BASE TABLE' or TABLE_TYPE='SYSTEM VERSIONED', 'TABLE', IF(TABLE_TYPE='TEMPORARY', 'LOCAL TEMPORARY', TABLE_TYPE)) as TABLE_TYPE, TABLE_COMMENT REMARKS, NULL TYPE_CAT, NULL TYPE_SCHEM, NULL TYPE_NAME, NULL SELF_REFERENCING_COL_NAME,  NULL REF_GENERATION FROM INFORMATION_SCHEMA.TABLES WHERE TABLE_SCHEMA='edext' AND TABLE_NAME='Curso' AND  TABLE_TYPE IN ('BASE TABLE','SYSTEM VERSIONED','VIEW') ORDER BY TABLE_TYPE, TABLE_SCHEMA, TABLE_NAME
09:26:12 DEBUG [AWT-EventQueue-0]->org.mariadb.jdbc.util.log.Slf4JLogger->debug := execute query: select * from `edext`.`Curso` where 1=0
09:26:12 DEBUG [AWT-EventQueue-0]->org.mariadb.jdbc.util.log.Slf4JLogger->debug := execute query: SHOW CREATE TABLE `edext`.`InscripcionEdicion`
09:26:12 DEBUG [AWT-EventQueue-0]->org.mariadb.jdbc.util.log.Slf4JLogger->debug := execute query: SHOW CREATE TABLE `Edicion`
09:26:12 DEBUG [AWT-EventQueue-0]->org.mariadb.jdbc.util.log.Slf4JLogger->debug := execute query: SHOW CREATE TABLE `Usuario`
09:26:12 DEBUG [AWT-EventQueue-0]->org.mariadb.jdbc.util.log.Slf4JLogger->debug := execute query: SELECT TABLE_SCHEMA TABLE_CAT, NULL  TABLE_SCHEM,  TABLE_NAME, IF(TABLE_TYPE='BASE TABLE' or TABLE_TYPE='SYSTEM VERSIONED', 'TABLE', IF(TABLE_TYPE='TEMPORARY', 'LOCAL TEMPORARY', TABLE_TYPE)) as TABLE_TYPE, TABLE_COMMENT REMARKS, NULL TYPE_CAT, NULL TYPE_SCHEM, NULL TYPE_NAME, NULL SELF_REFERENCING_COL_NAME,  NULL REF_GENERATION FROM INFORMATION_SCHEMA.TABLES WHERE TABLE_SCHEMA='edext' AND TABLE_NAME='Edicion' AND  TABLE_TYPE IN ('BASE TABLE','SYSTEM VERSIONED','VIEW') ORDER BY TABLE_TYPE, TABLE_SCHEMA, TABLE_NAME
09:26:12 DEBUG [AWT-EventQueue-0]->org.mariadb.jdbc.util.log.Slf4JLogger->debug := execute query: select * from `edext`.`Edicion` where 1=0
09:26:12 DEBUG [AWT-EventQueue-0]->org.mariadb.jdbc.util.log.Slf4JLogger->debug := execute query: SELECT TABLE_SCHEMA TABLE_CAT, NULL  TABLE_SCHEM,  TABLE_NAME, IF(TABLE_TYPE='BASE TABLE' or TABLE_TYPE='SYSTEM VERSIONED', 'TABLE', IF(TABLE_TYPE='TEMPORARY', 'LOCAL TEMPORARY', TABLE_TYPE)) as TABLE_TYPE, TABLE_COMMENT REMARKS, NULL TYPE_CAT, NULL TYPE_SCHEM, NULL TYPE_NAME, NULL SELF_REFERENCING_COL_NAME,  NULL REF_GENERATION FROM INFORMATION_SCHEMA.TABLES WHERE TABLE_SCHEMA='edext' AND TABLE_NAME='Usuario' AND  TABLE_TYPE IN ('BASE TABLE','SYSTEM VERSIONED','VIEW') ORDER BY TABLE_TYPE, TABLE_SCHEMA, TABLE_NAME
09:26:12 DEBUG [AWT-EventQueue-0]->org.mariadb.jdbc.util.log.Slf4JLogger->debug := execute query: select * from `edext`.`Usuario` where 1=0
09:26:12 DEBUG [AWT-EventQueue-0]->org.mariadb.jdbc.util.log.Slf4JLogger->debug := execute query: SHOW CREATE TABLE `edext`.`InscripcionPrograma`
09:26:12 DEBUG [AWT-EventQueue-0]->org.mariadb.jdbc.util.log.Slf4JLogger->debug := execute query: SHOW CREATE TABLE `Usuario`
09:26:12 DEBUG [AWT-EventQueue-0]->org.mariadb.jdbc.util.log.Slf4JLogger->debug := execute query: SHOW CREATE TABLE `ProgramaFormacion`
09:26:12 DEBUG [AWT-EventQueue-0]->org.mariadb.jdbc.util.log.Slf4JLogger->debug := execute query: SELECT TABLE_SCHEMA TABLE_CAT, NULL  TABLE_SCHEM,  TABLE_NAME, IF(TABLE_TYPE='BASE TABLE' or TABLE_TYPE='SYSTEM VERSIONED', 'TABLE', IF(TABLE_TYPE='TEMPORARY', 'LOCAL TEMPORARY', TABLE_TYPE)) as TABLE_TYPE, TABLE_COMMENT REMARKS, NULL TYPE_CAT, NULL TYPE_SCHEM, NULL TYPE_NAME, NULL SELF_REFERENCING_COL_NAME,  NULL REF_GENERATION FROM INFORMATION_SCHEMA.TABLES WHERE TABLE_SCHEMA='edext' AND TABLE_NAME='ProgramaFormacion' AND  TABLE_TYPE IN ('BASE TABLE','SYSTEM VERSIONED','VIEW') ORDER BY TABLE_TYPE, TABLE_SCHEMA, TABLE_NAME
09:26:12 DEBUG [AWT-EventQueue-0]->org.mariadb.jdbc.util.log.Slf4JLogger->debug := execute query: select * from `edext`.`ProgramaFormacion` where 1=0
09:26:12 DEBUG [AWT-EventQueue-0]->org.mariadb.jdbc.util.log.Slf4JLogger->debug := execute query: SELECT TABLE_SCHEMA TABLE_CAT, NULL  TABLE_SCHEM,  TABLE_NAME, IF(TABLE_TYPE='BASE TABLE' or TABLE_TYPE='SYSTEM VERSIONED', 'TABLE', IF(TABLE_TYPE='TEMPORARY', 'LOCAL TEMPORARY', TABLE_TYPE)) as TABLE_TYPE, TABLE_COMMENT REMARKS, NULL TYPE_CAT, NULL TYPE_SCHEM, NULL TYPE_NAME, NULL SELF_REFERENCING_COL_NAME,  NULL REF_GENERATION FROM INFORMATION_SCHEMA.TABLES WHERE TABLE_SCHEMA='edext' AND TABLE_NAME='Usuario' AND  TABLE_TYPE IN ('BASE TABLE','SYSTEM VERSIONED','VIEW') ORDER BY TABLE_TYPE, TABLE_SCHEMA, TABLE_NAME
09:26:12 DEBUG [AWT-EventQueue-0]->org.mariadb.jdbc.util.log.Slf4JLogger->debug := execute query: select * from `edext`.`Usuario` where 1=0
09:26:12 DEBUG [AWT-EventQueue-0]->org.mariadb.jdbc.util.log.Slf4JLogger->debug := execute query: SHOW CREATE TABLE `edext`.`Integra`
09:26:12 DEBUG [AWT-EventQueue-0]->org.mariadb.jdbc.util.log.Slf4JLogger->debug := execute query: SHOW CREATE TABLE `ProgramaFormacion`
09:26:12 DEBUG [AWT-EventQueue-0]->org.mariadb.jdbc.util.log.Slf4JLogger->debug := execute query: SHOW CREATE TABLE `Curso`
09:26:12 DEBUG [AWT-EventQueue-0]->org.mariadb.jdbc.util.log.Slf4JLogger->debug := execute query: SELECT TABLE_SCHEMA TABLE_CAT, NULL  TABLE_SCHEM,  TABLE_NAME, IF(TABLE_TYPE='BASE TABLE' or TABLE_TYPE='SYSTEM VERSIONED', 'TABLE', IF(TABLE_TYPE='TEMPORARY', 'LOCAL TEMPORARY', TABLE_TYPE)) as TABLE_TYPE, TABLE_COMMENT REMARKS, NULL TYPE_CAT, NULL TYPE_SCHEM, NULL TYPE_NAME, NULL SELF_REFERENCING_COL_NAME,  NULL REF_GENERATION FROM INFORMATION_SCHEMA.TABLES WHERE TABLE_SCHEMA='edext' AND TABLE_NAME='Curso' AND  TABLE_TYPE IN ('BASE TABLE','SYSTEM VERSIONED','VIEW') ORDER BY TABLE_TYPE, TABLE_SCHEMA, TABLE_NAME
09:26:12 DEBUG [AWT-EventQueue-0]->org.mariadb.jdbc.util.log.Slf4JLogger->debug := execute query: select * from `edext`.`Curso` where 1=0
09:26:12 DEBUG [AWT-EventQueue-0]->org.mariadb.jdbc.util.log.Slf4JLogger->debug := execute query: SELECT TABLE_SCHEMA TABLE_CAT, NULL  TABLE_SCHEM,  TABLE_NAME, IF(TABLE_TYPE='BASE TABLE' or TABLE_TYPE='SYSTEM VERSIONED', 'TABLE', IF(TABLE_TYPE='TEMPORARY', 'LOCAL TEMPORARY', TABLE_TYPE)) as TABLE_TYPE, TABLE_COMMENT REMARKS, NULL TYPE_CAT, NULL TYPE_SCHEM, NULL TYPE_NAME, NULL SELF_REFERENCING_COL_NAME,  NULL REF_GENERATION FROM INFORMATION_SCHEMA.TABLES WHERE TABLE_SCHEMA='edext' AND TABLE_NAME='ProgramaFormacion' AND  TABLE_TYPE IN ('BASE TABLE','SYSTEM VERSIONED','VIEW') ORDER BY TABLE_TYPE, TABLE_SCHEMA, TABLE_NAME
09:26:12 DEBUG [AWT-EventQueue-0]->org.mariadb.jdbc.util.log.Slf4JLogger->debug := execute query: select * from `edext`.`ProgramaFormacion` where 1=0
09:26:12 DEBUG [AWT-EventQueue-0]->org.mariadb.jdbc.util.log.Slf4JLogger->debug := execute query: SHOW CREATE TABLE `edext`.`Organiza`
09:26:12 DEBUG [AWT-EventQueue-0]->org.mariadb.jdbc.util.log.Slf4JLogger->debug := execute query: SHOW CREATE TABLE `Edicion`
09:26:12 DEBUG [AWT-EventQueue-0]->org.mariadb.jdbc.util.log.Slf4JLogger->debug := execute query: SHOW CREATE TABLE `Usuario`
09:26:12 DEBUG [AWT-EventQueue-0]->org.mariadb.jdbc.util.log.Slf4JLogger->debug := execute query: SELECT TABLE_SCHEMA TABLE_CAT, NULL  TABLE_SCHEM,  TABLE_NAME, IF(TABLE_TYPE='BASE TABLE' or TABLE_TYPE='SYSTEM VERSIONED', 'TABLE', IF(TABLE_TYPE='TEMPORARY', 'LOCAL TEMPORARY', TABLE_TYPE)) as TABLE_TYPE, TABLE_COMMENT REMARKS, NULL TYPE_CAT, NULL TYPE_SCHEM, NULL TYPE_NAME, NULL SELF_REFERENCING_COL_NAME,  NULL REF_GENERATION FROM INFORMATION_SCHEMA.TABLES WHERE TABLE_SCHEMA='edext' AND TABLE_NAME='Edicion' AND  TABLE_TYPE IN ('BASE TABLE','SYSTEM VERSIONED','VIEW') ORDER BY TABLE_TYPE, TABLE_SCHEMA, TABLE_NAME
09:26:12 DEBUG [AWT-EventQueue-0]->org.mariadb.jdbc.util.log.Slf4JLogger->debug := execute query: select * from `edext`.`Edicion` where 1=0
09:26:12 DEBUG [AWT-EventQueue-0]->org.mariadb.jdbc.util.log.Slf4JLogger->debug := execute query: SELECT TABLE_SCHEMA TABLE_CAT, NULL  TABLE_SCHEM,  TABLE_NAME, IF(TABLE_TYPE='BASE TABLE' or TABLE_TYPE='SYSTEM VERSIONED', 'TABLE', IF(TABLE_TYPE='TEMPORARY', 'LOCAL TEMPORARY', TABLE_TYPE)) as TABLE_TYPE, TABLE_COMMENT REMARKS, NULL TYPE_CAT, NULL TYPE_SCHEM, NULL TYPE_NAME, NULL SELF_REFERENCING_COL_NAME,  NULL REF_GENERATION FROM INFORMATION_SCHEMA.TABLES WHERE TABLE_SCHEMA='edext' AND TABLE_NAME='Usuario' AND  TABLE_TYPE IN ('BASE TABLE','SYSTEM VERSIONED','VIEW') ORDER BY TABLE_TYPE, TABLE_SCHEMA, TABLE_NAME
09:26:12 DEBUG [AWT-EventQueue-0]->org.mariadb.jdbc.util.log.Slf4JLogger->debug := execute query: select * from `edext`.`Usuario` where 1=0
09:26:12 DEBUG [AWT-EventQueue-0]->org.mariadb.jdbc.util.log.Slf4JLogger->debug := execute query: SHOW CREATE TABLE `edext`.`Pertenece`
09:26:12 DEBUG [AWT-EventQueue-0]->org.mariadb.jdbc.util.log.Slf4JLogger->debug := execute query: SHOW CREATE TABLE `Usuario`
09:26:12 DEBUG [AWT-EventQueue-0]->org.mariadb.jdbc.util.log.Slf4JLogger->debug := execute query: SHOW CREATE TABLE `Instituto`
09:26:12 DEBUG [AWT-EventQueue-0]->org.mariadb.jdbc.util.log.Slf4JLogger->debug := execute query: SELECT TABLE_SCHEMA TABLE_CAT, NULL  TABLE_SCHEM,  TABLE_NAME, IF(TABLE_TYPE='BASE TABLE' or TABLE_TYPE='SYSTEM VERSIONED', 'TABLE', IF(TABLE_TYPE='TEMPORARY', 'LOCAL TEMPORARY', TABLE_TYPE)) as TABLE_TYPE, TABLE_COMMENT REMARKS, NULL TYPE_CAT, NULL TYPE_SCHEM, NULL TYPE_NAME, NULL SELF_REFERENCING_COL_NAME,  NULL REF_GENERATION FROM INFORMATION_SCHEMA.TABLES WHERE TABLE_SCHEMA='edext' AND TABLE_NAME='Instituto' AND  TABLE_TYPE IN ('BASE TABLE','SYSTEM VERSIONED','VIEW') ORDER BY TABLE_TYPE, TABLE_SCHEMA, TABLE_NAME
09:26:12 DEBUG [AWT-EventQueue-0]->org.mariadb.jdbc.util.log.Slf4JLogger->debug := execute query: select * from `edext`.`Instituto` where 1=0
09:26:12 DEBUG [AWT-EventQueue-0]->org.mariadb.jdbc.util.log.Slf4JLogger->debug := execute query: SELECT TABLE_SCHEMA TABLE_CAT, NULL  TABLE_SCHEM,  TABLE_NAME, IF(TABLE_TYPE='BASE TABLE' or TABLE_TYPE='SYSTEM VERSIONED', 'TABLE', IF(TABLE_TYPE='TEMPORARY', 'LOCAL TEMPORARY', TABLE_TYPE)) as TABLE_TYPE, TABLE_COMMENT REMARKS, NULL TYPE_CAT, NULL TYPE_SCHEM, NULL TYPE_NAME, NULL SELF_REFERENCING_COL_NAME,  NULL REF_GENERATION FROM INFORMATION_SCHEMA.TABLES WHERE TABLE_SCHEMA='edext' AND TABLE_NAME='Usuario' AND  TABLE_TYPE IN ('BASE TABLE','SYSTEM VERSIONED','VIEW') ORDER BY TABLE_TYPE, TABLE_SCHEMA, TABLE_NAME
09:26:12 DEBUG [AWT-EventQueue-0]->org.mariadb.jdbc.util.log.Slf4JLogger->debug := execute query: select * from `edext`.`Usuario` where 1=0
09:26:12 DEBUG [AWT-EventQueue-0]->org.mariadb.jdbc.util.log.Slf4JLogger->debug := execute query: SHOW CREATE TABLE `edext`.`Previas`
09:26:12 DEBUG [AWT-EventQueue-0]->org.mariadb.jdbc.util.log.Slf4JLogger->debug := execute query: SHOW CREATE TABLE `Curso`
09:26:12 DEBUG [AWT-EventQueue-0]->org.mariadb.jdbc.util.log.Slf4JLogger->debug := execute query: SHOW CREATE TABLE `Curso`
09:26:12 DEBUG [AWT-EventQueue-0]->org.mariadb.jdbc.util.log.Slf4JLogger->debug := execute query: SELECT TABLE_SCHEMA TABLE_CAT, NULL  TABLE_SCHEM,  TABLE_NAME, IF(TABLE_TYPE='BASE TABLE' or TABLE_TYPE='SYSTEM VERSIONED', 'TABLE', IF(TABLE_TYPE='TEMPORARY', 'LOCAL TEMPORARY', TABLE_TYPE)) as TABLE_TYPE, TABLE_COMMENT REMARKS, NULL TYPE_CAT, NULL TYPE_SCHEM, NULL TYPE_NAME, NULL SELF_REFERENCING_COL_NAME,  NULL REF_GENERATION FROM INFORMATION_SCHEMA.TABLES WHERE TABLE_SCHEMA='edext' AND TABLE_NAME='Curso' AND  TABLE_TYPE IN ('BASE TABLE','SYSTEM VERSIONED','VIEW') ORDER BY TABLE_TYPE, TABLE_SCHEMA, TABLE_NAME
09:26:12 DEBUG [AWT-EventQueue-0]->org.mariadb.jdbc.util.log.Slf4JLogger->debug := execute query: select * from `edext`.`Curso` where 1=0
09:26:12 DEBUG [AWT-EventQueue-0]->org.mariadb.jdbc.util.log.Slf4JLogger->debug := execute query: SELECT TABLE_SCHEMA TABLE_CAT, NULL  TABLE_SCHEM,  TABLE_NAME, IF(TABLE_TYPE='BASE TABLE' or TABLE_TYPE='SYSTEM VERSIONED', 'TABLE', IF(TABLE_TYPE='TEMPORARY', 'LOCAL TEMPORARY', TABLE_TYPE)) as TABLE_TYPE, TABLE_COMMENT REMARKS, NULL TYPE_CAT, NULL TYPE_SCHEM, NULL TYPE_NAME, NULL SELF_REFERENCING_COL_NAME,  NULL REF_GENERATION FROM INFORMATION_SCHEMA.TABLES WHERE TABLE_SCHEMA='edext' AND TABLE_NAME='Curso' AND  TABLE_TYPE IN ('BASE TABLE','SYSTEM VERSIONED','VIEW') ORDER BY TABLE_TYPE, TABLE_SCHEMA, TABLE_NAME
09:26:12 DEBUG [AWT-EventQueue-0]->org.mariadb.jdbc.util.log.Slf4JLogger->debug := execute query: select * from `edext`.`Curso` where 1=0
09:26:12 DEBUG [AWT-EventQueue-0]->org.mariadb.jdbc.util.log.Slf4JLogger->debug := execute query: set autocommit=0
09:26:12 DEBUG [AWT-EventQueue-0]->org.mariadb.jdbc.util.log.Slf4JLogger->debug := System variable change:  autocommit = OFF
09:26:12 DEBUG [AWT-EventQueue-0]->org.mariadb.jdbc.util.log.Slf4JLogger->debug := execute query: set autocommit=1
09:26:12 DEBUG [AWT-EventQueue-0]->org.mariadb.jdbc.util.log.Slf4JLogger->debug := System variable change:  autocommit = ON
09:26:12 DEBUG [AWT-EventQueue-0]->org.mariadb.jdbc.util.log.Slf4JLogger->debug := execute query: set autocommit=0
09:26:12 DEBUG [AWT-EventQueue-0]->org.mariadb.jdbc.util.log.Slf4JLogger->debug := System variable change:  autocommit = OFF
09:26:12 DEBUG [AWT-EventQueue-0]->org.mariadb.jdbc.util.log.Slf4JLogger->debug := execute query: select i1_0.nombre from Instituto i1_0
09:26:12 DEBUG [AWT-EventQueue-0]->org.mariadb.jdbc.util.log.Slf4JLogger->debug := execute query: set autocommit=1
09:26:12 DEBUG [AWT-EventQueue-0]->org.mariadb.jdbc.util.log.Slf4JLogger->debug := System variable change:  autocommit = ON
09:28:00 DEBUG [AWT-EventQueue-0]->org.mariadb.jdbc.util.log.Slf4JLogger->debug := execute query: CREATE DATABASE IF NOT EXISTS `edext`
09:28:00 DEBUG [AWT-EventQueue-0]->org.mariadb.jdbc.util.log.Slf4JLogger->debug := execute query: USE `edext`
09:28:00 DEBUG [AWT-EventQueue-0]->org.mariadb.jdbc.util.log.Slf4JLogger->debug := execute query: SET NAMES utf8mb4
09:28:00 DEBUG [AWT-EventQueue-0]->org.mariadb.jdbc.util.log.Slf4JLogger->debug := Database change: is 'edext'
09:28:00 DEBUG [AWT-EventQueue-0]->org.mariadb.jdbc.util.log.Slf4JLogger->debug := System variable change:  character_set_connection = utf8mb4
09:28:00 DEBUG [AWT-EventQueue-0]->org.mariadb.jdbc.util.log.Slf4JLogger->debug := System variable change:  character_set_client = utf8mb4
09:28:00 DEBUG [AWT-EventQueue-0]->org.mariadb.jdbc.util.log.Slf4JLogger->debug := System variable change:  character_set_results = utf8mb4
09:28:00 DEBUG [AWT-EventQueue-0]->org.mariadb.jdbc.util.log.Slf4JLogger->debug := execute query: set autocommit=0
09:28:00 DEBUG [AWT-EventQueue-0]->org.mariadb.jdbc.util.log.Slf4JLogger->debug := System variable change:  autocommit = OFF
09:28:00 DEBUG [AWT-EventQueue-0]->org.mariadb.jdbc.util.log.Slf4JLogger->debug := execute query: SELECT @@character_set_database, @@sql_mode
09:28:00 DEBUG [AWT-EventQueue-0]->org.mariadb.jdbc.util.log.Slf4JLogger->debug := execute query: select @@lower_case_table_names
09:28:00 DEBUG [AWT-EventQueue-0]->org.mariadb.jdbc.util.log.Slf4JLogger->debug := execute query: set autocommit=1
09:28:00 DEBUG [AWT-EventQueue-0]->org.mariadb.jdbc.util.log.Slf4JLogger->debug := System variable change:  autocommit = ON
09:28:03 DEBUG [AWT-EventQueue-0]->org.mariadb.jdbc.util.log.Slf4JLogger->debug := execute query: set autocommit=0
09:28:03 DEBUG [AWT-EventQueue-0]->org.mariadb.jdbc.util.log.Slf4JLogger->debug := System variable change:  autocommit = OFF
09:28:03 DEBUG [AWT-EventQueue-0]->org.mariadb.jdbc.util.log.Slf4JLogger->debug := execute query: set autocommit=1
09:28:03 DEBUG [AWT-EventQueue-0]->org.mariadb.jdbc.util.log.Slf4JLogger->debug := System variable change:  autocommit = ON
09:28:03 DEBUG [AWT-EventQueue-0]->org.mariadb.jdbc.util.log.Slf4JLogger->debug := execute query: select table_name from information_schema.TABLES where table_schema=database() and table_type='SEQUENCE'
09:28:03 DEBUG [AWT-EventQueue-0]->org.mariadb.jdbc.util.log.Slf4JLogger->debug := execute query: SELECT TABLE_SCHEMA TABLE_CAT, NULL  TABLE_SCHEM,  TABLE_NAME, IF(TABLE_TYPE='BASE TABLE' or TABLE_TYPE='SYSTEM VERSIONED', 'TABLE', IF(TABLE_TYPE='TEMPORARY', 'LOCAL TEMPORARY', TABLE_TYPE)) as TABLE_TYPE, TABLE_COMMENT REMARKS, NULL TYPE_CAT, NULL TYPE_SCHEM, NULL TYPE_NAME, NULL SELF_REFERENCING_COL_NAME,  NULL REF_GENERATION FROM INFORMATION_SCHEMA.TABLES WHERE TABLE_SCHEMA='edext' AND  TABLE_TYPE IN ('BASE TABLE','SYSTEM VERSIONED','VIEW') ORDER BY TABLE_TYPE, TABLE_SCHEMA, TABLE_NAME
09:28:03 DEBUG [AWT-EventQueue-0]->org.mariadb.jdbc.util.log.Slf4JLogger->debug := execute query: SELECT TABLE_SCHEMA TABLE_CAT, NULL TABLE_SCHEM, TABLE_NAME, COLUMN_NAME, CASE data_type WHEN 'bit' THEN -7 WHEN 'tinyblob' THEN -3 WHEN 'mediumblob' THEN -4 WHEN 'longblob' THEN -4 WHEN 'blob' THEN -4 WHEN 'tinytext' THEN 12 WHEN 'mediumtext' THEN -1 WHEN 'longtext' THEN -1 WHEN 'text' THEN -1 WHEN 'date' THEN 91 WHEN 'datetime' THEN 93 WHEN 'decimal' THEN 3 WHEN 'double' THEN 8 WHEN 'enum' THEN 12 WHEN 'float' THEN 7 WHEN 'int' THEN IF( COLUMN_TYPE like '%unsigned%', 4,4) WHEN 'bigint' THEN -5 WHEN 'mediumint' THEN 4 WHEN 'null' THEN 0 WHEN 'set' THEN 12 WHEN 'smallint' THEN IF( COLUMN_TYPE like '%unsigned%', 5,5) WHEN 'varchar' THEN 12 WHEN 'varbinary' THEN -3 WHEN 'char' THEN 1 WHEN 'binary' THEN -2 WHEN 'time' THEN 92 WHEN 'timestamp' THEN 93 WHEN 'tinyint' THEN IF(COLUMN_TYPE like 'tinyint(1)%',16,-6)  WHEN 'year' THEN 91 ELSE 1111 END  DATA_TYPE, IF(COLUMN_TYPE like 'tinyint(1)%', 'BOOLEAN',  UCASE(IF( COLUMN_TYPE LIKE '%(%)%', CONCAT(SUBSTRING( COLUMN_TYPE,1, LOCATE('(',COLUMN_TYPE) - 1 ), SUBSTRING(COLUMN_TYPE ,1+locate(')', COLUMN_TYPE))), COLUMN_TYPE))) TYPE_NAME, CASE DATA_TYPE WHEN 'date' THEN 10  WHEN 'time' THEN IF(DATETIME_PRECISION = 0, 10, CAST(11 + DATETIME_PRECISION as signed integer))  WHEN 'datetime' THEN IF(DATETIME_PRECISION = 0, 19, CAST(20 + DATETIME_PRECISION as signed integer))  WHEN 'timestamp' THEN IF(DATETIME_PRECISION = 0, 19, CAST(20 + DATETIME_PRECISION as signed integer))  ELSE   IF(NUMERIC_PRECISION IS NULL, LEAST(CHARACTER_MAXIMUM_LENGTH,2147483647), NUMERIC_PRECISION)  END COLUMN_SIZE, 65535 BUFFER_LENGTH,  CONVERT (CASE DATA_TYPE WHEN 'year' THEN NUMERIC_SCALE WHEN 'tinyint' THEN 0 ELSE NUMERIC_SCALE END, UNSIGNED INTEGER) DECIMAL_DIGITS, 10 NUM_PREC_RADIX, IF(IS_NULLABLE = 'yes',1,0) NULLABLE,COLUMN_COMMENT REMARKS, COLUMN_DEFAULT COLUMN_DEF, 0 SQL_DATA_TYPE, 0 SQL_DATETIME_SUB,   LEAST(CHARACTER_OCTET_LENGTH,2147483647) CHAR_OCTET_LENGTH, ORDINAL_POSITION, IS_NULLABLE, NULL SCOPE_CATALOG, NULL SCOPE_SCHEMA, NULL SCOPE_TABLE, NULL SOURCE_DATA_TYPE, IF(EXTRA = 'auto_increment','YES','NO') IS_AUTOINCREMENT,  IF(EXTRA in ('VIRTUAL', 'PERSISTENT', 'VIRTUAL GENERATED', 'STORED GENERATED') ,'YES','NO') IS_GENERATEDCOLUMN  FROM INFORMATION_SCHEMA.COLUMNS WHERE TABLE_SCHEMA='edext' ORDER BY TABLE_CAT, TABLE_SCHEM, TABLE_NAME, ORDINAL_POSITION
09:28:03 DEBUG [AWT-EventQueue-0]->org.mariadb.jdbc.util.log.Slf4JLogger->debug := execute query: SHOW CREATE TABLE `edext`.`Curso`
09:28:03 DEBUG [AWT-EventQueue-0]->org.mariadb.jdbc.util.log.Slf4JLogger->debug := execute query: SHOW CREATE TABLE `Instituto`
09:28:03 DEBUG [AWT-EventQueue-0]->org.mariadb.jdbc.util.log.Slf4JLogger->debug := execute query: SELECT TABLE_SCHEMA TABLE_CAT, NULL  TABLE_SCHEM,  TABLE_NAME, IF(TABLE_TYPE='BASE TABLE' or TABLE_TYPE='SYSTEM VERSIONED', 'TABLE', IF(TABLE_TYPE='TEMPORARY', 'LOCAL TEMPORARY', TABLE_TYPE)) as TABLE_TYPE, TABLE_COMMENT REMARKS, NULL TYPE_CAT, NULL TYPE_SCHEM, NULL TYPE_NAME, NULL SELF_REFERENCING_COL_NAME,  NULL REF_GENERATION FROM INFORMATION_SCHEMA.TABLES WHERE TABLE_SCHEMA='edext' AND TABLE_NAME='Instituto' AND  TABLE_TYPE IN ('BASE TABLE','SYSTEM VERSIONED','VIEW') ORDER BY TABLE_TYPE, TABLE_SCHEMA, TABLE_NAME
09:28:03 DEBUG [AWT-EventQueue-0]->org.mariadb.jdbc.util.log.Slf4JLogger->debug := execute query: select * from `edext`.`Instituto` where 1=0
09:28:03 DEBUG [AWT-EventQueue-0]->org.mariadb.jdbc.util.log.Slf4JLogger->debug := execute query: SHOW CREATE TABLE `edext`.`Edicion`
09:28:03 DEBUG [AWT-EventQueue-0]->org.mariadb.jdbc.util.log.Slf4JLogger->debug := execute query: SHOW CREATE TABLE `Curso`
09:28:03 DEBUG [AWT-EventQueue-0]->org.mariadb.jdbc.util.log.Slf4JLogger->debug := execute query: SELECT TABLE_SCHEMA TABLE_CAT, NULL  TABLE_SCHEM,  TABLE_NAME, IF(TABLE_TYPE='BASE TABLE' or TABLE_TYPE='SYSTEM VERSIONED', 'TABLE', IF(TABLE_TYPE='TEMPORARY', 'LOCAL TEMPORARY', TABLE_TYPE)) as TABLE_TYPE, TABLE_COMMENT REMARKS, NULL TYPE_CAT, NULL TYPE_SCHEM, NULL TYPE_NAME, NULL SELF_REFERENCING_COL_NAME,  NULL REF_GENERATION FROM INFORMATION_SCHEMA.TABLES WHERE TABLE_SCHEMA='edext' AND TABLE_NAME='Curso' AND  TABLE_TYPE IN ('BASE TABLE','SYSTEM VERSIONED','VIEW') ORDER BY TABLE_TYPE, TABLE_SCHEMA, TABLE_NAME
09:28:03 DEBUG [AWT-EventQueue-0]->org.mariadb.jdbc.util.log.Slf4JLogger->debug := execute query: select * from `edext`.`Curso` where 1=0
09:28:03 DEBUG [AWT-EventQueue-0]->org.mariadb.jdbc.util.log.Slf4JLogger->debug := execute query: SHOW CREATE TABLE `edext`.`InscripcionEdicion`
09:28:03 DEBUG [AWT-EventQueue-0]->org.mariadb.jdbc.util.log.Slf4JLogger->debug := execute query: SHOW CREATE TABLE `Edicion`
09:28:03 DEBUG [AWT-EventQueue-0]->org.mariadb.jdbc.util.log.Slf4JLogger->debug := execute query: SHOW CREATE TABLE `Usuario`
09:28:03 DEBUG [AWT-EventQueue-0]->org.mariadb.jdbc.util.log.Slf4JLogger->debug := execute query: SELECT TABLE_SCHEMA TABLE_CAT, NULL  TABLE_SCHEM,  TABLE_NAME, IF(TABLE_TYPE='BASE TABLE' or TABLE_TYPE='SYSTEM VERSIONED', 'TABLE', IF(TABLE_TYPE='TEMPORARY', 'LOCAL TEMPORARY', TABLE_TYPE)) as TABLE_TYPE, TABLE_COMMENT REMARKS, NULL TYPE_CAT, NULL TYPE_SCHEM, NULL TYPE_NAME, NULL SELF_REFERENCING_COL_NAME,  NULL REF_GENERATION FROM INFORMATION_SCHEMA.TABLES WHERE TABLE_SCHEMA='edext' AND TABLE_NAME='Edicion' AND  TABLE_TYPE IN ('BASE TABLE','SYSTEM VERSIONED','VIEW') ORDER BY TABLE_TYPE, TABLE_SCHEMA, TABLE_NAME
09:28:03 DEBUG [AWT-EventQueue-0]->org.mariadb.jdbc.util.log.Slf4JLogger->debug := execute query: select * from `edext`.`Edicion` where 1=0
09:28:03 DEBUG [AWT-EventQueue-0]->org.mariadb.jdbc.util.log.Slf4JLogger->debug := execute query: SELECT TABLE_SCHEMA TABLE_CAT, NULL  TABLE_SCHEM,  TABLE_NAME, IF(TABLE_TYPE='BASE TABLE' or TABLE_TYPE='SYSTEM VERSIONED', 'TABLE', IF(TABLE_TYPE='TEMPORARY', 'LOCAL TEMPORARY', TABLE_TYPE)) as TABLE_TYPE, TABLE_COMMENT REMARKS, NULL TYPE_CAT, NULL TYPE_SCHEM, NULL TYPE_NAME, NULL SELF_REFERENCING_COL_NAME,  NULL REF_GENERATION FROM INFORMATION_SCHEMA.TABLES WHERE TABLE_SCHEMA='edext' AND TABLE_NAME='Usuario' AND  TABLE_TYPE IN ('BASE TABLE','SYSTEM VERSIONED','VIEW') ORDER BY TABLE_TYPE, TABLE_SCHEMA, TABLE_NAME
09:28:03 DEBUG [AWT-EventQueue-0]->org.mariadb.jdbc.util.log.Slf4JLogger->debug := execute query: select * from `edext`.`Usuario` where 1=0
09:28:03 DEBUG [AWT-EventQueue-0]->org.mariadb.jdbc.util.log.Slf4JLogger->debug := execute query: SHOW CREATE TABLE `edext`.`InscripcionPrograma`
09:28:03 DEBUG [AWT-EventQueue-0]->org.mariadb.jdbc.util.log.Slf4JLogger->debug := execute query: SHOW CREATE TABLE `Usuario`
09:28:03 DEBUG [AWT-EventQueue-0]->org.mariadb.jdbc.util.log.Slf4JLogger->debug := execute query: SHOW CREATE TABLE `ProgramaFormacion`
09:28:03 DEBUG [AWT-EventQueue-0]->org.mariadb.jdbc.util.log.Slf4JLogger->debug := execute query: SELECT TABLE_SCHEMA TABLE_CAT, NULL  TABLE_SCHEM,  TABLE_NAME, IF(TABLE_TYPE='BASE TABLE' or TABLE_TYPE='SYSTEM VERSIONED', 'TABLE', IF(TABLE_TYPE='TEMPORARY', 'LOCAL TEMPORARY', TABLE_TYPE)) as TABLE_TYPE, TABLE_COMMENT REMARKS, NULL TYPE_CAT, NULL TYPE_SCHEM, NULL TYPE_NAME, NULL SELF_REFERENCING_COL_NAME,  NULL REF_GENERATION FROM INFORMATION_SCHEMA.TABLES WHERE TABLE_SCHEMA='edext' AND TABLE_NAME='ProgramaFormacion' AND  TABLE_TYPE IN ('BASE TABLE','SYSTEM VERSIONED','VIEW') ORDER BY TABLE_TYPE, TABLE_SCHEMA, TABLE_NAME
09:28:03 DEBUG [AWT-EventQueue-0]->org.mariadb.jdbc.util.log.Slf4JLogger->debug := execute query: select * from `edext`.`ProgramaFormacion` where 1=0
09:28:03 DEBUG [AWT-EventQueue-0]->org.mariadb.jdbc.util.log.Slf4JLogger->debug := execute query: SELECT TABLE_SCHEMA TABLE_CAT, NULL  TABLE_SCHEM,  TABLE_NAME, IF(TABLE_TYPE='BASE TABLE' or TABLE_TYPE='SYSTEM VERSIONED', 'TABLE', IF(TABLE_TYPE='TEMPORARY', 'LOCAL TEMPORARY', TABLE_TYPE)) as TABLE_TYPE, TABLE_COMMENT REMARKS, NULL TYPE_CAT, NULL TYPE_SCHEM, NULL TYPE_NAME, NULL SELF_REFERENCING_COL_NAME,  NULL REF_GENERATION FROM INFORMATION_SCHEMA.TABLES WHERE TABLE_SCHEMA='edext' AND TABLE_NAME='Usuario' AND  TABLE_TYPE IN ('BASE TABLE','SYSTEM VERSIONED','VIEW') ORDER BY TABLE_TYPE, TABLE_SCHEMA, TABLE_NAME
09:28:03 DEBUG [AWT-EventQueue-0]->org.mariadb.jdbc.util.log.Slf4JLogger->debug := execute query: select * from `edext`.`Usuario` where 1=0
09:28:03 DEBUG [AWT-EventQueue-0]->org.mariadb.jdbc.util.log.Slf4JLogger->debug := execute query: SHOW CREATE TABLE `edext`.`Integra`
09:28:03 DEBUG [AWT-EventQueue-0]->org.mariadb.jdbc.util.log.Slf4JLogger->debug := execute query: SHOW CREATE TABLE `ProgramaFormacion`
09:28:03 DEBUG [AWT-EventQueue-0]->org.mariadb.jdbc.util.log.Slf4JLogger->debug := execute query: SHOW CREATE TABLE `Curso`
09:28:03 DEBUG [AWT-EventQueue-0]->org.mariadb.jdbc.util.log.Slf4JLogger->debug := execute query: SELECT TABLE_SCHEMA TABLE_CAT, NULL  TABLE_SCHEM,  TABLE_NAME, IF(TABLE_TYPE='BASE TABLE' or TABLE_TYPE='SYSTEM VERSIONED', 'TABLE', IF(TABLE_TYPE='TEMPORARY', 'LOCAL TEMPORARY', TABLE_TYPE)) as TABLE_TYPE, TABLE_COMMENT REMARKS, NULL TYPE_CAT, NULL TYPE_SCHEM, NULL TYPE_NAME, NULL SELF_REFERENCING_COL_NAME,  NULL REF_GENERATION FROM INFORMATION_SCHEMA.TABLES WHERE TABLE_SCHEMA='edext' AND TABLE_NAME='Curso' AND  TABLE_TYPE IN ('BASE TABLE','SYSTEM VERSIONED','VIEW') ORDER BY TABLE_TYPE, TABLE_SCHEMA, TABLE_NAME
09:28:03 DEBUG [AWT-EventQueue-0]->org.mariadb.jdbc.util.log.Slf4JLogger->debug := execute query: select * from `edext`.`Curso` where 1=0
09:28:03 DEBUG [AWT-EventQueue-0]->org.mariadb.jdbc.util.log.Slf4JLogger->debug := execute query: SELECT TABLE_SCHEMA TABLE_CAT, NULL  TABLE_SCHEM,  TABLE_NAME, IF(TABLE_TYPE='BASE TABLE' or TABLE_TYPE='SYSTEM VERSIONED', 'TABLE', IF(TABLE_TYPE='TEMPORARY', 'LOCAL TEMPORARY', TABLE_TYPE)) as TABLE_TYPE, TABLE_COMMENT REMARKS, NULL TYPE_CAT, NULL TYPE_SCHEM, NULL TYPE_NAME, NULL SELF_REFERENCING_COL_NAME,  NULL REF_GENERATION FROM INFORMATION_SCHEMA.TABLES WHERE TABLE_SCHEMA='edext' AND TABLE_NAME='ProgramaFormacion' AND  TABLE_TYPE IN ('BASE TABLE','SYSTEM VERSIONED','VIEW') ORDER BY TABLE_TYPE, TABLE_SCHEMA, TABLE_NAME
09:28:03 DEBUG [AWT-EventQueue-0]->org.mariadb.jdbc.util.log.Slf4JLogger->debug := execute query: select * from `edext`.`ProgramaFormacion` where 1=0
09:28:03 DEBUG [AWT-EventQueue-0]->org.mariadb.jdbc.util.log.Slf4JLogger->debug := execute query: SHOW CREATE TABLE `edext`.`Organiza`
09:28:03 DEBUG [AWT-EventQueue-0]->org.mariadb.jdbc.util.log.Slf4JLogger->debug := execute query: SHOW CREATE TABLE `Edicion`
09:28:03 DEBUG [AWT-EventQueue-0]->org.mariadb.jdbc.util.log.Slf4JLogger->debug := execute query: SHOW CREATE TABLE `Usuario`
09:28:03 DEBUG [AWT-EventQueue-0]->org.mariadb.jdbc.util.log.Slf4JLogger->debug := execute query: SELECT TABLE_SCHEMA TABLE_CAT, NULL  TABLE_SCHEM,  TABLE_NAME, IF(TABLE_TYPE='BASE TABLE' or TABLE_TYPE='SYSTEM VERSIONED', 'TABLE', IF(TABLE_TYPE='TEMPORARY', 'LOCAL TEMPORARY', TABLE_TYPE)) as TABLE_TYPE, TABLE_COMMENT REMARKS, NULL TYPE_CAT, NULL TYPE_SCHEM, NULL TYPE_NAME, NULL SELF_REFERENCING_COL_NAME,  NULL REF_GENERATION FROM INFORMATION_SCHEMA.TABLES WHERE TABLE_SCHEMA='edext' AND TABLE_NAME='Edicion' AND  TABLE_TYPE IN ('BASE TABLE','SYSTEM VERSIONED','VIEW') ORDER BY TABLE_TYPE, TABLE_SCHEMA, TABLE_NAME
09:28:03 DEBUG [AWT-EventQueue-0]->org.mariadb.jdbc.util.log.Slf4JLogger->debug := execute query: select * from `edext`.`Edicion` where 1=0
09:28:03 DEBUG [AWT-EventQueue-0]->org.mariadb.jdbc.util.log.Slf4JLogger->debug := execute query: SELECT TABLE_SCHEMA TABLE_CAT, NULL  TABLE_SCHEM,  TABLE_NAME, IF(TABLE_TYPE='BASE TABLE' or TABLE_TYPE='SYSTEM VERSIONED', 'TABLE', IF(TABLE_TYPE='TEMPORARY', 'LOCAL TEMPORARY', TABLE_TYPE)) as TABLE_TYPE, TABLE_COMMENT REMARKS, NULL TYPE_CAT, NULL TYPE_SCHEM, NULL TYPE_NAME, NULL SELF_REFERENCING_COL_NAME,  NULL REF_GENERATION FROM INFORMATION_SCHEMA.TABLES WHERE TABLE_SCHEMA='edext' AND TABLE_NAME='Usuario' AND  TABLE_TYPE IN ('BASE TABLE','SYSTEM VERSIONED','VIEW') ORDER BY TABLE_TYPE, TABLE_SCHEMA, TABLE_NAME
09:28:03 DEBUG [AWT-EventQueue-0]->org.mariadb.jdbc.util.log.Slf4JLogger->debug := execute query: select * from `edext`.`Usuario` where 1=0
09:28:03 DEBUG [AWT-EventQueue-0]->org.mariadb.jdbc.util.log.Slf4JLogger->debug := execute query: SHOW CREATE TABLE `edext`.`Pertenece`
09:28:03 DEBUG [AWT-EventQueue-0]->org.mariadb.jdbc.util.log.Slf4JLogger->debug := execute query: SHOW CREATE TABLE `Usuario`
09:28:03 DEBUG [AWT-EventQueue-0]->org.mariadb.jdbc.util.log.Slf4JLogger->debug := execute query: SHOW CREATE TABLE `Instituto`
09:28:03 DEBUG [AWT-EventQueue-0]->org.mariadb.jdbc.util.log.Slf4JLogger->debug := execute query: SELECT TABLE_SCHEMA TABLE_CAT, NULL  TABLE_SCHEM,  TABLE_NAME, IF(TABLE_TYPE='BASE TABLE' or TABLE_TYPE='SYSTEM VERSIONED', 'TABLE', IF(TABLE_TYPE='TEMPORARY', 'LOCAL TEMPORARY', TABLE_TYPE)) as TABLE_TYPE, TABLE_COMMENT REMARKS, NULL TYPE_CAT, NULL TYPE_SCHEM, NULL TYPE_NAME, NULL SELF_REFERENCING_COL_NAME,  NULL REF_GENERATION FROM INFORMATION_SCHEMA.TABLES WHERE TABLE_SCHEMA='edext' AND TABLE_NAME='Instituto' AND  TABLE_TYPE IN ('BASE TABLE','SYSTEM VERSIONED','VIEW') ORDER BY TABLE_TYPE, TABLE_SCHEMA, TABLE_NAME
09:28:03 DEBUG [AWT-EventQueue-0]->org.mariadb.jdbc.util.log.Slf4JLogger->debug := execute query: select * from `edext`.`Instituto` where 1=0
09:28:03 DEBUG [AWT-EventQueue-0]->org.mariadb.jdbc.util.log.Slf4JLogger->debug := execute query: SELECT TABLE_SCHEMA TABLE_CAT, NULL  TABLE_SCHEM,  TABLE_NAME, IF(TABLE_TYPE='BASE TABLE' or TABLE_TYPE='SYSTEM VERSIONED', 'TABLE', IF(TABLE_TYPE='TEMPORARY', 'LOCAL TEMPORARY', TABLE_TYPE)) as TABLE_TYPE, TABLE_COMMENT REMARKS, NULL TYPE_CAT, NULL TYPE_SCHEM, NULL TYPE_NAME, NULL SELF_REFERENCING_COL_NAME,  NULL REF_GENERATION FROM INFORMATION_SCHEMA.TABLES WHERE TABLE_SCHEMA='edext' AND TABLE_NAME='Usuario' AND  TABLE_TYPE IN ('BASE TABLE','SYSTEM VERSIONED','VIEW') ORDER BY TABLE_TYPE, TABLE_SCHEMA, TABLE_NAME
09:28:03 DEBUG [AWT-EventQueue-0]->org.mariadb.jdbc.util.log.Slf4JLogger->debug := execute query: select * from `edext`.`Usuario` where 1=0
09:28:03 DEBUG [AWT-EventQueue-0]->org.mariadb.jdbc.util.log.Slf4JLogger->debug := execute query: SHOW CREATE TABLE `edext`.`Previas`
09:28:03 DEBUG [AWT-EventQueue-0]->org.mariadb.jdbc.util.log.Slf4JLogger->debug := execute query: SHOW CREATE TABLE `Curso`
09:28:03 DEBUG [AWT-EventQueue-0]->org.mariadb.jdbc.util.log.Slf4JLogger->debug := execute query: SHOW CREATE TABLE `Curso`
09:28:03 DEBUG [AWT-EventQueue-0]->org.mariadb.jdbc.util.log.Slf4JLogger->debug := execute query: SELECT TABLE_SCHEMA TABLE_CAT, NULL  TABLE_SCHEM,  TABLE_NAME, IF(TABLE_TYPE='BASE TABLE' or TABLE_TYPE='SYSTEM VERSIONED', 'TABLE', IF(TABLE_TYPE='TEMPORARY', 'LOCAL TEMPORARY', TABLE_TYPE)) as TABLE_TYPE, TABLE_COMMENT REMARKS, NULL TYPE_CAT, NULL TYPE_SCHEM, NULL TYPE_NAME, NULL SELF_REFERENCING_COL_NAME,  NULL REF_GENERATION FROM INFORMATION_SCHEMA.TABLES WHERE TABLE_SCHEMA='edext' AND TABLE_NAME='Curso' AND  TABLE_TYPE IN ('BASE TABLE','SYSTEM VERSIONED','VIEW') ORDER BY TABLE_TYPE, TABLE_SCHEMA, TABLE_NAME
09:28:03 DEBUG [AWT-EventQueue-0]->org.mariadb.jdbc.util.log.Slf4JLogger->debug := execute query: select * from `edext`.`Curso` where 1=0
09:28:03 DEBUG [AWT-EventQueue-0]->org.mariadb.jdbc.util.log.Slf4JLogger->debug := execute query: SELECT TABLE_SCHEMA TABLE_CAT, NULL  TABLE_SCHEM,  TABLE_NAME, IF(TABLE_TYPE='BASE TABLE' or TABLE_TYPE='SYSTEM VERSIONED', 'TABLE', IF(TABLE_TYPE='TEMPORARY', 'LOCAL TEMPORARY', TABLE_TYPE)) as TABLE_TYPE, TABLE_COMMENT REMARKS, NULL TYPE_CAT, NULL TYPE_SCHEM, NULL TYPE_NAME, NULL SELF_REFERENCING_COL_NAME,  NULL REF_GENERATION FROM INFORMATION_SCHEMA.TABLES WHERE TABLE_SCHEMA='edext' AND TABLE_NAME='Curso' AND  TABLE_TYPE IN ('BASE TABLE','SYSTEM VERSIONED','VIEW') ORDER BY TABLE_TYPE, TABLE_SCHEMA, TABLE_NAME
09:28:03 DEBUG [AWT-EventQueue-0]->org.mariadb.jdbc.util.log.Slf4JLogger->debug := execute query: select * from `edext`.`Curso` where 1=0
09:28:03 DEBUG [AWT-EventQueue-0]->org.mariadb.jdbc.util.log.Slf4JLogger->debug := execute query: set autocommit=0
09:28:03 DEBUG [AWT-EventQueue-0]->org.mariadb.jdbc.util.log.Slf4JLogger->debug := System variable change:  autocommit = OFF
09:28:03 DEBUG [AWT-EventQueue-0]->org.mariadb.jdbc.util.log.Slf4JLogger->debug := execute query: set autocommit=1
09:28:03 DEBUG [AWT-EventQueue-0]->org.mariadb.jdbc.util.log.Slf4JLogger->debug := System variable change:  autocommit = ON
09:28:03 DEBUG [AWT-EventQueue-0]->org.mariadb.jdbc.util.log.Slf4JLogger->debug := execute query: set autocommit=0
09:28:03 DEBUG [AWT-EventQueue-0]->org.mariadb.jdbc.util.log.Slf4JLogger->debug := System variable change:  autocommit = OFF
09:28:03 DEBUG [AWT-EventQueue-0]->org.mariadb.jdbc.util.log.Slf4JLogger->debug := execute query: select i1_0.nombre from Instituto i1_0
09:28:03 DEBUG [AWT-EventQueue-0]->org.mariadb.jdbc.util.log.Slf4JLogger->debug := execute query: set autocommit=1
09:28:03 DEBUG [AWT-EventQueue-0]->org.mariadb.jdbc.util.log.Slf4JLogger->debug := System variable change:  autocommit = ON
09:28:56 DEBUG [AWT-EventQueue-0]->org.mariadb.jdbc.util.log.Slf4JLogger->debug := execute query: CREATE DATABASE IF NOT EXISTS `edext`
09:28:56 DEBUG [AWT-EventQueue-0]->org.mariadb.jdbc.util.log.Slf4JLogger->debug := execute query: USE `edext`
09:28:56 DEBUG [AWT-EventQueue-0]->org.mariadb.jdbc.util.log.Slf4JLogger->debug := execute query: SET NAMES utf8mb4
09:28:56 DEBUG [AWT-EventQueue-0]->org.mariadb.jdbc.util.log.Slf4JLogger->debug := Database change: is 'edext'
09:28:56 DEBUG [AWT-EventQueue-0]->org.mariadb.jdbc.util.log.Slf4JLogger->debug := System variable change:  character_set_connection = utf8mb4
09:28:56 DEBUG [AWT-EventQueue-0]->org.mariadb.jdbc.util.log.Slf4JLogger->debug := System variable change:  character_set_client = utf8mb4
09:28:56 DEBUG [AWT-EventQueue-0]->org.mariadb.jdbc.util.log.Slf4JLogger->debug := System variable change:  character_set_results = utf8mb4
09:28:56 DEBUG [AWT-EventQueue-0]->org.mariadb.jdbc.util.log.Slf4JLogger->debug := execute query: set autocommit=0
09:28:56 DEBUG [AWT-EventQueue-0]->org.mariadb.jdbc.util.log.Slf4JLogger->debug := System variable change:  autocommit = OFF
09:28:56 DEBUG [AWT-EventQueue-0]->org.mariadb.jdbc.util.log.Slf4JLogger->debug := execute query: SELECT @@character_set_database, @@sql_mode
09:28:56 DEBUG [AWT-EventQueue-0]->org.mariadb.jdbc.util.log.Slf4JLogger->debug := execute query: select @@lower_case_table_names
09:28:56 DEBUG [AWT-EventQueue-0]->org.mariadb.jdbc.util.log.Slf4JLogger->debug := execute query: set autocommit=1
09:28:56 DEBUG [AWT-EventQueue-0]->org.mariadb.jdbc.util.log.Slf4JLogger->debug := System variable change:  autocommit = ON
09:28:58 DEBUG [AWT-EventQueue-0]->org.mariadb.jdbc.util.log.Slf4JLogger->debug := execute query: set autocommit=0
09:28:58 DEBUG [AWT-EventQueue-0]->org.mariadb.jdbc.util.log.Slf4JLogger->debug := System variable change:  autocommit = OFF
09:28:58 DEBUG [AWT-EventQueue-0]->org.mariadb.jdbc.util.log.Slf4JLogger->debug := execute query: set autocommit=1
09:28:58 DEBUG [AWT-EventQueue-0]->org.mariadb.jdbc.util.log.Slf4JLogger->debug := System variable change:  autocommit = ON
09:28:58 DEBUG [AWT-EventQueue-0]->org.mariadb.jdbc.util.log.Slf4JLogger->debug := execute query: select table_name from information_schema.TABLES where table_schema=database() and table_type='SEQUENCE'
09:28:58 DEBUG [AWT-EventQueue-0]->org.mariadb.jdbc.util.log.Slf4JLogger->debug := execute query: SELECT TABLE_SCHEMA TABLE_CAT, NULL  TABLE_SCHEM,  TABLE_NAME, IF(TABLE_TYPE='BASE TABLE' or TABLE_TYPE='SYSTEM VERSIONED', 'TABLE', IF(TABLE_TYPE='TEMPORARY', 'LOCAL TEMPORARY', TABLE_TYPE)) as TABLE_TYPE, TABLE_COMMENT REMARKS, NULL TYPE_CAT, NULL TYPE_SCHEM, NULL TYPE_NAME, NULL SELF_REFERENCING_COL_NAME,  NULL REF_GENERATION FROM INFORMATION_SCHEMA.TABLES WHERE TABLE_SCHEMA='edext' AND  TABLE_TYPE IN ('BASE TABLE','SYSTEM VERSIONED','VIEW') ORDER BY TABLE_TYPE, TABLE_SCHEMA, TABLE_NAME
09:28:58 DEBUG [AWT-EventQueue-0]->org.mariadb.jdbc.util.log.Slf4JLogger->debug := execute query: SELECT TABLE_SCHEMA TABLE_CAT, NULL TABLE_SCHEM, TABLE_NAME, COLUMN_NAME, CASE data_type WHEN 'bit' THEN -7 WHEN 'tinyblob' THEN -3 WHEN 'mediumblob' THEN -4 WHEN 'longblob' THEN -4 WHEN 'blob' THEN -4 WHEN 'tinytext' THEN 12 WHEN 'mediumtext' THEN -1 WHEN 'longtext' THEN -1 WHEN 'text' THEN -1 WHEN 'date' THEN 91 WHEN 'datetime' THEN 93 WHEN 'decimal' THEN 3 WHEN 'double' THEN 8 WHEN 'enum' THEN 12 WHEN 'float' THEN 7 WHEN 'int' THEN IF( COLUMN_TYPE like '%unsigned%', 4,4) WHEN 'bigint' THEN -5 WHEN 'mediumint' THEN 4 WHEN 'null' THEN 0 WHEN 'set' THEN 12 WHEN 'smallint' THEN IF( COLUMN_TYPE like '%unsigned%', 5,5) WHEN 'varchar' THEN 12 WHEN 'varbinary' THEN -3 WHEN 'char' THEN 1 WHEN 'binary' THEN -2 WHEN 'time' THEN 92 WHEN 'timestamp' THEN 93 WHEN 'tinyint' THEN IF(COLUMN_TYPE like 'tinyint(1)%',16,-6)  WHEN 'year' THEN 91 ELSE 1111 END  DATA_TYPE, IF(COLUMN_TYPE like 'tinyint(1)%', 'BOOLEAN',  UCASE(IF( COLUMN_TYPE LIKE '%(%)%', CONCAT(SUBSTRING( COLUMN_TYPE,1, LOCATE('(',COLUMN_TYPE) - 1 ), SUBSTRING(COLUMN_TYPE ,1+locate(')', COLUMN_TYPE))), COLUMN_TYPE))) TYPE_NAME, CASE DATA_TYPE WHEN 'date' THEN 10  WHEN 'time' THEN IF(DATETIME_PRECISION = 0, 10, CAST(11 + DATETIME_PRECISION as signed integer))  WHEN 'datetime' THEN IF(DATETIME_PRECISION = 0, 19, CAST(20 + DATETIME_PRECISION as signed integer))  WHEN 'timestamp' THEN IF(DATETIME_PRECISION = 0, 19, CAST(20 + DATETIME_PRECISION as signed integer))  ELSE   IF(NUMERIC_PRECISION IS NULL, LEAST(CHARACTER_MAXIMUM_LENGTH,2147483647), NUMERIC_PRECISION)  END COLUMN_SIZE, 65535 BUFFER_LENGTH,  CONVERT (CASE DATA_TYPE WHEN 'year' THEN NUMERIC_SCALE WHEN 'tinyint' THEN 0 ELSE NUMERIC_SCALE END, UNSIGNED INTEGER) DECIMAL_DIGITS, 10 NUM_PREC_RADIX, IF(IS_NULLABLE = 'yes',1,0) NULLABLE,COLUMN_COMMENT REMARKS, COLUMN_DEFAULT COLUMN_DEF, 0 SQL_DATA_TYPE, 0 SQL_DATETIME_SUB,   LEAST(CHARACTER_OCTET_LENGTH,2147483647) CHAR_OCTET_LENGTH, ORDINAL_POSITION, IS_NULLABLE, NULL SCOPE_CATALOG, NULL SCOPE_SCHEMA, NULL SCOPE_TABLE, NULL SOURCE_DATA_TYPE, IF(EXTRA = 'auto_increment','YES','NO') IS_AUTOINCREMENT,  IF(EXTRA in ('VIRTUAL', 'PERSISTENT', 'VIRTUAL GENERATED', 'STORED GENERATED') ,'YES','NO') IS_GENERATEDCOLUMN  FROM INFORMATION_SCHEMA.COLUMNS WHERE TABLE_SCHEMA='edext' ORDER BY TABLE_CAT, TABLE_SCHEM, TABLE_NAME, ORDINAL_POSITION
09:28:58 DEBUG [AWT-EventQueue-0]->org.mariadb.jdbc.util.log.Slf4JLogger->debug := execute query: SHOW CREATE TABLE `edext`.`Curso`
09:28:58 DEBUG [AWT-EventQueue-0]->org.mariadb.jdbc.util.log.Slf4JLogger->debug := execute query: SHOW CREATE TABLE `Instituto`
09:28:58 DEBUG [AWT-EventQueue-0]->org.mariadb.jdbc.util.log.Slf4JLogger->debug := execute query: SELECT TABLE_SCHEMA TABLE_CAT, NULL  TABLE_SCHEM,  TABLE_NAME, IF(TABLE_TYPE='BASE TABLE' or TABLE_TYPE='SYSTEM VERSIONED', 'TABLE', IF(TABLE_TYPE='TEMPORARY', 'LOCAL TEMPORARY', TABLE_TYPE)) as TABLE_TYPE, TABLE_COMMENT REMARKS, NULL TYPE_CAT, NULL TYPE_SCHEM, NULL TYPE_NAME, NULL SELF_REFERENCING_COL_NAME,  NULL REF_GENERATION FROM INFORMATION_SCHEMA.TABLES WHERE TABLE_SCHEMA='edext' AND TABLE_NAME='Instituto' AND  TABLE_TYPE IN ('BASE TABLE','SYSTEM VERSIONED','VIEW') ORDER BY TABLE_TYPE, TABLE_SCHEMA, TABLE_NAME
09:28:58 DEBUG [AWT-EventQueue-0]->org.mariadb.jdbc.util.log.Slf4JLogger->debug := execute query: select * from `edext`.`Instituto` where 1=0
09:28:58 DEBUG [AWT-EventQueue-0]->org.mariadb.jdbc.util.log.Slf4JLogger->debug := execute query: SHOW CREATE TABLE `edext`.`Edicion`
09:28:58 DEBUG [AWT-EventQueue-0]->org.mariadb.jdbc.util.log.Slf4JLogger->debug := execute query: SHOW CREATE TABLE `Curso`
09:28:58 DEBUG [AWT-EventQueue-0]->org.mariadb.jdbc.util.log.Slf4JLogger->debug := execute query: SELECT TABLE_SCHEMA TABLE_CAT, NULL  TABLE_SCHEM,  TABLE_NAME, IF(TABLE_TYPE='BASE TABLE' or TABLE_TYPE='SYSTEM VERSIONED', 'TABLE', IF(TABLE_TYPE='TEMPORARY', 'LOCAL TEMPORARY', TABLE_TYPE)) as TABLE_TYPE, TABLE_COMMENT REMARKS, NULL TYPE_CAT, NULL TYPE_SCHEM, NULL TYPE_NAME, NULL SELF_REFERENCING_COL_NAME,  NULL REF_GENERATION FROM INFORMATION_SCHEMA.TABLES WHERE TABLE_SCHEMA='edext' AND TABLE_NAME='Curso' AND  TABLE_TYPE IN ('BASE TABLE','SYSTEM VERSIONED','VIEW') ORDER BY TABLE_TYPE, TABLE_SCHEMA, TABLE_NAME
09:28:58 DEBUG [AWT-EventQueue-0]->org.mariadb.jdbc.util.log.Slf4JLogger->debug := execute query: select * from `edext`.`Curso` where 1=0
09:28:58 DEBUG [AWT-EventQueue-0]->org.mariadb.jdbc.util.log.Slf4JLogger->debug := execute query: SHOW CREATE TABLE `edext`.`InscripcionEdicion`
09:28:58 DEBUG [AWT-EventQueue-0]->org.mariadb.jdbc.util.log.Slf4JLogger->debug := execute query: SHOW CREATE TABLE `Edicion`
09:28:58 DEBUG [AWT-EventQueue-0]->org.mariadb.jdbc.util.log.Slf4JLogger->debug := execute query: SHOW CREATE TABLE `Usuario`
09:28:58 DEBUG [AWT-EventQueue-0]->org.mariadb.jdbc.util.log.Slf4JLogger->debug := execute query: SELECT TABLE_SCHEMA TABLE_CAT, NULL  TABLE_SCHEM,  TABLE_NAME, IF(TABLE_TYPE='BASE TABLE' or TABLE_TYPE='SYSTEM VERSIONED', 'TABLE', IF(TABLE_TYPE='TEMPORARY', 'LOCAL TEMPORARY', TABLE_TYPE)) as TABLE_TYPE, TABLE_COMMENT REMARKS, NULL TYPE_CAT, NULL TYPE_SCHEM, NULL TYPE_NAME, NULL SELF_REFERENCING_COL_NAME,  NULL REF_GENERATION FROM INFORMATION_SCHEMA.TABLES WHERE TABLE_SCHEMA='edext' AND TABLE_NAME='Edicion' AND  TABLE_TYPE IN ('BASE TABLE','SYSTEM VERSIONED','VIEW') ORDER BY TABLE_TYPE, TABLE_SCHEMA, TABLE_NAME
09:28:58 DEBUG [AWT-EventQueue-0]->org.mariadb.jdbc.util.log.Slf4JLogger->debug := execute query: select * from `edext`.`Edicion` where 1=0
09:28:58 DEBUG [AWT-EventQueue-0]->org.mariadb.jdbc.util.log.Slf4JLogger->debug := execute query: SELECT TABLE_SCHEMA TABLE_CAT, NULL  TABLE_SCHEM,  TABLE_NAME, IF(TABLE_TYPE='BASE TABLE' or TABLE_TYPE='SYSTEM VERSIONED', 'TABLE', IF(TABLE_TYPE='TEMPORARY', 'LOCAL TEMPORARY', TABLE_TYPE)) as TABLE_TYPE, TABLE_COMMENT REMARKS, NULL TYPE_CAT, NULL TYPE_SCHEM, NULL TYPE_NAME, NULL SELF_REFERENCING_COL_NAME,  NULL REF_GENERATION FROM INFORMATION_SCHEMA.TABLES WHERE TABLE_SCHEMA='edext' AND TABLE_NAME='Usuario' AND  TABLE_TYPE IN ('BASE TABLE','SYSTEM VERSIONED','VIEW') ORDER BY TABLE_TYPE, TABLE_SCHEMA, TABLE_NAME
09:28:58 DEBUG [AWT-EventQueue-0]->org.mariadb.jdbc.util.log.Slf4JLogger->debug := execute query: select * from `edext`.`Usuario` where 1=0
09:28:58 DEBUG [AWT-EventQueue-0]->org.mariadb.jdbc.util.log.Slf4JLogger->debug := execute query: SHOW CREATE TABLE `edext`.`InscripcionPrograma`
09:28:58 DEBUG [AWT-EventQueue-0]->org.mariadb.jdbc.util.log.Slf4JLogger->debug := execute query: SHOW CREATE TABLE `Usuario`
09:28:58 DEBUG [AWT-EventQueue-0]->org.mariadb.jdbc.util.log.Slf4JLogger->debug := execute query: SHOW CREATE TABLE `ProgramaFormacion`
09:28:58 DEBUG [AWT-EventQueue-0]->org.mariadb.jdbc.util.log.Slf4JLogger->debug := execute query: SELECT TABLE_SCHEMA TABLE_CAT, NULL  TABLE_SCHEM,  TABLE_NAME, IF(TABLE_TYPE='BASE TABLE' or TABLE_TYPE='SYSTEM VERSIONED', 'TABLE', IF(TABLE_TYPE='TEMPORARY', 'LOCAL TEMPORARY', TABLE_TYPE)) as TABLE_TYPE, TABLE_COMMENT REMARKS, NULL TYPE_CAT, NULL TYPE_SCHEM, NULL TYPE_NAME, NULL SELF_REFERENCING_COL_NAME,  NULL REF_GENERATION FROM INFORMATION_SCHEMA.TABLES WHERE TABLE_SCHEMA='edext' AND TABLE_NAME='ProgramaFormacion' AND  TABLE_TYPE IN ('BASE TABLE','SYSTEM VERSIONED','VIEW') ORDER BY TABLE_TYPE, TABLE_SCHEMA, TABLE_NAME
09:28:58 DEBUG [AWT-EventQueue-0]->org.mariadb.jdbc.util.log.Slf4JLogger->debug := execute query: select * from `edext`.`ProgramaFormacion` where 1=0
09:28:58 DEBUG [AWT-EventQueue-0]->org.mariadb.jdbc.util.log.Slf4JLogger->debug := execute query: SELECT TABLE_SCHEMA TABLE_CAT, NULL  TABLE_SCHEM,  TABLE_NAME, IF(TABLE_TYPE='BASE TABLE' or TABLE_TYPE='SYSTEM VERSIONED', 'TABLE', IF(TABLE_TYPE='TEMPORARY', 'LOCAL TEMPORARY', TABLE_TYPE)) as TABLE_TYPE, TABLE_COMMENT REMARKS, NULL TYPE_CAT, NULL TYPE_SCHEM, NULL TYPE_NAME, NULL SELF_REFERENCING_COL_NAME,  NULL REF_GENERATION FROM INFORMATION_SCHEMA.TABLES WHERE TABLE_SCHEMA='edext' AND TABLE_NAME='Usuario' AND  TABLE_TYPE IN ('BASE TABLE','SYSTEM VERSIONED','VIEW') ORDER BY TABLE_TYPE, TABLE_SCHEMA, TABLE_NAME
09:28:58 DEBUG [AWT-EventQueue-0]->org.mariadb.jdbc.util.log.Slf4JLogger->debug := execute query: select * from `edext`.`Usuario` where 1=0
09:28:58 DEBUG [AWT-EventQueue-0]->org.mariadb.jdbc.util.log.Slf4JLogger->debug := execute query: SHOW CREATE TABLE `edext`.`Integra`
09:28:58 DEBUG [AWT-EventQueue-0]->org.mariadb.jdbc.util.log.Slf4JLogger->debug := execute query: SHOW CREATE TABLE `ProgramaFormacion`
09:28:58 DEBUG [AWT-EventQueue-0]->org.mariadb.jdbc.util.log.Slf4JLogger->debug := execute query: SHOW CREATE TABLE `Curso`
09:28:58 DEBUG [AWT-EventQueue-0]->org.mariadb.jdbc.util.log.Slf4JLogger->debug := execute query: SELECT TABLE_SCHEMA TABLE_CAT, NULL  TABLE_SCHEM,  TABLE_NAME, IF(TABLE_TYPE='BASE TABLE' or TABLE_TYPE='SYSTEM VERSIONED', 'TABLE', IF(TABLE_TYPE='TEMPORARY', 'LOCAL TEMPORARY', TABLE_TYPE)) as TABLE_TYPE, TABLE_COMMENT REMARKS, NULL TYPE_CAT, NULL TYPE_SCHEM, NULL TYPE_NAME, NULL SELF_REFERENCING_COL_NAME,  NULL REF_GENERATION FROM INFORMATION_SCHEMA.TABLES WHERE TABLE_SCHEMA='edext' AND TABLE_NAME='Curso' AND  TABLE_TYPE IN ('BASE TABLE','SYSTEM VERSIONED','VIEW') ORDER BY TABLE_TYPE, TABLE_SCHEMA, TABLE_NAME
09:28:58 DEBUG [AWT-EventQueue-0]->org.mariadb.jdbc.util.log.Slf4JLogger->debug := execute query: select * from `edext`.`Curso` where 1=0
09:28:58 DEBUG [AWT-EventQueue-0]->org.mariadb.jdbc.util.log.Slf4JLogger->debug := execute query: SELECT TABLE_SCHEMA TABLE_CAT, NULL  TABLE_SCHEM,  TABLE_NAME, IF(TABLE_TYPE='BASE TABLE' or TABLE_TYPE='SYSTEM VERSIONED', 'TABLE', IF(TABLE_TYPE='TEMPORARY', 'LOCAL TEMPORARY', TABLE_TYPE)) as TABLE_TYPE, TABLE_COMMENT REMARKS, NULL TYPE_CAT, NULL TYPE_SCHEM, NULL TYPE_NAME, NULL SELF_REFERENCING_COL_NAME,  NULL REF_GENERATION FROM INFORMATION_SCHEMA.TABLES WHERE TABLE_SCHEMA='edext' AND TABLE_NAME='ProgramaFormacion' AND  TABLE_TYPE IN ('BASE TABLE','SYSTEM VERSIONED','VIEW') ORDER BY TABLE_TYPE, TABLE_SCHEMA, TABLE_NAME
09:28:58 DEBUG [AWT-EventQueue-0]->org.mariadb.jdbc.util.log.Slf4JLogger->debug := execute query: select * from `edext`.`ProgramaFormacion` where 1=0
09:28:58 DEBUG [AWT-EventQueue-0]->org.mariadb.jdbc.util.log.Slf4JLogger->debug := execute query: SHOW CREATE TABLE `edext`.`Organiza`
09:28:58 DEBUG [AWT-EventQueue-0]->org.mariadb.jdbc.util.log.Slf4JLogger->debug := execute query: SHOW CREATE TABLE `Edicion`
09:28:58 DEBUG [AWT-EventQueue-0]->org.mariadb.jdbc.util.log.Slf4JLogger->debug := execute query: SHOW CREATE TABLE `Usuario`
09:28:58 DEBUG [AWT-EventQueue-0]->org.mariadb.jdbc.util.log.Slf4JLogger->debug := execute query: SELECT TABLE_SCHEMA TABLE_CAT, NULL  TABLE_SCHEM,  TABLE_NAME, IF(TABLE_TYPE='BASE TABLE' or TABLE_TYPE='SYSTEM VERSIONED', 'TABLE', IF(TABLE_TYPE='TEMPORARY', 'LOCAL TEMPORARY', TABLE_TYPE)) as TABLE_TYPE, TABLE_COMMENT REMARKS, NULL TYPE_CAT, NULL TYPE_SCHEM, NULL TYPE_NAME, NULL SELF_REFERENCING_COL_NAME,  NULL REF_GENERATION FROM INFORMATION_SCHEMA.TABLES WHERE TABLE_SCHEMA='edext' AND TABLE_NAME='Edicion' AND  TABLE_TYPE IN ('BASE TABLE','SYSTEM VERSIONED','VIEW') ORDER BY TABLE_TYPE, TABLE_SCHEMA, TABLE_NAME
09:28:58 DEBUG [AWT-EventQueue-0]->org.mariadb.jdbc.util.log.Slf4JLogger->debug := execute query: select * from `edext`.`Edicion` where 1=0
09:28:58 DEBUG [AWT-EventQueue-0]->org.mariadb.jdbc.util.log.Slf4JLogger->debug := execute query: SELECT TABLE_SCHEMA TABLE_CAT, NULL  TABLE_SCHEM,  TABLE_NAME, IF(TABLE_TYPE='BASE TABLE' or TABLE_TYPE='SYSTEM VERSIONED', 'TABLE', IF(TABLE_TYPE='TEMPORARY', 'LOCAL TEMPORARY', TABLE_TYPE)) as TABLE_TYPE, TABLE_COMMENT REMARKS, NULL TYPE_CAT, NULL TYPE_SCHEM, NULL TYPE_NAME, NULL SELF_REFERENCING_COL_NAME,  NULL REF_GENERATION FROM INFORMATION_SCHEMA.TABLES WHERE TABLE_SCHEMA='edext' AND TABLE_NAME='Usuario' AND  TABLE_TYPE IN ('BASE TABLE','SYSTEM VERSIONED','VIEW') ORDER BY TABLE_TYPE, TABLE_SCHEMA, TABLE_NAME
09:28:58 DEBUG [AWT-EventQueue-0]->org.mariadb.jdbc.util.log.Slf4JLogger->debug := execute query: select * from `edext`.`Usuario` where 1=0
09:28:58 DEBUG [AWT-EventQueue-0]->org.mariadb.jdbc.util.log.Slf4JLogger->debug := execute query: SHOW CREATE TABLE `edext`.`Pertenece`
09:28:58 DEBUG [AWT-EventQueue-0]->org.mariadb.jdbc.util.log.Slf4JLogger->debug := execute query: SHOW CREATE TABLE `Usuario`
09:28:58 DEBUG [AWT-EventQueue-0]->org.mariadb.jdbc.util.log.Slf4JLogger->debug := execute query: SHOW CREATE TABLE `Instituto`
09:28:58 DEBUG [AWT-EventQueue-0]->org.mariadb.jdbc.util.log.Slf4JLogger->debug := execute query: SELECT TABLE_SCHEMA TABLE_CAT, NULL  TABLE_SCHEM,  TABLE_NAME, IF(TABLE_TYPE='BASE TABLE' or TABLE_TYPE='SYSTEM VERSIONED', 'TABLE', IF(TABLE_TYPE='TEMPORARY', 'LOCAL TEMPORARY', TABLE_TYPE)) as TABLE_TYPE, TABLE_COMMENT REMARKS, NULL TYPE_CAT, NULL TYPE_SCHEM, NULL TYPE_NAME, NULL SELF_REFERENCING_COL_NAME,  NULL REF_GENERATION FROM INFORMATION_SCHEMA.TABLES WHERE TABLE_SCHEMA='edext' AND TABLE_NAME='Instituto' AND  TABLE_TYPE IN ('BASE TABLE','SYSTEM VERSIONED','VIEW') ORDER BY TABLE_TYPE, TABLE_SCHEMA, TABLE_NAME
09:28:58 DEBUG [AWT-EventQueue-0]->org.mariadb.jdbc.util.log.Slf4JLogger->debug := execute query: select * from `edext`.`Instituto` where 1=0
09:28:58 DEBUG [AWT-EventQueue-0]->org.mariadb.jdbc.util.log.Slf4JLogger->debug := execute query: SELECT TABLE_SCHEMA TABLE_CAT, NULL  TABLE_SCHEM,  TABLE_NAME, IF(TABLE_TYPE='BASE TABLE' or TABLE_TYPE='SYSTEM VERSIONED', 'TABLE', IF(TABLE_TYPE='TEMPORARY', 'LOCAL TEMPORARY', TABLE_TYPE)) as TABLE_TYPE, TABLE_COMMENT REMARKS, NULL TYPE_CAT, NULL TYPE_SCHEM, NULL TYPE_NAME, NULL SELF_REFERENCING_COL_NAME,  NULL REF_GENERATION FROM INFORMATION_SCHEMA.TABLES WHERE TABLE_SCHEMA='edext' AND TABLE_NAME='Usuario' AND  TABLE_TYPE IN ('BASE TABLE','SYSTEM VERSIONED','VIEW') ORDER BY TABLE_TYPE, TABLE_SCHEMA, TABLE_NAME
09:28:58 DEBUG [AWT-EventQueue-0]->org.mariadb.jdbc.util.log.Slf4JLogger->debug := execute query: select * from `edext`.`Usuario` where 1=0
09:28:58 DEBUG [AWT-EventQueue-0]->org.mariadb.jdbc.util.log.Slf4JLogger->debug := execute query: SHOW CREATE TABLE `edext`.`Previas`
09:28:58 DEBUG [AWT-EventQueue-0]->org.mariadb.jdbc.util.log.Slf4JLogger->debug := execute query: SHOW CREATE TABLE `Curso`
09:28:58 DEBUG [AWT-EventQueue-0]->org.mariadb.jdbc.util.log.Slf4JLogger->debug := execute query: SHOW CREATE TABLE `Curso`
09:28:58 DEBUG [AWT-EventQueue-0]->org.mariadb.jdbc.util.log.Slf4JLogger->debug := execute query: SELECT TABLE_SCHEMA TABLE_CAT, NULL  TABLE_SCHEM,  TABLE_NAME, IF(TABLE_TYPE='BASE TABLE' or TABLE_TYPE='SYSTEM VERSIONED', 'TABLE', IF(TABLE_TYPE='TEMPORARY', 'LOCAL TEMPORARY', TABLE_TYPE)) as TABLE_TYPE, TABLE_COMMENT REMARKS, NULL TYPE_CAT, NULL TYPE_SCHEM, NULL TYPE_NAME, NULL SELF_REFERENCING_COL_NAME,  NULL REF_GENERATION FROM INFORMATION_SCHEMA.TABLES WHERE TABLE_SCHEMA='edext' AND TABLE_NAME='Curso' AND  TABLE_TYPE IN ('BASE TABLE','SYSTEM VERSIONED','VIEW') ORDER BY TABLE_TYPE, TABLE_SCHEMA, TABLE_NAME
09:28:58 DEBUG [AWT-EventQueue-0]->org.mariadb.jdbc.util.log.Slf4JLogger->debug := execute query: select * from `edext`.`Curso` where 1=0
09:28:58 DEBUG [AWT-EventQueue-0]->org.mariadb.jdbc.util.log.Slf4JLogger->debug := execute query: SELECT TABLE_SCHEMA TABLE_CAT, NULL  TABLE_SCHEM,  TABLE_NAME, IF(TABLE_TYPE='BASE TABLE' or TABLE_TYPE='SYSTEM VERSIONED', 'TABLE', IF(TABLE_TYPE='TEMPORARY', 'LOCAL TEMPORARY', TABLE_TYPE)) as TABLE_TYPE, TABLE_COMMENT REMARKS, NULL TYPE_CAT, NULL TYPE_SCHEM, NULL TYPE_NAME, NULL SELF_REFERENCING_COL_NAME,  NULL REF_GENERATION FROM INFORMATION_SCHEMA.TABLES WHERE TABLE_SCHEMA='edext' AND TABLE_NAME='Curso' AND  TABLE_TYPE IN ('BASE TABLE','SYSTEM VERSIONED','VIEW') ORDER BY TABLE_TYPE, TABLE_SCHEMA, TABLE_NAME
09:28:58 DEBUG [AWT-EventQueue-0]->org.mariadb.jdbc.util.log.Slf4JLogger->debug := execute query: select * from `edext`.`Curso` where 1=0
09:28:58 DEBUG [AWT-EventQueue-0]->org.mariadb.jdbc.util.log.Slf4JLogger->debug := execute query: set autocommit=0
09:28:58 DEBUG [AWT-EventQueue-0]->org.mariadb.jdbc.util.log.Slf4JLogger->debug := System variable change:  autocommit = OFF
09:28:58 DEBUG [AWT-EventQueue-0]->org.mariadb.jdbc.util.log.Slf4JLogger->debug := execute query: set autocommit=1
09:28:58 DEBUG [AWT-EventQueue-0]->org.mariadb.jdbc.util.log.Slf4JLogger->debug := System variable change:  autocommit = ON
09:28:59 DEBUG [AWT-EventQueue-0]->org.mariadb.jdbc.util.log.Slf4JLogger->debug := execute query: set autocommit=0
09:28:59 DEBUG [AWT-EventQueue-0]->org.mariadb.jdbc.util.log.Slf4JLogger->debug := System variable change:  autocommit = OFF
09:28:59 DEBUG [AWT-EventQueue-0]->org.mariadb.jdbc.util.log.Slf4JLogger->debug := execute query: select i1_0.nombre from Instituto i1_0
09:28:59 DEBUG [AWT-EventQueue-0]->org.mariadb.jdbc.util.log.Slf4JLogger->debug := execute query: set autocommit=1
09:28:59 DEBUG [AWT-EventQueue-0]->org.mariadb.jdbc.util.log.Slf4JLogger->debug := System variable change:  autocommit = ON
09:31:00 DEBUG [AWT-EventQueue-0]->org.mariadb.jdbc.util.log.Slf4JLogger->debug := execute query: CREATE DATABASE IF NOT EXISTS `edext`
09:31:00 DEBUG [AWT-EventQueue-0]->org.mariadb.jdbc.util.log.Slf4JLogger->debug := execute query: USE `edext`
09:31:00 DEBUG [AWT-EventQueue-0]->org.mariadb.jdbc.util.log.Slf4JLogger->debug := execute query: SET NAMES utf8mb4
09:31:00 DEBUG [AWT-EventQueue-0]->org.mariadb.jdbc.util.log.Slf4JLogger->debug := Database change: is 'edext'
09:31:00 DEBUG [AWT-EventQueue-0]->org.mariadb.jdbc.util.log.Slf4JLogger->debug := System variable change:  character_set_connection = utf8mb4
09:31:00 DEBUG [AWT-EventQueue-0]->org.mariadb.jdbc.util.log.Slf4JLogger->debug := System variable change:  character_set_client = utf8mb4
09:31:00 DEBUG [AWT-EventQueue-0]->org.mariadb.jdbc.util.log.Slf4JLogger->debug := System variable change:  character_set_results = utf8mb4
09:31:00 DEBUG [AWT-EventQueue-0]->org.mariadb.jdbc.util.log.Slf4JLogger->debug := execute query: set autocommit=0
09:31:00 DEBUG [AWT-EventQueue-0]->org.mariadb.jdbc.util.log.Slf4JLogger->debug := System variable change:  autocommit = OFF
09:31:00 DEBUG [AWT-EventQueue-0]->org.mariadb.jdbc.util.log.Slf4JLogger->debug := execute query: SELECT @@character_set_database, @@sql_mode
09:31:00 DEBUG [AWT-EventQueue-0]->org.mariadb.jdbc.util.log.Slf4JLogger->debug := execute query: select @@lower_case_table_names
09:31:00 DEBUG [AWT-EventQueue-0]->org.mariadb.jdbc.util.log.Slf4JLogger->debug := execute query: set autocommit=1
09:31:00 DEBUG [AWT-EventQueue-0]->org.mariadb.jdbc.util.log.Slf4JLogger->debug := System variable change:  autocommit = ON
09:31:03 DEBUG [AWT-EventQueue-0]->org.mariadb.jdbc.util.log.Slf4JLogger->debug := execute query: set autocommit=0
09:31:03 DEBUG [AWT-EventQueue-0]->org.mariadb.jdbc.util.log.Slf4JLogger->debug := System variable change:  autocommit = OFF
09:31:03 DEBUG [AWT-EventQueue-0]->org.mariadb.jdbc.util.log.Slf4JLogger->debug := execute query: set autocommit=1
09:31:03 DEBUG [AWT-EventQueue-0]->org.mariadb.jdbc.util.log.Slf4JLogger->debug := System variable change:  autocommit = ON
09:31:03 DEBUG [AWT-EventQueue-0]->org.mariadb.jdbc.util.log.Slf4JLogger->debug := execute query: select table_name from information_schema.TABLES where table_schema=database() and table_type='SEQUENCE'
09:31:03 DEBUG [AWT-EventQueue-0]->org.mariadb.jdbc.util.log.Slf4JLogger->debug := execute query: SELECT TABLE_SCHEMA TABLE_CAT, NULL  TABLE_SCHEM,  TABLE_NAME, IF(TABLE_TYPE='BASE TABLE' or TABLE_TYPE='SYSTEM VERSIONED', 'TABLE', IF(TABLE_TYPE='TEMPORARY', 'LOCAL TEMPORARY', TABLE_TYPE)) as TABLE_TYPE, TABLE_COMMENT REMARKS, NULL TYPE_CAT, NULL TYPE_SCHEM, NULL TYPE_NAME, NULL SELF_REFERENCING_COL_NAME,  NULL REF_GENERATION FROM INFORMATION_SCHEMA.TABLES WHERE TABLE_SCHEMA='edext' AND  TABLE_TYPE IN ('BASE TABLE','SYSTEM VERSIONED','VIEW') ORDER BY TABLE_TYPE, TABLE_SCHEMA, TABLE_NAME
09:31:03 DEBUG [AWT-EventQueue-0]->org.mariadb.jdbc.util.log.Slf4JLogger->debug := execute query: SELECT TABLE_SCHEMA TABLE_CAT, NULL TABLE_SCHEM, TABLE_NAME, COLUMN_NAME, CASE data_type WHEN 'bit' THEN -7 WHEN 'tinyblob' THEN -3 WHEN 'mediumblob' THEN -4 WHEN 'longblob' THEN -4 WHEN 'blob' THEN -4 WHEN 'tinytext' THEN 12 WHEN 'mediumtext' THEN -1 WHEN 'longtext' THEN -1 WHEN 'text' THEN -1 WHEN 'date' THEN 91 WHEN 'datetime' THEN 93 WHEN 'decimal' THEN 3 WHEN 'double' THEN 8 WHEN 'enum' THEN 12 WHEN 'float' THEN 7 WHEN 'int' THEN IF( COLUMN_TYPE like '%unsigned%', 4,4) WHEN 'bigint' THEN -5 WHEN 'mediumint' THEN 4 WHEN 'null' THEN 0 WHEN 'set' THEN 12 WHEN 'smallint' THEN IF( COLUMN_TYPE like '%unsigned%', 5,5) WHEN 'varchar' THEN 12 WHEN 'varbinary' THEN -3 WHEN 'char' THEN 1 WHEN 'binary' THEN -2 WHEN 'time' THEN 92 WHEN 'timestamp' THEN 93 WHEN 'tinyint' THEN IF(COLUMN_TYPE like 'tinyint(1)%',16,-6)  WHEN 'year' THEN 91 ELSE 1111 END  DATA_TYPE, IF(COLUMN_TYPE like 'tinyint(1)%', 'BOOLEAN',  UCASE(IF( COLUMN_TYPE LIKE '%(%)%', CONCAT(SUBSTRING( COLUMN_TYPE,1, LOCATE('(',COLUMN_TYPE) - 1 ), SUBSTRING(COLUMN_TYPE ,1+locate(')', COLUMN_TYPE))), COLUMN_TYPE))) TYPE_NAME, CASE DATA_TYPE WHEN 'date' THEN 10  WHEN 'time' THEN IF(DATETIME_PRECISION = 0, 10, CAST(11 + DATETIME_PRECISION as signed integer))  WHEN 'datetime' THEN IF(DATETIME_PRECISION = 0, 19, CAST(20 + DATETIME_PRECISION as signed integer))  WHEN 'timestamp' THEN IF(DATETIME_PRECISION = 0, 19, CAST(20 + DATETIME_PRECISION as signed integer))  ELSE   IF(NUMERIC_PRECISION IS NULL, LEAST(CHARACTER_MAXIMUM_LENGTH,2147483647), NUMERIC_PRECISION)  END COLUMN_SIZE, 65535 BUFFER_LENGTH,  CONVERT (CASE DATA_TYPE WHEN 'year' THEN NUMERIC_SCALE WHEN 'tinyint' THEN 0 ELSE NUMERIC_SCALE END, UNSIGNED INTEGER) DECIMAL_DIGITS, 10 NUM_PREC_RADIX, IF(IS_NULLABLE = 'yes',1,0) NULLABLE,COLUMN_COMMENT REMARKS, COLUMN_DEFAULT COLUMN_DEF, 0 SQL_DATA_TYPE, 0 SQL_DATETIME_SUB,   LEAST(CHARACTER_OCTET_LENGTH,2147483647) CHAR_OCTET_LENGTH, ORDINAL_POSITION, IS_NULLABLE, NULL SCOPE_CATALOG, NULL SCOPE_SCHEMA, NULL SCOPE_TABLE, NULL SOURCE_DATA_TYPE, IF(EXTRA = 'auto_increment','YES','NO') IS_AUTOINCREMENT,  IF(EXTRA in ('VIRTUAL', 'PERSISTENT', 'VIRTUAL GENERATED', 'STORED GENERATED') ,'YES','NO') IS_GENERATEDCOLUMN  FROM INFORMATION_SCHEMA.COLUMNS WHERE TABLE_SCHEMA='edext' ORDER BY TABLE_CAT, TABLE_SCHEM, TABLE_NAME, ORDINAL_POSITION
09:31:03 DEBUG [AWT-EventQueue-0]->org.mariadb.jdbc.util.log.Slf4JLogger->debug := execute query: SHOW CREATE TABLE `edext`.`Curso`
09:31:03 DEBUG [AWT-EventQueue-0]->org.mariadb.jdbc.util.log.Slf4JLogger->debug := execute query: SHOW CREATE TABLE `Instituto`
09:31:03 DEBUG [AWT-EventQueue-0]->org.mariadb.jdbc.util.log.Slf4JLogger->debug := execute query: SELECT TABLE_SCHEMA TABLE_CAT, NULL  TABLE_SCHEM,  TABLE_NAME, IF(TABLE_TYPE='BASE TABLE' or TABLE_TYPE='SYSTEM VERSIONED', 'TABLE', IF(TABLE_TYPE='TEMPORARY', 'LOCAL TEMPORARY', TABLE_TYPE)) as TABLE_TYPE, TABLE_COMMENT REMARKS, NULL TYPE_CAT, NULL TYPE_SCHEM, NULL TYPE_NAME, NULL SELF_REFERENCING_COL_NAME,  NULL REF_GENERATION FROM INFORMATION_SCHEMA.TABLES WHERE TABLE_SCHEMA='edext' AND TABLE_NAME='Instituto' AND  TABLE_TYPE IN ('BASE TABLE','SYSTEM VERSIONED','VIEW') ORDER BY TABLE_TYPE, TABLE_SCHEMA, TABLE_NAME
09:31:03 DEBUG [AWT-EventQueue-0]->org.mariadb.jdbc.util.log.Slf4JLogger->debug := execute query: select * from `edext`.`Instituto` where 1=0
09:31:03 DEBUG [AWT-EventQueue-0]->org.mariadb.jdbc.util.log.Slf4JLogger->debug := execute query: SHOW CREATE TABLE `edext`.`Edicion`
09:31:03 DEBUG [AWT-EventQueue-0]->org.mariadb.jdbc.util.log.Slf4JLogger->debug := execute query: SHOW CREATE TABLE `Curso`
09:31:03 DEBUG [AWT-EventQueue-0]->org.mariadb.jdbc.util.log.Slf4JLogger->debug := execute query: SELECT TABLE_SCHEMA TABLE_CAT, NULL  TABLE_SCHEM,  TABLE_NAME, IF(TABLE_TYPE='BASE TABLE' or TABLE_TYPE='SYSTEM VERSIONED', 'TABLE', IF(TABLE_TYPE='TEMPORARY', 'LOCAL TEMPORARY', TABLE_TYPE)) as TABLE_TYPE, TABLE_COMMENT REMARKS, NULL TYPE_CAT, NULL TYPE_SCHEM, NULL TYPE_NAME, NULL SELF_REFERENCING_COL_NAME,  NULL REF_GENERATION FROM INFORMATION_SCHEMA.TABLES WHERE TABLE_SCHEMA='edext' AND TABLE_NAME='Curso' AND  TABLE_TYPE IN ('BASE TABLE','SYSTEM VERSIONED','VIEW') ORDER BY TABLE_TYPE, TABLE_SCHEMA, TABLE_NAME
09:31:03 DEBUG [AWT-EventQueue-0]->org.mariadb.jdbc.util.log.Slf4JLogger->debug := execute query: select * from `edext`.`Curso` where 1=0
09:31:03 DEBUG [AWT-EventQueue-0]->org.mariadb.jdbc.util.log.Slf4JLogger->debug := execute query: SHOW CREATE TABLE `edext`.`InscripcionEdicion`
09:31:03 DEBUG [AWT-EventQueue-0]->org.mariadb.jdbc.util.log.Slf4JLogger->debug := execute query: SHOW CREATE TABLE `Edicion`
09:31:03 DEBUG [AWT-EventQueue-0]->org.mariadb.jdbc.util.log.Slf4JLogger->debug := execute query: SHOW CREATE TABLE `Usuario`
09:31:03 DEBUG [AWT-EventQueue-0]->org.mariadb.jdbc.util.log.Slf4JLogger->debug := execute query: SELECT TABLE_SCHEMA TABLE_CAT, NULL  TABLE_SCHEM,  TABLE_NAME, IF(TABLE_TYPE='BASE TABLE' or TABLE_TYPE='SYSTEM VERSIONED', 'TABLE', IF(TABLE_TYPE='TEMPORARY', 'LOCAL TEMPORARY', TABLE_TYPE)) as TABLE_TYPE, TABLE_COMMENT REMARKS, NULL TYPE_CAT, NULL TYPE_SCHEM, NULL TYPE_NAME, NULL SELF_REFERENCING_COL_NAME,  NULL REF_GENERATION FROM INFORMATION_SCHEMA.TABLES WHERE TABLE_SCHEMA='edext' AND TABLE_NAME='Edicion' AND  TABLE_TYPE IN ('BASE TABLE','SYSTEM VERSIONED','VIEW') ORDER BY TABLE_TYPE, TABLE_SCHEMA, TABLE_NAME
09:31:03 DEBUG [AWT-EventQueue-0]->org.mariadb.jdbc.util.log.Slf4JLogger->debug := execute query: select * from `edext`.`Edicion` where 1=0
09:31:03 DEBUG [AWT-EventQueue-0]->org.mariadb.jdbc.util.log.Slf4JLogger->debug := execute query: SELECT TABLE_SCHEMA TABLE_CAT, NULL  TABLE_SCHEM,  TABLE_NAME, IF(TABLE_TYPE='BASE TABLE' or TABLE_TYPE='SYSTEM VERSIONED', 'TABLE', IF(TABLE_TYPE='TEMPORARY', 'LOCAL TEMPORARY', TABLE_TYPE)) as TABLE_TYPE, TABLE_COMMENT REMARKS, NULL TYPE_CAT, NULL TYPE_SCHEM, NULL TYPE_NAME, NULL SELF_REFERENCING_COL_NAME,  NULL REF_GENERATION FROM INFORMATION_SCHEMA.TABLES WHERE TABLE_SCHEMA='edext' AND TABLE_NAME='Usuario' AND  TABLE_TYPE IN ('BASE TABLE','SYSTEM VERSIONED','VIEW') ORDER BY TABLE_TYPE, TABLE_SCHEMA, TABLE_NAME
09:31:03 DEBUG [AWT-EventQueue-0]->org.mariadb.jdbc.util.log.Slf4JLogger->debug := execute query: select * from `edext`.`Usuario` where 1=0
09:31:03 DEBUG [AWT-EventQueue-0]->org.mariadb.jdbc.util.log.Slf4JLogger->debug := execute query: SHOW CREATE TABLE `edext`.`InscripcionPrograma`
09:31:03 DEBUG [AWT-EventQueue-0]->org.mariadb.jdbc.util.log.Slf4JLogger->debug := execute query: SHOW CREATE TABLE `Usuario`
09:31:03 DEBUG [AWT-EventQueue-0]->org.mariadb.jdbc.util.log.Slf4JLogger->debug := execute query: SHOW CREATE TABLE `ProgramaFormacion`
09:31:03 DEBUG [AWT-EventQueue-0]->org.mariadb.jdbc.util.log.Slf4JLogger->debug := execute query: SELECT TABLE_SCHEMA TABLE_CAT, NULL  TABLE_SCHEM,  TABLE_NAME, IF(TABLE_TYPE='BASE TABLE' or TABLE_TYPE='SYSTEM VERSIONED', 'TABLE', IF(TABLE_TYPE='TEMPORARY', 'LOCAL TEMPORARY', TABLE_TYPE)) as TABLE_TYPE, TABLE_COMMENT REMARKS, NULL TYPE_CAT, NULL TYPE_SCHEM, NULL TYPE_NAME, NULL SELF_REFERENCING_COL_NAME,  NULL REF_GENERATION FROM INFORMATION_SCHEMA.TABLES WHERE TABLE_SCHEMA='edext' AND TABLE_NAME='ProgramaFormacion' AND  TABLE_TYPE IN ('BASE TABLE','SYSTEM VERSIONED','VIEW') ORDER BY TABLE_TYPE, TABLE_SCHEMA, TABLE_NAME
09:31:03 DEBUG [AWT-EventQueue-0]->org.mariadb.jdbc.util.log.Slf4JLogger->debug := execute query: select * from `edext`.`ProgramaFormacion` where 1=0
09:31:03 DEBUG [AWT-EventQueue-0]->org.mariadb.jdbc.util.log.Slf4JLogger->debug := execute query: SELECT TABLE_SCHEMA TABLE_CAT, NULL  TABLE_SCHEM,  TABLE_NAME, IF(TABLE_TYPE='BASE TABLE' or TABLE_TYPE='SYSTEM VERSIONED', 'TABLE', IF(TABLE_TYPE='TEMPORARY', 'LOCAL TEMPORARY', TABLE_TYPE)) as TABLE_TYPE, TABLE_COMMENT REMARKS, NULL TYPE_CAT, NULL TYPE_SCHEM, NULL TYPE_NAME, NULL SELF_REFERENCING_COL_NAME,  NULL REF_GENERATION FROM INFORMATION_SCHEMA.TABLES WHERE TABLE_SCHEMA='edext' AND TABLE_NAME='Usuario' AND  TABLE_TYPE IN ('BASE TABLE','SYSTEM VERSIONED','VIEW') ORDER BY TABLE_TYPE, TABLE_SCHEMA, TABLE_NAME
09:31:03 DEBUG [AWT-EventQueue-0]->org.mariadb.jdbc.util.log.Slf4JLogger->debug := execute query: select * from `edext`.`Usuario` where 1=0
09:31:03 DEBUG [AWT-EventQueue-0]->org.mariadb.jdbc.util.log.Slf4JLogger->debug := execute query: SHOW CREATE TABLE `edext`.`Integra`
09:31:03 DEBUG [AWT-EventQueue-0]->org.mariadb.jdbc.util.log.Slf4JLogger->debug := execute query: SHOW CREATE TABLE `ProgramaFormacion`
09:31:03 DEBUG [AWT-EventQueue-0]->org.mariadb.jdbc.util.log.Slf4JLogger->debug := execute query: SHOW CREATE TABLE `Curso`
09:31:03 DEBUG [AWT-EventQueue-0]->org.mariadb.jdbc.util.log.Slf4JLogger->debug := execute query: SELECT TABLE_SCHEMA TABLE_CAT, NULL  TABLE_SCHEM,  TABLE_NAME, IF(TABLE_TYPE='BASE TABLE' or TABLE_TYPE='SYSTEM VERSIONED', 'TABLE', IF(TABLE_TYPE='TEMPORARY', 'LOCAL TEMPORARY', TABLE_TYPE)) as TABLE_TYPE, TABLE_COMMENT REMARKS, NULL TYPE_CAT, NULL TYPE_SCHEM, NULL TYPE_NAME, NULL SELF_REFERENCING_COL_NAME,  NULL REF_GENERATION FROM INFORMATION_SCHEMA.TABLES WHERE TABLE_SCHEMA='edext' AND TABLE_NAME='Curso' AND  TABLE_TYPE IN ('BASE TABLE','SYSTEM VERSIONED','VIEW') ORDER BY TABLE_TYPE, TABLE_SCHEMA, TABLE_NAME
09:31:03 DEBUG [AWT-EventQueue-0]->org.mariadb.jdbc.util.log.Slf4JLogger->debug := execute query: select * from `edext`.`Curso` where 1=0
09:31:03 DEBUG [AWT-EventQueue-0]->org.mariadb.jdbc.util.log.Slf4JLogger->debug := execute query: SELECT TABLE_SCHEMA TABLE_CAT, NULL  TABLE_SCHEM,  TABLE_NAME, IF(TABLE_TYPE='BASE TABLE' or TABLE_TYPE='SYSTEM VERSIONED', 'TABLE', IF(TABLE_TYPE='TEMPORARY', 'LOCAL TEMPORARY', TABLE_TYPE)) as TABLE_TYPE, TABLE_COMMENT REMARKS, NULL TYPE_CAT, NULL TYPE_SCHEM, NULL TYPE_NAME, NULL SELF_REFERENCING_COL_NAME,  NULL REF_GENERATION FROM INFORMATION_SCHEMA.TABLES WHERE TABLE_SCHEMA='edext' AND TABLE_NAME='ProgramaFormacion' AND  TABLE_TYPE IN ('BASE TABLE','SYSTEM VERSIONED','VIEW') ORDER BY TABLE_TYPE, TABLE_SCHEMA, TABLE_NAME
09:31:03 DEBUG [AWT-EventQueue-0]->org.mariadb.jdbc.util.log.Slf4JLogger->debug := execute query: select * from `edext`.`ProgramaFormacion` where 1=0
09:31:03 DEBUG [AWT-EventQueue-0]->org.mariadb.jdbc.util.log.Slf4JLogger->debug := execute query: SHOW CREATE TABLE `edext`.`Organiza`
09:31:03 DEBUG [AWT-EventQueue-0]->org.mariadb.jdbc.util.log.Slf4JLogger->debug := execute query: SHOW CREATE TABLE `Edicion`
09:31:03 DEBUG [AWT-EventQueue-0]->org.mariadb.jdbc.util.log.Slf4JLogger->debug := execute query: SHOW CREATE TABLE `Usuario`
09:31:03 DEBUG [AWT-EventQueue-0]->org.mariadb.jdbc.util.log.Slf4JLogger->debug := execute query: SELECT TABLE_SCHEMA TABLE_CAT, NULL  TABLE_SCHEM,  TABLE_NAME, IF(TABLE_TYPE='BASE TABLE' or TABLE_TYPE='SYSTEM VERSIONED', 'TABLE', IF(TABLE_TYPE='TEMPORARY', 'LOCAL TEMPORARY', TABLE_TYPE)) as TABLE_TYPE, TABLE_COMMENT REMARKS, NULL TYPE_CAT, NULL TYPE_SCHEM, NULL TYPE_NAME, NULL SELF_REFERENCING_COL_NAME,  NULL REF_GENERATION FROM INFORMATION_SCHEMA.TABLES WHERE TABLE_SCHEMA='edext' AND TABLE_NAME='Edicion' AND  TABLE_TYPE IN ('BASE TABLE','SYSTEM VERSIONED','VIEW') ORDER BY TABLE_TYPE, TABLE_SCHEMA, TABLE_NAME
09:31:03 DEBUG [AWT-EventQueue-0]->org.mariadb.jdbc.util.log.Slf4JLogger->debug := execute query: select * from `edext`.`Edicion` where 1=0
09:31:03 DEBUG [AWT-EventQueue-0]->org.mariadb.jdbc.util.log.Slf4JLogger->debug := execute query: SELECT TABLE_SCHEMA TABLE_CAT, NULL  TABLE_SCHEM,  TABLE_NAME, IF(TABLE_TYPE='BASE TABLE' or TABLE_TYPE='SYSTEM VERSIONED', 'TABLE', IF(TABLE_TYPE='TEMPORARY', 'LOCAL TEMPORARY', TABLE_TYPE)) as TABLE_TYPE, TABLE_COMMENT REMARKS, NULL TYPE_CAT, NULL TYPE_SCHEM, NULL TYPE_NAME, NULL SELF_REFERENCING_COL_NAME,  NULL REF_GENERATION FROM INFORMATION_SCHEMA.TABLES WHERE TABLE_SCHEMA='edext' AND TABLE_NAME='Usuario' AND  TABLE_TYPE IN ('BASE TABLE','SYSTEM VERSIONED','VIEW') ORDER BY TABLE_TYPE, TABLE_SCHEMA, TABLE_NAME
09:31:03 DEBUG [AWT-EventQueue-0]->org.mariadb.jdbc.util.log.Slf4JLogger->debug := execute query: select * from `edext`.`Usuario` where 1=0
09:31:03 DEBUG [AWT-EventQueue-0]->org.mariadb.jdbc.util.log.Slf4JLogger->debug := execute query: SHOW CREATE TABLE `edext`.`Pertenece`
09:31:03 DEBUG [AWT-EventQueue-0]->org.mariadb.jdbc.util.log.Slf4JLogger->debug := execute query: SHOW CREATE TABLE `Usuario`
09:31:03 DEBUG [AWT-EventQueue-0]->org.mariadb.jdbc.util.log.Slf4JLogger->debug := execute query: SHOW CREATE TABLE `Instituto`
09:31:03 DEBUG [AWT-EventQueue-0]->org.mariadb.jdbc.util.log.Slf4JLogger->debug := execute query: SELECT TABLE_SCHEMA TABLE_CAT, NULL  TABLE_SCHEM,  TABLE_NAME, IF(TABLE_TYPE='BASE TABLE' or TABLE_TYPE='SYSTEM VERSIONED', 'TABLE', IF(TABLE_TYPE='TEMPORARY', 'LOCAL TEMPORARY', TABLE_TYPE)) as TABLE_TYPE, TABLE_COMMENT REMARKS, NULL TYPE_CAT, NULL TYPE_SCHEM, NULL TYPE_NAME, NULL SELF_REFERENCING_COL_NAME,  NULL REF_GENERATION FROM INFORMATION_SCHEMA.TABLES WHERE TABLE_SCHEMA='edext' AND TABLE_NAME='Instituto' AND  TABLE_TYPE IN ('BASE TABLE','SYSTEM VERSIONED','VIEW') ORDER BY TABLE_TYPE, TABLE_SCHEMA, TABLE_NAME
09:31:03 DEBUG [AWT-EventQueue-0]->org.mariadb.jdbc.util.log.Slf4JLogger->debug := execute query: select * from `edext`.`Instituto` where 1=0
09:31:03 DEBUG [AWT-EventQueue-0]->org.mariadb.jdbc.util.log.Slf4JLogger->debug := execute query: SELECT TABLE_SCHEMA TABLE_CAT, NULL  TABLE_SCHEM,  TABLE_NAME, IF(TABLE_TYPE='BASE TABLE' or TABLE_TYPE='SYSTEM VERSIONED', 'TABLE', IF(TABLE_TYPE='TEMPORARY', 'LOCAL TEMPORARY', TABLE_TYPE)) as TABLE_TYPE, TABLE_COMMENT REMARKS, NULL TYPE_CAT, NULL TYPE_SCHEM, NULL TYPE_NAME, NULL SELF_REFERENCING_COL_NAME,  NULL REF_GENERATION FROM INFORMATION_SCHEMA.TABLES WHERE TABLE_SCHEMA='edext' AND TABLE_NAME='Usuario' AND  TABLE_TYPE IN ('BASE TABLE','SYSTEM VERSIONED','VIEW') ORDER BY TABLE_TYPE, TABLE_SCHEMA, TABLE_NAME
09:31:03 DEBUG [AWT-EventQueue-0]->org.mariadb.jdbc.util.log.Slf4JLogger->debug := execute query: select * from `edext`.`Usuario` where 1=0
09:31:03 DEBUG [AWT-EventQueue-0]->org.mariadb.jdbc.util.log.Slf4JLogger->debug := execute query: SHOW CREATE TABLE `edext`.`Previas`
09:31:03 DEBUG [AWT-EventQueue-0]->org.mariadb.jdbc.util.log.Slf4JLogger->debug := execute query: SHOW CREATE TABLE `Curso`
09:31:03 DEBUG [AWT-EventQueue-0]->org.mariadb.jdbc.util.log.Slf4JLogger->debug := execute query: SHOW CREATE TABLE `Curso`
09:31:03 DEBUG [AWT-EventQueue-0]->org.mariadb.jdbc.util.log.Slf4JLogger->debug := execute query: SELECT TABLE_SCHEMA TABLE_CAT, NULL  TABLE_SCHEM,  TABLE_NAME, IF(TABLE_TYPE='BASE TABLE' or TABLE_TYPE='SYSTEM VERSIONED', 'TABLE', IF(TABLE_TYPE='TEMPORARY', 'LOCAL TEMPORARY', TABLE_TYPE)) as TABLE_TYPE, TABLE_COMMENT REMARKS, NULL TYPE_CAT, NULL TYPE_SCHEM, NULL TYPE_NAME, NULL SELF_REFERENCING_COL_NAME,  NULL REF_GENERATION FROM INFORMATION_SCHEMA.TABLES WHERE TABLE_SCHEMA='edext' AND TABLE_NAME='Curso' AND  TABLE_TYPE IN ('BASE TABLE','SYSTEM VERSIONED','VIEW') ORDER BY TABLE_TYPE, TABLE_SCHEMA, TABLE_NAME
09:31:03 DEBUG [AWT-EventQueue-0]->org.mariadb.jdbc.util.log.Slf4JLogger->debug := execute query: select * from `edext`.`Curso` where 1=0
09:31:03 DEBUG [AWT-EventQueue-0]->org.mariadb.jdbc.util.log.Slf4JLogger->debug := execute query: SELECT TABLE_SCHEMA TABLE_CAT, NULL  TABLE_SCHEM,  TABLE_NAME, IF(TABLE_TYPE='BASE TABLE' or TABLE_TYPE='SYSTEM VERSIONED', 'TABLE', IF(TABLE_TYPE='TEMPORARY', 'LOCAL TEMPORARY', TABLE_TYPE)) as TABLE_TYPE, TABLE_COMMENT REMARKS, NULL TYPE_CAT, NULL TYPE_SCHEM, NULL TYPE_NAME, NULL SELF_REFERENCING_COL_NAME,  NULL REF_GENERATION FROM INFORMATION_SCHEMA.TABLES WHERE TABLE_SCHEMA='edext' AND TABLE_NAME='Curso' AND  TABLE_TYPE IN ('BASE TABLE','SYSTEM VERSIONED','VIEW') ORDER BY TABLE_TYPE, TABLE_SCHEMA, TABLE_NAME
09:31:03 DEBUG [AWT-EventQueue-0]->org.mariadb.jdbc.util.log.Slf4JLogger->debug := execute query: select * from `edext`.`Curso` where 1=0
09:31:03 DEBUG [AWT-EventQueue-0]->org.mariadb.jdbc.util.log.Slf4JLogger->debug := execute query: set autocommit=0
09:31:03 DEBUG [AWT-EventQueue-0]->org.mariadb.jdbc.util.log.Slf4JLogger->debug := System variable change:  autocommit = OFF
09:31:03 DEBUG [AWT-EventQueue-0]->org.mariadb.jdbc.util.log.Slf4JLogger->debug := execute query: set autocommit=1
09:31:03 DEBUG [AWT-EventQueue-0]->org.mariadb.jdbc.util.log.Slf4JLogger->debug := System variable change:  autocommit = ON
09:31:03 DEBUG [AWT-EventQueue-0]->org.mariadb.jdbc.util.log.Slf4JLogger->debug := execute query: set autocommit=0
09:31:03 DEBUG [AWT-EventQueue-0]->org.mariadb.jdbc.util.log.Slf4JLogger->debug := System variable change:  autocommit = OFF
09:31:03 DEBUG [AWT-EventQueue-0]->org.mariadb.jdbc.util.log.Slf4JLogger->debug := execute query: select i1_0.nombre from Instituto i1_0
09:31:03 DEBUG [AWT-EventQueue-0]->org.mariadb.jdbc.util.log.Slf4JLogger->debug := execute query: set autocommit=1
09:31:03 DEBUG [AWT-EventQueue-0]->org.mariadb.jdbc.util.log.Slf4JLogger->debug := System variable change:  autocommit = ON
09:38:52 DEBUG [AWT-EventQueue-0]->org.mariadb.jdbc.util.log.Slf4JLogger->debug := execute query: CREATE DATABASE IF NOT EXISTS `edext`
09:38:52 DEBUG [AWT-EventQueue-0]->org.mariadb.jdbc.util.log.Slf4JLogger->debug := execute query: USE `edext`
09:38:52 DEBUG [AWT-EventQueue-0]->org.mariadb.jdbc.util.log.Slf4JLogger->debug := execute query: SET NAMES utf8mb4
09:38:52 DEBUG [AWT-EventQueue-0]->org.mariadb.jdbc.util.log.Slf4JLogger->debug := Database change: is 'edext'
09:38:52 DEBUG [AWT-EventQueue-0]->org.mariadb.jdbc.util.log.Slf4JLogger->debug := System variable change:  character_set_connection = utf8mb4
09:38:52 DEBUG [AWT-EventQueue-0]->org.mariadb.jdbc.util.log.Slf4JLogger->debug := System variable change:  character_set_client = utf8mb4
09:38:52 DEBUG [AWT-EventQueue-0]->org.mariadb.jdbc.util.log.Slf4JLogger->debug := System variable change:  character_set_results = utf8mb4
09:38:52 DEBUG [AWT-EventQueue-0]->org.mariadb.jdbc.util.log.Slf4JLogger->debug := execute query: set autocommit=0
09:38:52 DEBUG [AWT-EventQueue-0]->org.mariadb.jdbc.util.log.Slf4JLogger->debug := System variable change:  autocommit = OFF
09:38:52 DEBUG [AWT-EventQueue-0]->org.mariadb.jdbc.util.log.Slf4JLogger->debug := execute query: SELECT @@character_set_database, @@sql_mode
09:38:52 DEBUG [AWT-EventQueue-0]->org.mariadb.jdbc.util.log.Slf4JLogger->debug := execute query: select @@lower_case_table_names
09:38:52 DEBUG [AWT-EventQueue-0]->org.mariadb.jdbc.util.log.Slf4JLogger->debug := execute query: set autocommit=1
09:38:52 DEBUG [AWT-EventQueue-0]->org.mariadb.jdbc.util.log.Slf4JLogger->debug := System variable change:  autocommit = ON
09:38:54 DEBUG [AWT-EventQueue-0]->org.mariadb.jdbc.util.log.Slf4JLogger->debug := execute query: set autocommit=0
09:38:54 DEBUG [AWT-EventQueue-0]->org.mariadb.jdbc.util.log.Slf4JLogger->debug := System variable change:  autocommit = OFF
09:38:54 DEBUG [AWT-EventQueue-0]->org.mariadb.jdbc.util.log.Slf4JLogger->debug := execute query: set autocommit=1
09:38:54 DEBUG [AWT-EventQueue-0]->org.mariadb.jdbc.util.log.Slf4JLogger->debug := System variable change:  autocommit = ON
09:38:54 DEBUG [AWT-EventQueue-0]->org.mariadb.jdbc.util.log.Slf4JLogger->debug := execute query: select table_name from information_schema.TABLES where table_schema=database() and table_type='SEQUENCE'
09:38:54 DEBUG [AWT-EventQueue-0]->org.mariadb.jdbc.util.log.Slf4JLogger->debug := execute query: SELECT TABLE_SCHEMA TABLE_CAT, NULL  TABLE_SCHEM,  TABLE_NAME, IF(TABLE_TYPE='BASE TABLE' or TABLE_TYPE='SYSTEM VERSIONED', 'TABLE', IF(TABLE_TYPE='TEMPORARY', 'LOCAL TEMPORARY', TABLE_TYPE)) as TABLE_TYPE, TABLE_COMMENT REMARKS, NULL TYPE_CAT, NULL TYPE_SCHEM, NULL TYPE_NAME, NULL SELF_REFERENCING_COL_NAME,  NULL REF_GENERATION FROM INFORMATION_SCHEMA.TABLES WHERE TABLE_SCHEMA='edext' AND  TABLE_TYPE IN ('BASE TABLE','SYSTEM VERSIONED','VIEW') ORDER BY TABLE_TYPE, TABLE_SCHEMA, TABLE_NAME
09:38:54 DEBUG [AWT-EventQueue-0]->org.mariadb.jdbc.util.log.Slf4JLogger->debug := execute query: SELECT TABLE_SCHEMA TABLE_CAT, NULL TABLE_SCHEM, TABLE_NAME, COLUMN_NAME, CASE data_type WHEN 'bit' THEN -7 WHEN 'tinyblob' THEN -3 WHEN 'mediumblob' THEN -4 WHEN 'longblob' THEN -4 WHEN 'blob' THEN -4 WHEN 'tinytext' THEN 12 WHEN 'mediumtext' THEN -1 WHEN 'longtext' THEN -1 WHEN 'text' THEN -1 WHEN 'date' THEN 91 WHEN 'datetime' THEN 93 WHEN 'decimal' THEN 3 WHEN 'double' THEN 8 WHEN 'enum' THEN 12 WHEN 'float' THEN 7 WHEN 'int' THEN IF( COLUMN_TYPE like '%unsigned%', 4,4) WHEN 'bigint' THEN -5 WHEN 'mediumint' THEN 4 WHEN 'null' THEN 0 WHEN 'set' THEN 12 WHEN 'smallint' THEN IF( COLUMN_TYPE like '%unsigned%', 5,5) WHEN 'varchar' THEN 12 WHEN 'varbinary' THEN -3 WHEN 'char' THEN 1 WHEN 'binary' THEN -2 WHEN 'time' THEN 92 WHEN 'timestamp' THEN 93 WHEN 'tinyint' THEN IF(COLUMN_TYPE like 'tinyint(1)%',16,-6)  WHEN 'year' THEN 91 ELSE 1111 END  DATA_TYPE, IF(COLUMN_TYPE like 'tinyint(1)%', 'BOOLEAN',  UCASE(IF( COLUMN_TYPE LIKE '%(%)%', CONCAT(SUBSTRING( COLUMN_TYPE,1, LOCATE('(',COLUMN_TYPE) - 1 ), SUBSTRING(COLUMN_TYPE ,1+locate(')', COLUMN_TYPE))), COLUMN_TYPE))) TYPE_NAME, CASE DATA_TYPE WHEN 'date' THEN 10  WHEN 'time' THEN IF(DATETIME_PRECISION = 0, 10, CAST(11 + DATETIME_PRECISION as signed integer))  WHEN 'datetime' THEN IF(DATETIME_PRECISION = 0, 19, CAST(20 + DATETIME_PRECISION as signed integer))  WHEN 'timestamp' THEN IF(DATETIME_PRECISION = 0, 19, CAST(20 + DATETIME_PRECISION as signed integer))  ELSE   IF(NUMERIC_PRECISION IS NULL, LEAST(CHARACTER_MAXIMUM_LENGTH,2147483647), NUMERIC_PRECISION)  END COLUMN_SIZE, 65535 BUFFER_LENGTH,  CONVERT (CASE DATA_TYPE WHEN 'year' THEN NUMERIC_SCALE WHEN 'tinyint' THEN 0 ELSE NUMERIC_SCALE END, UNSIGNED INTEGER) DECIMAL_DIGITS, 10 NUM_PREC_RADIX, IF(IS_NULLABLE = 'yes',1,0) NULLABLE,COLUMN_COMMENT REMARKS, COLUMN_DEFAULT COLUMN_DEF, 0 SQL_DATA_TYPE, 0 SQL_DATETIME_SUB,   LEAST(CHARACTER_OCTET_LENGTH,2147483647) CHAR_OCTET_LENGTH, ORDINAL_POSITION, IS_NULLABLE, NULL SCOPE_CATALOG, NULL SCOPE_SCHEMA, NULL SCOPE_TABLE, NULL SOURCE_DATA_TYPE, IF(EXTRA = 'auto_increment','YES','NO') IS_AUTOINCREMENT,  IF(EXTRA in ('VIRTUAL', 'PERSISTENT', 'VIRTUAL GENERATED', 'STORED GENERATED') ,'YES','NO') IS_GENERATEDCOLUMN  FROM INFORMATION_SCHEMA.COLUMNS WHERE TABLE_SCHEMA='edext' ORDER BY TABLE_CAT, TABLE_SCHEM, TABLE_NAME, ORDINAL_POSITION
09:38:54 DEBUG [AWT-EventQueue-0]->org.mariadb.jdbc.util.log.Slf4JLogger->debug := execute query: SHOW CREATE TABLE `edext`.`Curso`
09:38:54 DEBUG [AWT-EventQueue-0]->org.mariadb.jdbc.util.log.Slf4JLogger->debug := execute query: SHOW CREATE TABLE `Instituto`
09:38:54 DEBUG [AWT-EventQueue-0]->org.mariadb.jdbc.util.log.Slf4JLogger->debug := execute query: SELECT TABLE_SCHEMA TABLE_CAT, NULL  TABLE_SCHEM,  TABLE_NAME, IF(TABLE_TYPE='BASE TABLE' or TABLE_TYPE='SYSTEM VERSIONED', 'TABLE', IF(TABLE_TYPE='TEMPORARY', 'LOCAL TEMPORARY', TABLE_TYPE)) as TABLE_TYPE, TABLE_COMMENT REMARKS, NULL TYPE_CAT, NULL TYPE_SCHEM, NULL TYPE_NAME, NULL SELF_REFERENCING_COL_NAME,  NULL REF_GENERATION FROM INFORMATION_SCHEMA.TABLES WHERE TABLE_SCHEMA='edext' AND TABLE_NAME='Instituto' AND  TABLE_TYPE IN ('BASE TABLE','SYSTEM VERSIONED','VIEW') ORDER BY TABLE_TYPE, TABLE_SCHEMA, TABLE_NAME
09:38:55 DEBUG [AWT-EventQueue-0]->org.mariadb.jdbc.util.log.Slf4JLogger->debug := execute query: select * from `edext`.`Instituto` where 1=0
09:38:55 DEBUG [AWT-EventQueue-0]->org.mariadb.jdbc.util.log.Slf4JLogger->debug := execute query: SHOW CREATE TABLE `edext`.`Edicion`
09:38:55 DEBUG [AWT-EventQueue-0]->org.mariadb.jdbc.util.log.Slf4JLogger->debug := execute query: SHOW CREATE TABLE `Curso`
09:38:55 DEBUG [AWT-EventQueue-0]->org.mariadb.jdbc.util.log.Slf4JLogger->debug := execute query: SELECT TABLE_SCHEMA TABLE_CAT, NULL  TABLE_SCHEM,  TABLE_NAME, IF(TABLE_TYPE='BASE TABLE' or TABLE_TYPE='SYSTEM VERSIONED', 'TABLE', IF(TABLE_TYPE='TEMPORARY', 'LOCAL TEMPORARY', TABLE_TYPE)) as TABLE_TYPE, TABLE_COMMENT REMARKS, NULL TYPE_CAT, NULL TYPE_SCHEM, NULL TYPE_NAME, NULL SELF_REFERENCING_COL_NAME,  NULL REF_GENERATION FROM INFORMATION_SCHEMA.TABLES WHERE TABLE_SCHEMA='edext' AND TABLE_NAME='Curso' AND  TABLE_TYPE IN ('BASE TABLE','SYSTEM VERSIONED','VIEW') ORDER BY TABLE_TYPE, TABLE_SCHEMA, TABLE_NAME
09:38:55 DEBUG [AWT-EventQueue-0]->org.mariadb.jdbc.util.log.Slf4JLogger->debug := execute query: select * from `edext`.`Curso` where 1=0
09:38:55 DEBUG [AWT-EventQueue-0]->org.mariadb.jdbc.util.log.Slf4JLogger->debug := execute query: SHOW CREATE TABLE `edext`.`InscripcionEdicion`
09:38:55 DEBUG [AWT-EventQueue-0]->org.mariadb.jdbc.util.log.Slf4JLogger->debug := execute query: SHOW CREATE TABLE `Edicion`
09:38:55 DEBUG [AWT-EventQueue-0]->org.mariadb.jdbc.util.log.Slf4JLogger->debug := execute query: SHOW CREATE TABLE `Usuario`
09:38:55 DEBUG [AWT-EventQueue-0]->org.mariadb.jdbc.util.log.Slf4JLogger->debug := execute query: SELECT TABLE_SCHEMA TABLE_CAT, NULL  TABLE_SCHEM,  TABLE_NAME, IF(TABLE_TYPE='BASE TABLE' or TABLE_TYPE='SYSTEM VERSIONED', 'TABLE', IF(TABLE_TYPE='TEMPORARY', 'LOCAL TEMPORARY', TABLE_TYPE)) as TABLE_TYPE, TABLE_COMMENT REMARKS, NULL TYPE_CAT, NULL TYPE_SCHEM, NULL TYPE_NAME, NULL SELF_REFERENCING_COL_NAME,  NULL REF_GENERATION FROM INFORMATION_SCHEMA.TABLES WHERE TABLE_SCHEMA='edext' AND TABLE_NAME='Edicion' AND  TABLE_TYPE IN ('BASE TABLE','SYSTEM VERSIONED','VIEW') ORDER BY TABLE_TYPE, TABLE_SCHEMA, TABLE_NAME
09:38:55 DEBUG [AWT-EventQueue-0]->org.mariadb.jdbc.util.log.Slf4JLogger->debug := execute query: select * from `edext`.`Edicion` where 1=0
09:38:55 DEBUG [AWT-EventQueue-0]->org.mariadb.jdbc.util.log.Slf4JLogger->debug := execute query: SELECT TABLE_SCHEMA TABLE_CAT, NULL  TABLE_SCHEM,  TABLE_NAME, IF(TABLE_TYPE='BASE TABLE' or TABLE_TYPE='SYSTEM VERSIONED', 'TABLE', IF(TABLE_TYPE='TEMPORARY', 'LOCAL TEMPORARY', TABLE_TYPE)) as TABLE_TYPE, TABLE_COMMENT REMARKS, NULL TYPE_CAT, NULL TYPE_SCHEM, NULL TYPE_NAME, NULL SELF_REFERENCING_COL_NAME,  NULL REF_GENERATION FROM INFORMATION_SCHEMA.TABLES WHERE TABLE_SCHEMA='edext' AND TABLE_NAME='Usuario' AND  TABLE_TYPE IN ('BASE TABLE','SYSTEM VERSIONED','VIEW') ORDER BY TABLE_TYPE, TABLE_SCHEMA, TABLE_NAME
09:38:55 DEBUG [AWT-EventQueue-0]->org.mariadb.jdbc.util.log.Slf4JLogger->debug := execute query: select * from `edext`.`Usuario` where 1=0
09:38:55 DEBUG [AWT-EventQueue-0]->org.mariadb.jdbc.util.log.Slf4JLogger->debug := execute query: SHOW CREATE TABLE `edext`.`InscripcionPrograma`
09:38:55 DEBUG [AWT-EventQueue-0]->org.mariadb.jdbc.util.log.Slf4JLogger->debug := execute query: SHOW CREATE TABLE `Usuario`
09:38:55 DEBUG [AWT-EventQueue-0]->org.mariadb.jdbc.util.log.Slf4JLogger->debug := execute query: SHOW CREATE TABLE `ProgramaFormacion`
09:38:55 DEBUG [AWT-EventQueue-0]->org.mariadb.jdbc.util.log.Slf4JLogger->debug := execute query: SELECT TABLE_SCHEMA TABLE_CAT, NULL  TABLE_SCHEM,  TABLE_NAME, IF(TABLE_TYPE='BASE TABLE' or TABLE_TYPE='SYSTEM VERSIONED', 'TABLE', IF(TABLE_TYPE='TEMPORARY', 'LOCAL TEMPORARY', TABLE_TYPE)) as TABLE_TYPE, TABLE_COMMENT REMARKS, NULL TYPE_CAT, NULL TYPE_SCHEM, NULL TYPE_NAME, NULL SELF_REFERENCING_COL_NAME,  NULL REF_GENERATION FROM INFORMATION_SCHEMA.TABLES WHERE TABLE_SCHEMA='edext' AND TABLE_NAME='ProgramaFormacion' AND  TABLE_TYPE IN ('BASE TABLE','SYSTEM VERSIONED','VIEW') ORDER BY TABLE_TYPE, TABLE_SCHEMA, TABLE_NAME
09:38:55 DEBUG [AWT-EventQueue-0]->org.mariadb.jdbc.util.log.Slf4JLogger->debug := execute query: select * from `edext`.`ProgramaFormacion` where 1=0
09:38:55 DEBUG [AWT-EventQueue-0]->org.mariadb.jdbc.util.log.Slf4JLogger->debug := execute query: SELECT TABLE_SCHEMA TABLE_CAT, NULL  TABLE_SCHEM,  TABLE_NAME, IF(TABLE_TYPE='BASE TABLE' or TABLE_TYPE='SYSTEM VERSIONED', 'TABLE', IF(TABLE_TYPE='TEMPORARY', 'LOCAL TEMPORARY', TABLE_TYPE)) as TABLE_TYPE, TABLE_COMMENT REMARKS, NULL TYPE_CAT, NULL TYPE_SCHEM, NULL TYPE_NAME, NULL SELF_REFERENCING_COL_NAME,  NULL REF_GENERATION FROM INFORMATION_SCHEMA.TABLES WHERE TABLE_SCHEMA='edext' AND TABLE_NAME='Usuario' AND  TABLE_TYPE IN ('BASE TABLE','SYSTEM VERSIONED','VIEW') ORDER BY TABLE_TYPE, TABLE_SCHEMA, TABLE_NAME
09:38:55 DEBUG [AWT-EventQueue-0]->org.mariadb.jdbc.util.log.Slf4JLogger->debug := execute query: select * from `edext`.`Usuario` where 1=0
09:38:55 DEBUG [AWT-EventQueue-0]->org.mariadb.jdbc.util.log.Slf4JLogger->debug := execute query: SHOW CREATE TABLE `edext`.`Integra`
09:38:55 DEBUG [AWT-EventQueue-0]->org.mariadb.jdbc.util.log.Slf4JLogger->debug := execute query: SHOW CREATE TABLE `ProgramaFormacion`
09:38:55 DEBUG [AWT-EventQueue-0]->org.mariadb.jdbc.util.log.Slf4JLogger->debug := execute query: SHOW CREATE TABLE `Curso`
09:38:55 DEBUG [AWT-EventQueue-0]->org.mariadb.jdbc.util.log.Slf4JLogger->debug := execute query: SELECT TABLE_SCHEMA TABLE_CAT, NULL  TABLE_SCHEM,  TABLE_NAME, IF(TABLE_TYPE='BASE TABLE' or TABLE_TYPE='SYSTEM VERSIONED', 'TABLE', IF(TABLE_TYPE='TEMPORARY', 'LOCAL TEMPORARY', TABLE_TYPE)) as TABLE_TYPE, TABLE_COMMENT REMARKS, NULL TYPE_CAT, NULL TYPE_SCHEM, NULL TYPE_NAME, NULL SELF_REFERENCING_COL_NAME,  NULL REF_GENERATION FROM INFORMATION_SCHEMA.TABLES WHERE TABLE_SCHEMA='edext' AND TABLE_NAME='Curso' AND  TABLE_TYPE IN ('BASE TABLE','SYSTEM VERSIONED','VIEW') ORDER BY TABLE_TYPE, TABLE_SCHEMA, TABLE_NAME
09:38:55 DEBUG [AWT-EventQueue-0]->org.mariadb.jdbc.util.log.Slf4JLogger->debug := execute query: select * from `edext`.`Curso` where 1=0
09:38:55 DEBUG [AWT-EventQueue-0]->org.mariadb.jdbc.util.log.Slf4JLogger->debug := execute query: SELECT TABLE_SCHEMA TABLE_CAT, NULL  TABLE_SCHEM,  TABLE_NAME, IF(TABLE_TYPE='BASE TABLE' or TABLE_TYPE='SYSTEM VERSIONED', 'TABLE', IF(TABLE_TYPE='TEMPORARY', 'LOCAL TEMPORARY', TABLE_TYPE)) as TABLE_TYPE, TABLE_COMMENT REMARKS, NULL TYPE_CAT, NULL TYPE_SCHEM, NULL TYPE_NAME, NULL SELF_REFERENCING_COL_NAME,  NULL REF_GENERATION FROM INFORMATION_SCHEMA.TABLES WHERE TABLE_SCHEMA='edext' AND TABLE_NAME='ProgramaFormacion' AND  TABLE_TYPE IN ('BASE TABLE','SYSTEM VERSIONED','VIEW') ORDER BY TABLE_TYPE, TABLE_SCHEMA, TABLE_NAME
09:38:55 DEBUG [AWT-EventQueue-0]->org.mariadb.jdbc.util.log.Slf4JLogger->debug := execute query: select * from `edext`.`ProgramaFormacion` where 1=0
09:38:55 DEBUG [AWT-EventQueue-0]->org.mariadb.jdbc.util.log.Slf4JLogger->debug := execute query: SHOW CREATE TABLE `edext`.`Organiza`
09:38:55 DEBUG [AWT-EventQueue-0]->org.mariadb.jdbc.util.log.Slf4JLogger->debug := execute query: SHOW CREATE TABLE `Edicion`
09:38:55 DEBUG [AWT-EventQueue-0]->org.mariadb.jdbc.util.log.Slf4JLogger->debug := execute query: SHOW CREATE TABLE `Usuario`
09:38:55 DEBUG [AWT-EventQueue-0]->org.mariadb.jdbc.util.log.Slf4JLogger->debug := execute query: SELECT TABLE_SCHEMA TABLE_CAT, NULL  TABLE_SCHEM,  TABLE_NAME, IF(TABLE_TYPE='BASE TABLE' or TABLE_TYPE='SYSTEM VERSIONED', 'TABLE', IF(TABLE_TYPE='TEMPORARY', 'LOCAL TEMPORARY', TABLE_TYPE)) as TABLE_TYPE, TABLE_COMMENT REMARKS, NULL TYPE_CAT, NULL TYPE_SCHEM, NULL TYPE_NAME, NULL SELF_REFERENCING_COL_NAME,  NULL REF_GENERATION FROM INFORMATION_SCHEMA.TABLES WHERE TABLE_SCHEMA='edext' AND TABLE_NAME='Edicion' AND  TABLE_TYPE IN ('BASE TABLE','SYSTEM VERSIONED','VIEW') ORDER BY TABLE_TYPE, TABLE_SCHEMA, TABLE_NAME
09:38:55 DEBUG [AWT-EventQueue-0]->org.mariadb.jdbc.util.log.Slf4JLogger->debug := execute query: select * from `edext`.`Edicion` where 1=0
09:38:55 DEBUG [AWT-EventQueue-0]->org.mariadb.jdbc.util.log.Slf4JLogger->debug := execute query: SELECT TABLE_SCHEMA TABLE_CAT, NULL  TABLE_SCHEM,  TABLE_NAME, IF(TABLE_TYPE='BASE TABLE' or TABLE_TYPE='SYSTEM VERSIONED', 'TABLE', IF(TABLE_TYPE='TEMPORARY', 'LOCAL TEMPORARY', TABLE_TYPE)) as TABLE_TYPE, TABLE_COMMENT REMARKS, NULL TYPE_CAT, NULL TYPE_SCHEM, NULL TYPE_NAME, NULL SELF_REFERENCING_COL_NAME,  NULL REF_GENERATION FROM INFORMATION_SCHEMA.TABLES WHERE TABLE_SCHEMA='edext' AND TABLE_NAME='Usuario' AND  TABLE_TYPE IN ('BASE TABLE','SYSTEM VERSIONED','VIEW') ORDER BY TABLE_TYPE, TABLE_SCHEMA, TABLE_NAME
09:38:55 DEBUG [AWT-EventQueue-0]->org.mariadb.jdbc.util.log.Slf4JLogger->debug := execute query: select * from `edext`.`Usuario` where 1=0
09:38:55 DEBUG [AWT-EventQueue-0]->org.mariadb.jdbc.util.log.Slf4JLogger->debug := execute query: SHOW CREATE TABLE `edext`.`Pertenece`
09:38:55 DEBUG [AWT-EventQueue-0]->org.mariadb.jdbc.util.log.Slf4JLogger->debug := execute query: SHOW CREATE TABLE `Usuario`
09:38:55 DEBUG [AWT-EventQueue-0]->org.mariadb.jdbc.util.log.Slf4JLogger->debug := execute query: SHOW CREATE TABLE `Instituto`
09:38:55 DEBUG [AWT-EventQueue-0]->org.mariadb.jdbc.util.log.Slf4JLogger->debug := execute query: SELECT TABLE_SCHEMA TABLE_CAT, NULL  TABLE_SCHEM,  TABLE_NAME, IF(TABLE_TYPE='BASE TABLE' or TABLE_TYPE='SYSTEM VERSIONED', 'TABLE', IF(TABLE_TYPE='TEMPORARY', 'LOCAL TEMPORARY', TABLE_TYPE)) as TABLE_TYPE, TABLE_COMMENT REMARKS, NULL TYPE_CAT, NULL TYPE_SCHEM, NULL TYPE_NAME, NULL SELF_REFERENCING_COL_NAME,  NULL REF_GENERATION FROM INFORMATION_SCHEMA.TABLES WHERE TABLE_SCHEMA='edext' AND TABLE_NAME='Instituto' AND  TABLE_TYPE IN ('BASE TABLE','SYSTEM VERSIONED','VIEW') ORDER BY TABLE_TYPE, TABLE_SCHEMA, TABLE_NAME
09:38:55 DEBUG [AWT-EventQueue-0]->org.mariadb.jdbc.util.log.Slf4JLogger->debug := execute query: select * from `edext`.`Instituto` where 1=0
09:38:55 DEBUG [AWT-EventQueue-0]->org.mariadb.jdbc.util.log.Slf4JLogger->debug := execute query: SELECT TABLE_SCHEMA TABLE_CAT, NULL  TABLE_SCHEM,  TABLE_NAME, IF(TABLE_TYPE='BASE TABLE' or TABLE_TYPE='SYSTEM VERSIONED', 'TABLE', IF(TABLE_TYPE='TEMPORARY', 'LOCAL TEMPORARY', TABLE_TYPE)) as TABLE_TYPE, TABLE_COMMENT REMARKS, NULL TYPE_CAT, NULL TYPE_SCHEM, NULL TYPE_NAME, NULL SELF_REFERENCING_COL_NAME,  NULL REF_GENERATION FROM INFORMATION_SCHEMA.TABLES WHERE TABLE_SCHEMA='edext' AND TABLE_NAME='Usuario' AND  TABLE_TYPE IN ('BASE TABLE','SYSTEM VERSIONED','VIEW') ORDER BY TABLE_TYPE, TABLE_SCHEMA, TABLE_NAME
09:38:55 DEBUG [AWT-EventQueue-0]->org.mariadb.jdbc.util.log.Slf4JLogger->debug := execute query: select * from `edext`.`Usuario` where 1=0
09:38:55 DEBUG [AWT-EventQueue-0]->org.mariadb.jdbc.util.log.Slf4JLogger->debug := execute query: SHOW CREATE TABLE `edext`.`Previas`
09:38:55 DEBUG [AWT-EventQueue-0]->org.mariadb.jdbc.util.log.Slf4JLogger->debug := execute query: SHOW CREATE TABLE `Curso`
09:38:55 DEBUG [AWT-EventQueue-0]->org.mariadb.jdbc.util.log.Slf4JLogger->debug := execute query: SHOW CREATE TABLE `Curso`
09:38:55 DEBUG [AWT-EventQueue-0]->org.mariadb.jdbc.util.log.Slf4JLogger->debug := execute query: SELECT TABLE_SCHEMA TABLE_CAT, NULL  TABLE_SCHEM,  TABLE_NAME, IF(TABLE_TYPE='BASE TABLE' or TABLE_TYPE='SYSTEM VERSIONED', 'TABLE', IF(TABLE_TYPE='TEMPORARY', 'LOCAL TEMPORARY', TABLE_TYPE)) as TABLE_TYPE, TABLE_COMMENT REMARKS, NULL TYPE_CAT, NULL TYPE_SCHEM, NULL TYPE_NAME, NULL SELF_REFERENCING_COL_NAME,  NULL REF_GENERATION FROM INFORMATION_SCHEMA.TABLES WHERE TABLE_SCHEMA='edext' AND TABLE_NAME='Curso' AND  TABLE_TYPE IN ('BASE TABLE','SYSTEM VERSIONED','VIEW') ORDER BY TABLE_TYPE, TABLE_SCHEMA, TABLE_NAME
09:38:55 DEBUG [AWT-EventQueue-0]->org.mariadb.jdbc.util.log.Slf4JLogger->debug := execute query: select * from `edext`.`Curso` where 1=0
09:38:55 DEBUG [AWT-EventQueue-0]->org.mariadb.jdbc.util.log.Slf4JLogger->debug := execute query: SELECT TABLE_SCHEMA TABLE_CAT, NULL  TABLE_SCHEM,  TABLE_NAME, IF(TABLE_TYPE='BASE TABLE' or TABLE_TYPE='SYSTEM VERSIONED', 'TABLE', IF(TABLE_TYPE='TEMPORARY', 'LOCAL TEMPORARY', TABLE_TYPE)) as TABLE_TYPE, TABLE_COMMENT REMARKS, NULL TYPE_CAT, NULL TYPE_SCHEM, NULL TYPE_NAME, NULL SELF_REFERENCING_COL_NAME,  NULL REF_GENERATION FROM INFORMATION_SCHEMA.TABLES WHERE TABLE_SCHEMA='edext' AND TABLE_NAME='Curso' AND  TABLE_TYPE IN ('BASE TABLE','SYSTEM VERSIONED','VIEW') ORDER BY TABLE_TYPE, TABLE_SCHEMA, TABLE_NAME
09:38:55 DEBUG [AWT-EventQueue-0]->org.mariadb.jdbc.util.log.Slf4JLogger->debug := execute query: select * from `edext`.`Curso` where 1=0
09:38:55 DEBUG [AWT-EventQueue-0]->org.mariadb.jdbc.util.log.Slf4JLogger->debug := execute query: set autocommit=0
09:38:55 DEBUG [AWT-EventQueue-0]->org.mariadb.jdbc.util.log.Slf4JLogger->debug := System variable change:  autocommit = OFF
09:38:55 DEBUG [AWT-EventQueue-0]->org.mariadb.jdbc.util.log.Slf4JLogger->debug := execute query: set autocommit=1
09:38:55 DEBUG [AWT-EventQueue-0]->org.mariadb.jdbc.util.log.Slf4JLogger->debug := System variable change:  autocommit = ON
09:38:55 DEBUG [AWT-EventQueue-0]->org.mariadb.jdbc.util.log.Slf4JLogger->debug := execute query: set autocommit=0
09:38:55 DEBUG [AWT-EventQueue-0]->org.mariadb.jdbc.util.log.Slf4JLogger->debug := System variable change:  autocommit = OFF
09:38:55 DEBUG [AWT-EventQueue-0]->org.mariadb.jdbc.util.log.Slf4JLogger->debug := execute query: select i1_0.nombre from Instituto i1_0
09:38:55 DEBUG [AWT-EventQueue-0]->org.mariadb.jdbc.util.log.Slf4JLogger->debug := execute query: set autocommit=1
09:38:55 DEBUG [AWT-EventQueue-0]->org.mariadb.jdbc.util.log.Slf4JLogger->debug := System variable change:  autocommit = ON
09:40:42 DEBUG [AWT-EventQueue-0]->org.mariadb.jdbc.util.log.Slf4JLogger->debug := execute query: CREATE DATABASE IF NOT EXISTS `edext`
09:40:42 DEBUG [AWT-EventQueue-0]->org.mariadb.jdbc.util.log.Slf4JLogger->debug := execute query: USE `edext`
09:40:42 DEBUG [AWT-EventQueue-0]->org.mariadb.jdbc.util.log.Slf4JLogger->debug := execute query: SET NAMES utf8mb4
09:40:42 DEBUG [AWT-EventQueue-0]->org.mariadb.jdbc.util.log.Slf4JLogger->debug := Database change: is 'edext'
09:40:42 DEBUG [AWT-EventQueue-0]->org.mariadb.jdbc.util.log.Slf4JLogger->debug := System variable change:  character_set_connection = utf8mb4
09:40:42 DEBUG [AWT-EventQueue-0]->org.mariadb.jdbc.util.log.Slf4JLogger->debug := System variable change:  character_set_client = utf8mb4
09:40:42 DEBUG [AWT-EventQueue-0]->org.mariadb.jdbc.util.log.Slf4JLogger->debug := System variable change:  character_set_results = utf8mb4
09:40:42 DEBUG [AWT-EventQueue-0]->org.mariadb.jdbc.util.log.Slf4JLogger->debug := execute query: set autocommit=0
09:40:42 DEBUG [AWT-EventQueue-0]->org.mariadb.jdbc.util.log.Slf4JLogger->debug := System variable change:  autocommit = OFF
09:40:42 DEBUG [AWT-EventQueue-0]->org.mariadb.jdbc.util.log.Slf4JLogger->debug := execute query: SELECT @@character_set_database, @@sql_mode
09:40:42 DEBUG [AWT-EventQueue-0]->org.mariadb.jdbc.util.log.Slf4JLogger->debug := execute query: select @@lower_case_table_names
09:40:42 DEBUG [AWT-EventQueue-0]->org.mariadb.jdbc.util.log.Slf4JLogger->debug := execute query: set autocommit=1
09:40:42 DEBUG [AWT-EventQueue-0]->org.mariadb.jdbc.util.log.Slf4JLogger->debug := System variable change:  autocommit = ON
09:40:44 DEBUG [AWT-EventQueue-0]->org.mariadb.jdbc.util.log.Slf4JLogger->debug := execute query: set autocommit=0
09:40:44 DEBUG [AWT-EventQueue-0]->org.mariadb.jdbc.util.log.Slf4JLogger->debug := System variable change:  autocommit = OFF
09:40:44 DEBUG [AWT-EventQueue-0]->org.mariadb.jdbc.util.log.Slf4JLogger->debug := execute query: set autocommit=1
09:40:44 DEBUG [AWT-EventQueue-0]->org.mariadb.jdbc.util.log.Slf4JLogger->debug := System variable change:  autocommit = ON
09:40:44 DEBUG [AWT-EventQueue-0]->org.mariadb.jdbc.util.log.Slf4JLogger->debug := execute query: select table_name from information_schema.TABLES where table_schema=database() and table_type='SEQUENCE'
09:40:44 DEBUG [AWT-EventQueue-0]->org.mariadb.jdbc.util.log.Slf4JLogger->debug := execute query: SELECT TABLE_SCHEMA TABLE_CAT, NULL  TABLE_SCHEM,  TABLE_NAME, IF(TABLE_TYPE='BASE TABLE' or TABLE_TYPE='SYSTEM VERSIONED', 'TABLE', IF(TABLE_TYPE='TEMPORARY', 'LOCAL TEMPORARY', TABLE_TYPE)) as TABLE_TYPE, TABLE_COMMENT REMARKS, NULL TYPE_CAT, NULL TYPE_SCHEM, NULL TYPE_NAME, NULL SELF_REFERENCING_COL_NAME,  NULL REF_GENERATION FROM INFORMATION_SCHEMA.TABLES WHERE TABLE_SCHEMA='edext' AND  TABLE_TYPE IN ('BASE TABLE','SYSTEM VERSIONED','VIEW') ORDER BY TABLE_TYPE, TABLE_SCHEMA, TABLE_NAME
09:40:44 DEBUG [AWT-EventQueue-0]->org.mariadb.jdbc.util.log.Slf4JLogger->debug := execute query: SELECT TABLE_SCHEMA TABLE_CAT, NULL TABLE_SCHEM, TABLE_NAME, COLUMN_NAME, CASE data_type WHEN 'bit' THEN -7 WHEN 'tinyblob' THEN -3 WHEN 'mediumblob' THEN -4 WHEN 'longblob' THEN -4 WHEN 'blob' THEN -4 WHEN 'tinytext' THEN 12 WHEN 'mediumtext' THEN -1 WHEN 'longtext' THEN -1 WHEN 'text' THEN -1 WHEN 'date' THEN 91 WHEN 'datetime' THEN 93 WHEN 'decimal' THEN 3 WHEN 'double' THEN 8 WHEN 'enum' THEN 12 WHEN 'float' THEN 7 WHEN 'int' THEN IF( COLUMN_TYPE like '%unsigned%', 4,4) WHEN 'bigint' THEN -5 WHEN 'mediumint' THEN 4 WHEN 'null' THEN 0 WHEN 'set' THEN 12 WHEN 'smallint' THEN IF( COLUMN_TYPE like '%unsigned%', 5,5) WHEN 'varchar' THEN 12 WHEN 'varbinary' THEN -3 WHEN 'char' THEN 1 WHEN 'binary' THEN -2 WHEN 'time' THEN 92 WHEN 'timestamp' THEN 93 WHEN 'tinyint' THEN IF(COLUMN_TYPE like 'tinyint(1)%',16,-6)  WHEN 'year' THEN 91 ELSE 1111 END  DATA_TYPE, IF(COLUMN_TYPE like 'tinyint(1)%', 'BOOLEAN',  UCASE(IF( COLUMN_TYPE LIKE '%(%)%', CONCAT(SUBSTRING( COLUMN_TYPE,1, LOCATE('(',COLUMN_TYPE) - 1 ), SUBSTRING(COLUMN_TYPE ,1+locate(')', COLUMN_TYPE))), COLUMN_TYPE))) TYPE_NAME, CASE DATA_TYPE WHEN 'date' THEN 10  WHEN 'time' THEN IF(DATETIME_PRECISION = 0, 10, CAST(11 + DATETIME_PRECISION as signed integer))  WHEN 'datetime' THEN IF(DATETIME_PRECISION = 0, 19, CAST(20 + DATETIME_PRECISION as signed integer))  WHEN 'timestamp' THEN IF(DATETIME_PRECISION = 0, 19, CAST(20 + DATETIME_PRECISION as signed integer))  ELSE   IF(NUMERIC_PRECISION IS NULL, LEAST(CHARACTER_MAXIMUM_LENGTH,2147483647), NUMERIC_PRECISION)  END COLUMN_SIZE, 65535 BUFFER_LENGTH,  CONVERT (CASE DATA_TYPE WHEN 'year' THEN NUMERIC_SCALE WHEN 'tinyint' THEN 0 ELSE NUMERIC_SCALE END, UNSIGNED INTEGER) DECIMAL_DIGITS, 10 NUM_PREC_RADIX, IF(IS_NULLABLE = 'yes',1,0) NULLABLE,COLUMN_COMMENT REMARKS, COLUMN_DEFAULT COLUMN_DEF, 0 SQL_DATA_TYPE, 0 SQL_DATETIME_SUB,   LEAST(CHARACTER_OCTET_LENGTH,2147483647) CHAR_OCTET_LENGTH, ORDINAL_POSITION, IS_NULLABLE, NULL SCOPE_CATALOG, NULL SCOPE_SCHEMA, NULL SCOPE_TABLE, NULL SOURCE_DATA_TYPE, IF(EXTRA = 'auto_increment','YES','NO') IS_AUTOINCREMENT,  IF(EXTRA in ('VIRTUAL', 'PERSISTENT', 'VIRTUAL GENERATED', 'STORED GENERATED') ,'YES','NO') IS_GENERATEDCOLUMN  FROM INFORMATION_SCHEMA.COLUMNS WHERE TABLE_SCHEMA='edext' ORDER BY TABLE_CAT, TABLE_SCHEM, TABLE_NAME, ORDINAL_POSITION
09:40:44 DEBUG [AWT-EventQueue-0]->org.mariadb.jdbc.util.log.Slf4JLogger->debug := execute query: SHOW CREATE TABLE `edext`.`Curso`
09:40:44 DEBUG [AWT-EventQueue-0]->org.mariadb.jdbc.util.log.Slf4JLogger->debug := execute query: SHOW CREATE TABLE `Instituto`
09:40:44 DEBUG [AWT-EventQueue-0]->org.mariadb.jdbc.util.log.Slf4JLogger->debug := execute query: SELECT TABLE_SCHEMA TABLE_CAT, NULL  TABLE_SCHEM,  TABLE_NAME, IF(TABLE_TYPE='BASE TABLE' or TABLE_TYPE='SYSTEM VERSIONED', 'TABLE', IF(TABLE_TYPE='TEMPORARY', 'LOCAL TEMPORARY', TABLE_TYPE)) as TABLE_TYPE, TABLE_COMMENT REMARKS, NULL TYPE_CAT, NULL TYPE_SCHEM, NULL TYPE_NAME, NULL SELF_REFERENCING_COL_NAME,  NULL REF_GENERATION FROM INFORMATION_SCHEMA.TABLES WHERE TABLE_SCHEMA='edext' AND TABLE_NAME='Instituto' AND  TABLE_TYPE IN ('BASE TABLE','SYSTEM VERSIONED','VIEW') ORDER BY TABLE_TYPE, TABLE_SCHEMA, TABLE_NAME
09:40:44 DEBUG [AWT-EventQueue-0]->org.mariadb.jdbc.util.log.Slf4JLogger->debug := execute query: select * from `edext`.`Instituto` where 1=0
09:40:44 DEBUG [AWT-EventQueue-0]->org.mariadb.jdbc.util.log.Slf4JLogger->debug := execute query: SHOW CREATE TABLE `edext`.`Edicion`
09:40:44 DEBUG [AWT-EventQueue-0]->org.mariadb.jdbc.util.log.Slf4JLogger->debug := execute query: SHOW CREATE TABLE `Curso`
09:40:44 DEBUG [AWT-EventQueue-0]->org.mariadb.jdbc.util.log.Slf4JLogger->debug := execute query: SELECT TABLE_SCHEMA TABLE_CAT, NULL  TABLE_SCHEM,  TABLE_NAME, IF(TABLE_TYPE='BASE TABLE' or TABLE_TYPE='SYSTEM VERSIONED', 'TABLE', IF(TABLE_TYPE='TEMPORARY', 'LOCAL TEMPORARY', TABLE_TYPE)) as TABLE_TYPE, TABLE_COMMENT REMARKS, NULL TYPE_CAT, NULL TYPE_SCHEM, NULL TYPE_NAME, NULL SELF_REFERENCING_COL_NAME,  NULL REF_GENERATION FROM INFORMATION_SCHEMA.TABLES WHERE TABLE_SCHEMA='edext' AND TABLE_NAME='Curso' AND  TABLE_TYPE IN ('BASE TABLE','SYSTEM VERSIONED','VIEW') ORDER BY TABLE_TYPE, TABLE_SCHEMA, TABLE_NAME
09:40:44 DEBUG [AWT-EventQueue-0]->org.mariadb.jdbc.util.log.Slf4JLogger->debug := execute query: select * from `edext`.`Curso` where 1=0
09:40:44 DEBUG [AWT-EventQueue-0]->org.mariadb.jdbc.util.log.Slf4JLogger->debug := execute query: SHOW CREATE TABLE `edext`.`InscripcionEdicion`
09:40:44 DEBUG [AWT-EventQueue-0]->org.mariadb.jdbc.util.log.Slf4JLogger->debug := execute query: SHOW CREATE TABLE `Edicion`
09:40:44 DEBUG [AWT-EventQueue-0]->org.mariadb.jdbc.util.log.Slf4JLogger->debug := execute query: SHOW CREATE TABLE `Usuario`
09:40:44 DEBUG [AWT-EventQueue-0]->org.mariadb.jdbc.util.log.Slf4JLogger->debug := execute query: SELECT TABLE_SCHEMA TABLE_CAT, NULL  TABLE_SCHEM,  TABLE_NAME, IF(TABLE_TYPE='BASE TABLE' or TABLE_TYPE='SYSTEM VERSIONED', 'TABLE', IF(TABLE_TYPE='TEMPORARY', 'LOCAL TEMPORARY', TABLE_TYPE)) as TABLE_TYPE, TABLE_COMMENT REMARKS, NULL TYPE_CAT, NULL TYPE_SCHEM, NULL TYPE_NAME, NULL SELF_REFERENCING_COL_NAME,  NULL REF_GENERATION FROM INFORMATION_SCHEMA.TABLES WHERE TABLE_SCHEMA='edext' AND TABLE_NAME='Edicion' AND  TABLE_TYPE IN ('BASE TABLE','SYSTEM VERSIONED','VIEW') ORDER BY TABLE_TYPE, TABLE_SCHEMA, TABLE_NAME
09:40:44 DEBUG [AWT-EventQueue-0]->org.mariadb.jdbc.util.log.Slf4JLogger->debug := execute query: select * from `edext`.`Edicion` where 1=0
09:40:44 DEBUG [AWT-EventQueue-0]->org.mariadb.jdbc.util.log.Slf4JLogger->debug := execute query: SELECT TABLE_SCHEMA TABLE_CAT, NULL  TABLE_SCHEM,  TABLE_NAME, IF(TABLE_TYPE='BASE TABLE' or TABLE_TYPE='SYSTEM VERSIONED', 'TABLE', IF(TABLE_TYPE='TEMPORARY', 'LOCAL TEMPORARY', TABLE_TYPE)) as TABLE_TYPE, TABLE_COMMENT REMARKS, NULL TYPE_CAT, NULL TYPE_SCHEM, NULL TYPE_NAME, NULL SELF_REFERENCING_COL_NAME,  NULL REF_GENERATION FROM INFORMATION_SCHEMA.TABLES WHERE TABLE_SCHEMA='edext' AND TABLE_NAME='Usuario' AND  TABLE_TYPE IN ('BASE TABLE','SYSTEM VERSIONED','VIEW') ORDER BY TABLE_TYPE, TABLE_SCHEMA, TABLE_NAME
09:40:44 DEBUG [AWT-EventQueue-0]->org.mariadb.jdbc.util.log.Slf4JLogger->debug := execute query: select * from `edext`.`Usuario` where 1=0
09:40:44 DEBUG [AWT-EventQueue-0]->org.mariadb.jdbc.util.log.Slf4JLogger->debug := execute query: SHOW CREATE TABLE `edext`.`InscripcionPrograma`
09:40:44 DEBUG [AWT-EventQueue-0]->org.mariadb.jdbc.util.log.Slf4JLogger->debug := execute query: SHOW CREATE TABLE `Usuario`
09:40:44 DEBUG [AWT-EventQueue-0]->org.mariadb.jdbc.util.log.Slf4JLogger->debug := execute query: SHOW CREATE TABLE `ProgramaFormacion`
09:40:44 DEBUG [AWT-EventQueue-0]->org.mariadb.jdbc.util.log.Slf4JLogger->debug := execute query: SELECT TABLE_SCHEMA TABLE_CAT, NULL  TABLE_SCHEM,  TABLE_NAME, IF(TABLE_TYPE='BASE TABLE' or TABLE_TYPE='SYSTEM VERSIONED', 'TABLE', IF(TABLE_TYPE='TEMPORARY', 'LOCAL TEMPORARY', TABLE_TYPE)) as TABLE_TYPE, TABLE_COMMENT REMARKS, NULL TYPE_CAT, NULL TYPE_SCHEM, NULL TYPE_NAME, NULL SELF_REFERENCING_COL_NAME,  NULL REF_GENERATION FROM INFORMATION_SCHEMA.TABLES WHERE TABLE_SCHEMA='edext' AND TABLE_NAME='ProgramaFormacion' AND  TABLE_TYPE IN ('BASE TABLE','SYSTEM VERSIONED','VIEW') ORDER BY TABLE_TYPE, TABLE_SCHEMA, TABLE_NAME
09:40:44 DEBUG [AWT-EventQueue-0]->org.mariadb.jdbc.util.log.Slf4JLogger->debug := execute query: select * from `edext`.`ProgramaFormacion` where 1=0
09:40:44 DEBUG [AWT-EventQueue-0]->org.mariadb.jdbc.util.log.Slf4JLogger->debug := execute query: SELECT TABLE_SCHEMA TABLE_CAT, NULL  TABLE_SCHEM,  TABLE_NAME, IF(TABLE_TYPE='BASE TABLE' or TABLE_TYPE='SYSTEM VERSIONED', 'TABLE', IF(TABLE_TYPE='TEMPORARY', 'LOCAL TEMPORARY', TABLE_TYPE)) as TABLE_TYPE, TABLE_COMMENT REMARKS, NULL TYPE_CAT, NULL TYPE_SCHEM, NULL TYPE_NAME, NULL SELF_REFERENCING_COL_NAME,  NULL REF_GENERATION FROM INFORMATION_SCHEMA.TABLES WHERE TABLE_SCHEMA='edext' AND TABLE_NAME='Usuario' AND  TABLE_TYPE IN ('BASE TABLE','SYSTEM VERSIONED','VIEW') ORDER BY TABLE_TYPE, TABLE_SCHEMA, TABLE_NAME
09:40:44 DEBUG [AWT-EventQueue-0]->org.mariadb.jdbc.util.log.Slf4JLogger->debug := execute query: select * from `edext`.`Usuario` where 1=0
09:40:44 DEBUG [AWT-EventQueue-0]->org.mariadb.jdbc.util.log.Slf4JLogger->debug := execute query: SHOW CREATE TABLE `edext`.`Integra`
09:40:44 DEBUG [AWT-EventQueue-0]->org.mariadb.jdbc.util.log.Slf4JLogger->debug := execute query: SHOW CREATE TABLE `ProgramaFormacion`
09:40:44 DEBUG [AWT-EventQueue-0]->org.mariadb.jdbc.util.log.Slf4JLogger->debug := execute query: SHOW CREATE TABLE `Curso`
09:40:44 DEBUG [AWT-EventQueue-0]->org.mariadb.jdbc.util.log.Slf4JLogger->debug := execute query: SELECT TABLE_SCHEMA TABLE_CAT, NULL  TABLE_SCHEM,  TABLE_NAME, IF(TABLE_TYPE='BASE TABLE' or TABLE_TYPE='SYSTEM VERSIONED', 'TABLE', IF(TABLE_TYPE='TEMPORARY', 'LOCAL TEMPORARY', TABLE_TYPE)) as TABLE_TYPE, TABLE_COMMENT REMARKS, NULL TYPE_CAT, NULL TYPE_SCHEM, NULL TYPE_NAME, NULL SELF_REFERENCING_COL_NAME,  NULL REF_GENERATION FROM INFORMATION_SCHEMA.TABLES WHERE TABLE_SCHEMA='edext' AND TABLE_NAME='Curso' AND  TABLE_TYPE IN ('BASE TABLE','SYSTEM VERSIONED','VIEW') ORDER BY TABLE_TYPE, TABLE_SCHEMA, TABLE_NAME
09:40:44 DEBUG [AWT-EventQueue-0]->org.mariadb.jdbc.util.log.Slf4JLogger->debug := execute query: select * from `edext`.`Curso` where 1=0
09:40:44 DEBUG [AWT-EventQueue-0]->org.mariadb.jdbc.util.log.Slf4JLogger->debug := execute query: SELECT TABLE_SCHEMA TABLE_CAT, NULL  TABLE_SCHEM,  TABLE_NAME, IF(TABLE_TYPE='BASE TABLE' or TABLE_TYPE='SYSTEM VERSIONED', 'TABLE', IF(TABLE_TYPE='TEMPORARY', 'LOCAL TEMPORARY', TABLE_TYPE)) as TABLE_TYPE, TABLE_COMMENT REMARKS, NULL TYPE_CAT, NULL TYPE_SCHEM, NULL TYPE_NAME, NULL SELF_REFERENCING_COL_NAME,  NULL REF_GENERATION FROM INFORMATION_SCHEMA.TABLES WHERE TABLE_SCHEMA='edext' AND TABLE_NAME='ProgramaFormacion' AND  TABLE_TYPE IN ('BASE TABLE','SYSTEM VERSIONED','VIEW') ORDER BY TABLE_TYPE, TABLE_SCHEMA, TABLE_NAME
09:40:44 DEBUG [AWT-EventQueue-0]->org.mariadb.jdbc.util.log.Slf4JLogger->debug := execute query: select * from `edext`.`ProgramaFormacion` where 1=0
09:40:44 DEBUG [AWT-EventQueue-0]->org.mariadb.jdbc.util.log.Slf4JLogger->debug := execute query: SHOW CREATE TABLE `edext`.`Organiza`
09:40:44 DEBUG [AWT-EventQueue-0]->org.mariadb.jdbc.util.log.Slf4JLogger->debug := execute query: SHOW CREATE TABLE `Edicion`
09:40:44 DEBUG [AWT-EventQueue-0]->org.mariadb.jdbc.util.log.Slf4JLogger->debug := execute query: SHOW CREATE TABLE `Usuario`
09:40:44 DEBUG [AWT-EventQueue-0]->org.mariadb.jdbc.util.log.Slf4JLogger->debug := execute query: SELECT TABLE_SCHEMA TABLE_CAT, NULL  TABLE_SCHEM,  TABLE_NAME, IF(TABLE_TYPE='BASE TABLE' or TABLE_TYPE='SYSTEM VERSIONED', 'TABLE', IF(TABLE_TYPE='TEMPORARY', 'LOCAL TEMPORARY', TABLE_TYPE)) as TABLE_TYPE, TABLE_COMMENT REMARKS, NULL TYPE_CAT, NULL TYPE_SCHEM, NULL TYPE_NAME, NULL SELF_REFERENCING_COL_NAME,  NULL REF_GENERATION FROM INFORMATION_SCHEMA.TABLES WHERE TABLE_SCHEMA='edext' AND TABLE_NAME='Edicion' AND  TABLE_TYPE IN ('BASE TABLE','SYSTEM VERSIONED','VIEW') ORDER BY TABLE_TYPE, TABLE_SCHEMA, TABLE_NAME
09:40:44 DEBUG [AWT-EventQueue-0]->org.mariadb.jdbc.util.log.Slf4JLogger->debug := execute query: select * from `edext`.`Edicion` where 1=0
09:40:44 DEBUG [AWT-EventQueue-0]->org.mariadb.jdbc.util.log.Slf4JLogger->debug := execute query: SELECT TABLE_SCHEMA TABLE_CAT, NULL  TABLE_SCHEM,  TABLE_NAME, IF(TABLE_TYPE='BASE TABLE' or TABLE_TYPE='SYSTEM VERSIONED', 'TABLE', IF(TABLE_TYPE='TEMPORARY', 'LOCAL TEMPORARY', TABLE_TYPE)) as TABLE_TYPE, TABLE_COMMENT REMARKS, NULL TYPE_CAT, NULL TYPE_SCHEM, NULL TYPE_NAME, NULL SELF_REFERENCING_COL_NAME,  NULL REF_GENERATION FROM INFORMATION_SCHEMA.TABLES WHERE TABLE_SCHEMA='edext' AND TABLE_NAME='Usuario' AND  TABLE_TYPE IN ('BASE TABLE','SYSTEM VERSIONED','VIEW') ORDER BY TABLE_TYPE, TABLE_SCHEMA, TABLE_NAME
09:40:44 DEBUG [AWT-EventQueue-0]->org.mariadb.jdbc.util.log.Slf4JLogger->debug := execute query: select * from `edext`.`Usuario` where 1=0
09:40:44 DEBUG [AWT-EventQueue-0]->org.mariadb.jdbc.util.log.Slf4JLogger->debug := execute query: SHOW CREATE TABLE `edext`.`Pertenece`
09:40:44 DEBUG [AWT-EventQueue-0]->org.mariadb.jdbc.util.log.Slf4JLogger->debug := execute query: SHOW CREATE TABLE `Usuario`
09:40:44 DEBUG [AWT-EventQueue-0]->org.mariadb.jdbc.util.log.Slf4JLogger->debug := execute query: SHOW CREATE TABLE `Instituto`
09:40:44 DEBUG [AWT-EventQueue-0]->org.mariadb.jdbc.util.log.Slf4JLogger->debug := execute query: SELECT TABLE_SCHEMA TABLE_CAT, NULL  TABLE_SCHEM,  TABLE_NAME, IF(TABLE_TYPE='BASE TABLE' or TABLE_TYPE='SYSTEM VERSIONED', 'TABLE', IF(TABLE_TYPE='TEMPORARY', 'LOCAL TEMPORARY', TABLE_TYPE)) as TABLE_TYPE, TABLE_COMMENT REMARKS, NULL TYPE_CAT, NULL TYPE_SCHEM, NULL TYPE_NAME, NULL SELF_REFERENCING_COL_NAME,  NULL REF_GENERATION FROM INFORMATION_SCHEMA.TABLES WHERE TABLE_SCHEMA='edext' AND TABLE_NAME='Instituto' AND  TABLE_TYPE IN ('BASE TABLE','SYSTEM VERSIONED','VIEW') ORDER BY TABLE_TYPE, TABLE_SCHEMA, TABLE_NAME
09:40:44 DEBUG [AWT-EventQueue-0]->org.mariadb.jdbc.util.log.Slf4JLogger->debug := execute query: select * from `edext`.`Instituto` where 1=0
09:40:44 DEBUG [AWT-EventQueue-0]->org.mariadb.jdbc.util.log.Slf4JLogger->debug := execute query: SELECT TABLE_SCHEMA TABLE_CAT, NULL  TABLE_SCHEM,  TABLE_NAME, IF(TABLE_TYPE='BASE TABLE' or TABLE_TYPE='SYSTEM VERSIONED', 'TABLE', IF(TABLE_TYPE='TEMPORARY', 'LOCAL TEMPORARY', TABLE_TYPE)) as TABLE_TYPE, TABLE_COMMENT REMARKS, NULL TYPE_CAT, NULL TYPE_SCHEM, NULL TYPE_NAME, NULL SELF_REFERENCING_COL_NAME,  NULL REF_GENERATION FROM INFORMATION_SCHEMA.TABLES WHERE TABLE_SCHEMA='edext' AND TABLE_NAME='Usuario' AND  TABLE_TYPE IN ('BASE TABLE','SYSTEM VERSIONED','VIEW') ORDER BY TABLE_TYPE, TABLE_SCHEMA, TABLE_NAME
09:40:44 DEBUG [AWT-EventQueue-0]->org.mariadb.jdbc.util.log.Slf4JLogger->debug := execute query: select * from `edext`.`Usuario` where 1=0
09:40:44 DEBUG [AWT-EventQueue-0]->org.mariadb.jdbc.util.log.Slf4JLogger->debug := execute query: SHOW CREATE TABLE `edext`.`Previas`
09:40:44 DEBUG [AWT-EventQueue-0]->org.mariadb.jdbc.util.log.Slf4JLogger->debug := execute query: SHOW CREATE TABLE `Curso`
09:40:44 DEBUG [AWT-EventQueue-0]->org.mariadb.jdbc.util.log.Slf4JLogger->debug := execute query: SHOW CREATE TABLE `Curso`
09:40:44 DEBUG [AWT-EventQueue-0]->org.mariadb.jdbc.util.log.Slf4JLogger->debug := execute query: SELECT TABLE_SCHEMA TABLE_CAT, NULL  TABLE_SCHEM,  TABLE_NAME, IF(TABLE_TYPE='BASE TABLE' or TABLE_TYPE='SYSTEM VERSIONED', 'TABLE', IF(TABLE_TYPE='TEMPORARY', 'LOCAL TEMPORARY', TABLE_TYPE)) as TABLE_TYPE, TABLE_COMMENT REMARKS, NULL TYPE_CAT, NULL TYPE_SCHEM, NULL TYPE_NAME, NULL SELF_REFERENCING_COL_NAME,  NULL REF_GENERATION FROM INFORMATION_SCHEMA.TABLES WHERE TABLE_SCHEMA='edext' AND TABLE_NAME='Curso' AND  TABLE_TYPE IN ('BASE TABLE','SYSTEM VERSIONED','VIEW') ORDER BY TABLE_TYPE, TABLE_SCHEMA, TABLE_NAME
09:40:44 DEBUG [AWT-EventQueue-0]->org.mariadb.jdbc.util.log.Slf4JLogger->debug := execute query: select * from `edext`.`Curso` where 1=0
09:40:44 DEBUG [AWT-EventQueue-0]->org.mariadb.jdbc.util.log.Slf4JLogger->debug := execute query: SELECT TABLE_SCHEMA TABLE_CAT, NULL  TABLE_SCHEM,  TABLE_NAME, IF(TABLE_TYPE='BASE TABLE' or TABLE_TYPE='SYSTEM VERSIONED', 'TABLE', IF(TABLE_TYPE='TEMPORARY', 'LOCAL TEMPORARY', TABLE_TYPE)) as TABLE_TYPE, TABLE_COMMENT REMARKS, NULL TYPE_CAT, NULL TYPE_SCHEM, NULL TYPE_NAME, NULL SELF_REFERENCING_COL_NAME,  NULL REF_GENERATION FROM INFORMATION_SCHEMA.TABLES WHERE TABLE_SCHEMA='edext' AND TABLE_NAME='Curso' AND  TABLE_TYPE IN ('BASE TABLE','SYSTEM VERSIONED','VIEW') ORDER BY TABLE_TYPE, TABLE_SCHEMA, TABLE_NAME
09:40:44 DEBUG [AWT-EventQueue-0]->org.mariadb.jdbc.util.log.Slf4JLogger->debug := execute query: select * from `edext`.`Curso` where 1=0
09:40:44 DEBUG [AWT-EventQueue-0]->org.mariadb.jdbc.util.log.Slf4JLogger->debug := execute query: set autocommit=0
09:40:44 DEBUG [AWT-EventQueue-0]->org.mariadb.jdbc.util.log.Slf4JLogger->debug := System variable change:  autocommit = OFF
09:40:44 DEBUG [AWT-EventQueue-0]->org.mariadb.jdbc.util.log.Slf4JLogger->debug := execute query: set autocommit=1
09:40:44 DEBUG [AWT-EventQueue-0]->org.mariadb.jdbc.util.log.Slf4JLogger->debug := System variable change:  autocommit = ON
09:40:45 DEBUG [AWT-EventQueue-0]->org.mariadb.jdbc.util.log.Slf4JLogger->debug := execute query: set autocommit=0
09:40:45 DEBUG [AWT-EventQueue-0]->org.mariadb.jdbc.util.log.Slf4JLogger->debug := System variable change:  autocommit = OFF
09:40:45 DEBUG [AWT-EventQueue-0]->org.mariadb.jdbc.util.log.Slf4JLogger->debug := execute query: select i1_0.nombre from Instituto i1_0
09:40:45 DEBUG [AWT-EventQueue-0]->org.mariadb.jdbc.util.log.Slf4JLogger->debug := execute query: set autocommit=1
09:40:45 DEBUG [AWT-EventQueue-0]->org.mariadb.jdbc.util.log.Slf4JLogger->debug := System variable change:  autocommit = ON
09:55:43 DEBUG [AWT-EventQueue-0]->org.mariadb.jdbc.util.log.Slf4JLogger->debug := execute query: CREATE DATABASE IF NOT EXISTS `edext`
09:55:43 DEBUG [AWT-EventQueue-0]->org.mariadb.jdbc.util.log.Slf4JLogger->debug := execute query: USE `edext`
09:55:43 DEBUG [AWT-EventQueue-0]->org.mariadb.jdbc.util.log.Slf4JLogger->debug := execute query: SET NAMES utf8mb4
09:55:43 DEBUG [AWT-EventQueue-0]->org.mariadb.jdbc.util.log.Slf4JLogger->debug := Database change: is 'edext'
09:55:43 DEBUG [AWT-EventQueue-0]->org.mariadb.jdbc.util.log.Slf4JLogger->debug := System variable change:  character_set_connection = utf8mb4
09:55:43 DEBUG [AWT-EventQueue-0]->org.mariadb.jdbc.util.log.Slf4JLogger->debug := System variable change:  character_set_client = utf8mb4
09:55:43 DEBUG [AWT-EventQueue-0]->org.mariadb.jdbc.util.log.Slf4JLogger->debug := System variable change:  character_set_results = utf8mb4
09:55:43 DEBUG [AWT-EventQueue-0]->org.mariadb.jdbc.util.log.Slf4JLogger->debug := execute query: set autocommit=0
09:55:43 DEBUG [AWT-EventQueue-0]->org.mariadb.jdbc.util.log.Slf4JLogger->debug := System variable change:  autocommit = OFF
09:55:44 DEBUG [AWT-EventQueue-0]->org.mariadb.jdbc.util.log.Slf4JLogger->debug := execute query: SELECT @@character_set_database, @@sql_mode
09:55:44 DEBUG [AWT-EventQueue-0]->org.mariadb.jdbc.util.log.Slf4JLogger->debug := execute query: select @@lower_case_table_names
09:55:44 DEBUG [AWT-EventQueue-0]->org.mariadb.jdbc.util.log.Slf4JLogger->debug := execute query: set autocommit=1
09:55:44 DEBUG [AWT-EventQueue-0]->org.mariadb.jdbc.util.log.Slf4JLogger->debug := System variable change:  autocommit = ON
09:55:46 DEBUG [AWT-EventQueue-0]->org.mariadb.jdbc.util.log.Slf4JLogger->debug := execute query: set autocommit=0
09:55:46 DEBUG [AWT-EventQueue-0]->org.mariadb.jdbc.util.log.Slf4JLogger->debug := System variable change:  autocommit = OFF
09:55:46 DEBUG [AWT-EventQueue-0]->org.mariadb.jdbc.util.log.Slf4JLogger->debug := execute query: set autocommit=1
09:55:46 DEBUG [AWT-EventQueue-0]->org.mariadb.jdbc.util.log.Slf4JLogger->debug := System variable change:  autocommit = ON
09:55:46 DEBUG [AWT-EventQueue-0]->org.mariadb.jdbc.util.log.Slf4JLogger->debug := execute query: select table_name from information_schema.TABLES where table_schema=database() and table_type='SEQUENCE'
09:55:46 DEBUG [AWT-EventQueue-0]->org.mariadb.jdbc.util.log.Slf4JLogger->debug := execute query: SELECT TABLE_SCHEMA TABLE_CAT, NULL  TABLE_SCHEM,  TABLE_NAME, IF(TABLE_TYPE='BASE TABLE' or TABLE_TYPE='SYSTEM VERSIONED', 'TABLE', IF(TABLE_TYPE='TEMPORARY', 'LOCAL TEMPORARY', TABLE_TYPE)) as TABLE_TYPE, TABLE_COMMENT REMARKS, NULL TYPE_CAT, NULL TYPE_SCHEM, NULL TYPE_NAME, NULL SELF_REFERENCING_COL_NAME,  NULL REF_GENERATION FROM INFORMATION_SCHEMA.TABLES WHERE TABLE_SCHEMA='edext' AND  TABLE_TYPE IN ('BASE TABLE','SYSTEM VERSIONED','VIEW') ORDER BY TABLE_TYPE, TABLE_SCHEMA, TABLE_NAME
09:55:46 DEBUG [AWT-EventQueue-0]->org.mariadb.jdbc.util.log.Slf4JLogger->debug := execute query: SELECT TABLE_SCHEMA TABLE_CAT, NULL TABLE_SCHEM, TABLE_NAME, COLUMN_NAME, CASE data_type WHEN 'bit' THEN -7 WHEN 'tinyblob' THEN -3 WHEN 'mediumblob' THEN -4 WHEN 'longblob' THEN -4 WHEN 'blob' THEN -4 WHEN 'tinytext' THEN 12 WHEN 'mediumtext' THEN -1 WHEN 'longtext' THEN -1 WHEN 'text' THEN -1 WHEN 'date' THEN 91 WHEN 'datetime' THEN 93 WHEN 'decimal' THEN 3 WHEN 'double' THEN 8 WHEN 'enum' THEN 12 WHEN 'float' THEN 7 WHEN 'int' THEN IF( COLUMN_TYPE like '%unsigned%', 4,4) WHEN 'bigint' THEN -5 WHEN 'mediumint' THEN 4 WHEN 'null' THEN 0 WHEN 'set' THEN 12 WHEN 'smallint' THEN IF( COLUMN_TYPE like '%unsigned%', 5,5) WHEN 'varchar' THEN 12 WHEN 'varbinary' THEN -3 WHEN 'char' THEN 1 WHEN 'binary' THEN -2 WHEN 'time' THEN 92 WHEN 'timestamp' THEN 93 WHEN 'tinyint' THEN IF(COLUMN_TYPE like 'tinyint(1)%',16,-6)  WHEN 'year' THEN 91 ELSE 1111 END  DATA_TYPE, IF(COLUMN_TYPE like 'tinyint(1)%', 'BOOLEAN',  UCASE(IF( COLUMN_TYPE LIKE '%(%)%', CONCAT(SUBSTRING( COLUMN_TYPE,1, LOCATE('(',COLUMN_TYPE) - 1 ), SUBSTRING(COLUMN_TYPE ,1+locate(')', COLUMN_TYPE))), COLUMN_TYPE))) TYPE_NAME, CASE DATA_TYPE WHEN 'date' THEN 10  WHEN 'time' THEN IF(DATETIME_PRECISION = 0, 10, CAST(11 + DATETIME_PRECISION as signed integer))  WHEN 'datetime' THEN IF(DATETIME_PRECISION = 0, 19, CAST(20 + DATETIME_PRECISION as signed integer))  WHEN 'timestamp' THEN IF(DATETIME_PRECISION = 0, 19, CAST(20 + DATETIME_PRECISION as signed integer))  ELSE   IF(NUMERIC_PRECISION IS NULL, LEAST(CHARACTER_MAXIMUM_LENGTH,2147483647), NUMERIC_PRECISION)  END COLUMN_SIZE, 65535 BUFFER_LENGTH,  CONVERT (CASE DATA_TYPE WHEN 'year' THEN NUMERIC_SCALE WHEN 'tinyint' THEN 0 ELSE NUMERIC_SCALE END, UNSIGNED INTEGER) DECIMAL_DIGITS, 10 NUM_PREC_RADIX, IF(IS_NULLABLE = 'yes',1,0) NULLABLE,COLUMN_COMMENT REMARKS, COLUMN_DEFAULT COLUMN_DEF, 0 SQL_DATA_TYPE, 0 SQL_DATETIME_SUB,   LEAST(CHARACTER_OCTET_LENGTH,2147483647) CHAR_OCTET_LENGTH, ORDINAL_POSITION, IS_NULLABLE, NULL SCOPE_CATALOG, NULL SCOPE_SCHEMA, NULL SCOPE_TABLE, NULL SOURCE_DATA_TYPE, IF(EXTRA = 'auto_increment','YES','NO') IS_AUTOINCREMENT,  IF(EXTRA in ('VIRTUAL', 'PERSISTENT', 'VIRTUAL GENERATED', 'STORED GENERATED') ,'YES','NO') IS_GENERATEDCOLUMN  FROM INFORMATION_SCHEMA.COLUMNS WHERE TABLE_SCHEMA='edext' ORDER BY TABLE_CAT, TABLE_SCHEM, TABLE_NAME, ORDINAL_POSITION
09:55:46 DEBUG [AWT-EventQueue-0]->org.mariadb.jdbc.util.log.Slf4JLogger->debug := execute query: SHOW CREATE TABLE `edext`.`Curso`
09:55:46 DEBUG [AWT-EventQueue-0]->org.mariadb.jdbc.util.log.Slf4JLogger->debug := execute query: SHOW CREATE TABLE `Instituto`
09:55:46 DEBUG [AWT-EventQueue-0]->org.mariadb.jdbc.util.log.Slf4JLogger->debug := execute query: SELECT TABLE_SCHEMA TABLE_CAT, NULL  TABLE_SCHEM,  TABLE_NAME, IF(TABLE_TYPE='BASE TABLE' or TABLE_TYPE='SYSTEM VERSIONED', 'TABLE', IF(TABLE_TYPE='TEMPORARY', 'LOCAL TEMPORARY', TABLE_TYPE)) as TABLE_TYPE, TABLE_COMMENT REMARKS, NULL TYPE_CAT, NULL TYPE_SCHEM, NULL TYPE_NAME, NULL SELF_REFERENCING_COL_NAME,  NULL REF_GENERATION FROM INFORMATION_SCHEMA.TABLES WHERE TABLE_SCHEMA='edext' AND TABLE_NAME='Instituto' AND  TABLE_TYPE IN ('BASE TABLE','SYSTEM VERSIONED','VIEW') ORDER BY TABLE_TYPE, TABLE_SCHEMA, TABLE_NAME
09:55:46 DEBUG [AWT-EventQueue-0]->org.mariadb.jdbc.util.log.Slf4JLogger->debug := execute query: select * from `edext`.`Instituto` where 1=0
09:55:46 DEBUG [AWT-EventQueue-0]->org.mariadb.jdbc.util.log.Slf4JLogger->debug := execute query: SHOW CREATE TABLE `edext`.`Edicion`
09:55:46 DEBUG [AWT-EventQueue-0]->org.mariadb.jdbc.util.log.Slf4JLogger->debug := execute query: SHOW CREATE TABLE `Curso`
09:55:46 DEBUG [AWT-EventQueue-0]->org.mariadb.jdbc.util.log.Slf4JLogger->debug := execute query: SELECT TABLE_SCHEMA TABLE_CAT, NULL  TABLE_SCHEM,  TABLE_NAME, IF(TABLE_TYPE='BASE TABLE' or TABLE_TYPE='SYSTEM VERSIONED', 'TABLE', IF(TABLE_TYPE='TEMPORARY', 'LOCAL TEMPORARY', TABLE_TYPE)) as TABLE_TYPE, TABLE_COMMENT REMARKS, NULL TYPE_CAT, NULL TYPE_SCHEM, NULL TYPE_NAME, NULL SELF_REFERENCING_COL_NAME,  NULL REF_GENERATION FROM INFORMATION_SCHEMA.TABLES WHERE TABLE_SCHEMA='edext' AND TABLE_NAME='Curso' AND  TABLE_TYPE IN ('BASE TABLE','SYSTEM VERSIONED','VIEW') ORDER BY TABLE_TYPE, TABLE_SCHEMA, TABLE_NAME
09:55:46 DEBUG [AWT-EventQueue-0]->org.mariadb.jdbc.util.log.Slf4JLogger->debug := execute query: select * from `edext`.`Curso` where 1=0
09:55:46 DEBUG [AWT-EventQueue-0]->org.mariadb.jdbc.util.log.Slf4JLogger->debug := execute query: SHOW CREATE TABLE `edext`.`InscripcionEdicion`
09:55:46 DEBUG [AWT-EventQueue-0]->org.mariadb.jdbc.util.log.Slf4JLogger->debug := execute query: SHOW CREATE TABLE `Edicion`
09:55:46 DEBUG [AWT-EventQueue-0]->org.mariadb.jdbc.util.log.Slf4JLogger->debug := execute query: SHOW CREATE TABLE `Usuario`
09:55:46 DEBUG [AWT-EventQueue-0]->org.mariadb.jdbc.util.log.Slf4JLogger->debug := execute query: SELECT TABLE_SCHEMA TABLE_CAT, NULL  TABLE_SCHEM,  TABLE_NAME, IF(TABLE_TYPE='BASE TABLE' or TABLE_TYPE='SYSTEM VERSIONED', 'TABLE', IF(TABLE_TYPE='TEMPORARY', 'LOCAL TEMPORARY', TABLE_TYPE)) as TABLE_TYPE, TABLE_COMMENT REMARKS, NULL TYPE_CAT, NULL TYPE_SCHEM, NULL TYPE_NAME, NULL SELF_REFERENCING_COL_NAME,  NULL REF_GENERATION FROM INFORMATION_SCHEMA.TABLES WHERE TABLE_SCHEMA='edext' AND TABLE_NAME='Edicion' AND  TABLE_TYPE IN ('BASE TABLE','SYSTEM VERSIONED','VIEW') ORDER BY TABLE_TYPE, TABLE_SCHEMA, TABLE_NAME
09:55:46 DEBUG [AWT-EventQueue-0]->org.mariadb.jdbc.util.log.Slf4JLogger->debug := execute query: select * from `edext`.`Edicion` where 1=0
09:55:46 DEBUG [AWT-EventQueue-0]->org.mariadb.jdbc.util.log.Slf4JLogger->debug := execute query: SELECT TABLE_SCHEMA TABLE_CAT, NULL  TABLE_SCHEM,  TABLE_NAME, IF(TABLE_TYPE='BASE TABLE' or TABLE_TYPE='SYSTEM VERSIONED', 'TABLE', IF(TABLE_TYPE='TEMPORARY', 'LOCAL TEMPORARY', TABLE_TYPE)) as TABLE_TYPE, TABLE_COMMENT REMARKS, NULL TYPE_CAT, NULL TYPE_SCHEM, NULL TYPE_NAME, NULL SELF_REFERENCING_COL_NAME,  NULL REF_GENERATION FROM INFORMATION_SCHEMA.TABLES WHERE TABLE_SCHEMA='edext' AND TABLE_NAME='Usuario' AND  TABLE_TYPE IN ('BASE TABLE','SYSTEM VERSIONED','VIEW') ORDER BY TABLE_TYPE, TABLE_SCHEMA, TABLE_NAME
09:55:46 DEBUG [AWT-EventQueue-0]->org.mariadb.jdbc.util.log.Slf4JLogger->debug := execute query: select * from `edext`.`Usuario` where 1=0
09:55:46 DEBUG [AWT-EventQueue-0]->org.mariadb.jdbc.util.log.Slf4JLogger->debug := execute query: SHOW CREATE TABLE `edext`.`InscripcionPrograma`
09:55:46 DEBUG [AWT-EventQueue-0]->org.mariadb.jdbc.util.log.Slf4JLogger->debug := execute query: SHOW CREATE TABLE `Usuario`
09:55:46 DEBUG [AWT-EventQueue-0]->org.mariadb.jdbc.util.log.Slf4JLogger->debug := execute query: SHOW CREATE TABLE `ProgramaFormacion`
09:55:46 DEBUG [AWT-EventQueue-0]->org.mariadb.jdbc.util.log.Slf4JLogger->debug := execute query: SELECT TABLE_SCHEMA TABLE_CAT, NULL  TABLE_SCHEM,  TABLE_NAME, IF(TABLE_TYPE='BASE TABLE' or TABLE_TYPE='SYSTEM VERSIONED', 'TABLE', IF(TABLE_TYPE='TEMPORARY', 'LOCAL TEMPORARY', TABLE_TYPE)) as TABLE_TYPE, TABLE_COMMENT REMARKS, NULL TYPE_CAT, NULL TYPE_SCHEM, NULL TYPE_NAME, NULL SELF_REFERENCING_COL_NAME,  NULL REF_GENERATION FROM INFORMATION_SCHEMA.TABLES WHERE TABLE_SCHEMA='edext' AND TABLE_NAME='ProgramaFormacion' AND  TABLE_TYPE IN ('BASE TABLE','SYSTEM VERSIONED','VIEW') ORDER BY TABLE_TYPE, TABLE_SCHEMA, TABLE_NAME
09:55:46 DEBUG [AWT-EventQueue-0]->org.mariadb.jdbc.util.log.Slf4JLogger->debug := execute query: select * from `edext`.`ProgramaFormacion` where 1=0
09:55:46 DEBUG [AWT-EventQueue-0]->org.mariadb.jdbc.util.log.Slf4JLogger->debug := execute query: SELECT TABLE_SCHEMA TABLE_CAT, NULL  TABLE_SCHEM,  TABLE_NAME, IF(TABLE_TYPE='BASE TABLE' or TABLE_TYPE='SYSTEM VERSIONED', 'TABLE', IF(TABLE_TYPE='TEMPORARY', 'LOCAL TEMPORARY', TABLE_TYPE)) as TABLE_TYPE, TABLE_COMMENT REMARKS, NULL TYPE_CAT, NULL TYPE_SCHEM, NULL TYPE_NAME, NULL SELF_REFERENCING_COL_NAME,  NULL REF_GENERATION FROM INFORMATION_SCHEMA.TABLES WHERE TABLE_SCHEMA='edext' AND TABLE_NAME='Usuario' AND  TABLE_TYPE IN ('BASE TABLE','SYSTEM VERSIONED','VIEW') ORDER BY TABLE_TYPE, TABLE_SCHEMA, TABLE_NAME
09:55:46 DEBUG [AWT-EventQueue-0]->org.mariadb.jdbc.util.log.Slf4JLogger->debug := execute query: select * from `edext`.`Usuario` where 1=0
09:55:46 DEBUG [AWT-EventQueue-0]->org.mariadb.jdbc.util.log.Slf4JLogger->debug := execute query: SHOW CREATE TABLE `edext`.`Integra`
09:55:46 DEBUG [AWT-EventQueue-0]->org.mariadb.jdbc.util.log.Slf4JLogger->debug := execute query: SHOW CREATE TABLE `ProgramaFormacion`
09:55:46 DEBUG [AWT-EventQueue-0]->org.mariadb.jdbc.util.log.Slf4JLogger->debug := execute query: SHOW CREATE TABLE `Curso`
09:55:46 DEBUG [AWT-EventQueue-0]->org.mariadb.jdbc.util.log.Slf4JLogger->debug := execute query: SELECT TABLE_SCHEMA TABLE_CAT, NULL  TABLE_SCHEM,  TABLE_NAME, IF(TABLE_TYPE='BASE TABLE' or TABLE_TYPE='SYSTEM VERSIONED', 'TABLE', IF(TABLE_TYPE='TEMPORARY', 'LOCAL TEMPORARY', TABLE_TYPE)) as TABLE_TYPE, TABLE_COMMENT REMARKS, NULL TYPE_CAT, NULL TYPE_SCHEM, NULL TYPE_NAME, NULL SELF_REFERENCING_COL_NAME,  NULL REF_GENERATION FROM INFORMATION_SCHEMA.TABLES WHERE TABLE_SCHEMA='edext' AND TABLE_NAME='Curso' AND  TABLE_TYPE IN ('BASE TABLE','SYSTEM VERSIONED','VIEW') ORDER BY TABLE_TYPE, TABLE_SCHEMA, TABLE_NAME
09:55:46 DEBUG [AWT-EventQueue-0]->org.mariadb.jdbc.util.log.Slf4JLogger->debug := execute query: select * from `edext`.`Curso` where 1=0
09:55:46 DEBUG [AWT-EventQueue-0]->org.mariadb.jdbc.util.log.Slf4JLogger->debug := execute query: SELECT TABLE_SCHEMA TABLE_CAT, NULL  TABLE_SCHEM,  TABLE_NAME, IF(TABLE_TYPE='BASE TABLE' or TABLE_TYPE='SYSTEM VERSIONED', 'TABLE', IF(TABLE_TYPE='TEMPORARY', 'LOCAL TEMPORARY', TABLE_TYPE)) as TABLE_TYPE, TABLE_COMMENT REMARKS, NULL TYPE_CAT, NULL TYPE_SCHEM, NULL TYPE_NAME, NULL SELF_REFERENCING_COL_NAME,  NULL REF_GENERATION FROM INFORMATION_SCHEMA.TABLES WHERE TABLE_SCHEMA='edext' AND TABLE_NAME='ProgramaFormacion' AND  TABLE_TYPE IN ('BASE TABLE','SYSTEM VERSIONED','VIEW') ORDER BY TABLE_TYPE, TABLE_SCHEMA, TABLE_NAME
09:55:46 DEBUG [AWT-EventQueue-0]->org.mariadb.jdbc.util.log.Slf4JLogger->debug := execute query: select * from `edext`.`ProgramaFormacion` where 1=0
09:55:46 DEBUG [AWT-EventQueue-0]->org.mariadb.jdbc.util.log.Slf4JLogger->debug := execute query: SHOW CREATE TABLE `edext`.`Organiza`
09:55:46 DEBUG [AWT-EventQueue-0]->org.mariadb.jdbc.util.log.Slf4JLogger->debug := execute query: SHOW CREATE TABLE `Edicion`
09:55:46 DEBUG [AWT-EventQueue-0]->org.mariadb.jdbc.util.log.Slf4JLogger->debug := execute query: SHOW CREATE TABLE `Usuario`
09:55:46 DEBUG [AWT-EventQueue-0]->org.mariadb.jdbc.util.log.Slf4JLogger->debug := execute query: SELECT TABLE_SCHEMA TABLE_CAT, NULL  TABLE_SCHEM,  TABLE_NAME, IF(TABLE_TYPE='BASE TABLE' or TABLE_TYPE='SYSTEM VERSIONED', 'TABLE', IF(TABLE_TYPE='TEMPORARY', 'LOCAL TEMPORARY', TABLE_TYPE)) as TABLE_TYPE, TABLE_COMMENT REMARKS, NULL TYPE_CAT, NULL TYPE_SCHEM, NULL TYPE_NAME, NULL SELF_REFERENCING_COL_NAME,  NULL REF_GENERATION FROM INFORMATION_SCHEMA.TABLES WHERE TABLE_SCHEMA='edext' AND TABLE_NAME='Edicion' AND  TABLE_TYPE IN ('BASE TABLE','SYSTEM VERSIONED','VIEW') ORDER BY TABLE_TYPE, TABLE_SCHEMA, TABLE_NAME
09:55:46 DEBUG [AWT-EventQueue-0]->org.mariadb.jdbc.util.log.Slf4JLogger->debug := execute query: select * from `edext`.`Edicion` where 1=0
09:55:46 DEBUG [AWT-EventQueue-0]->org.mariadb.jdbc.util.log.Slf4JLogger->debug := execute query: SELECT TABLE_SCHEMA TABLE_CAT, NULL  TABLE_SCHEM,  TABLE_NAME, IF(TABLE_TYPE='BASE TABLE' or TABLE_TYPE='SYSTEM VERSIONED', 'TABLE', IF(TABLE_TYPE='TEMPORARY', 'LOCAL TEMPORARY', TABLE_TYPE)) as TABLE_TYPE, TABLE_COMMENT REMARKS, NULL TYPE_CAT, NULL TYPE_SCHEM, NULL TYPE_NAME, NULL SELF_REFERENCING_COL_NAME,  NULL REF_GENERATION FROM INFORMATION_SCHEMA.TABLES WHERE TABLE_SCHEMA='edext' AND TABLE_NAME='Usuario' AND  TABLE_TYPE IN ('BASE TABLE','SYSTEM VERSIONED','VIEW') ORDER BY TABLE_TYPE, TABLE_SCHEMA, TABLE_NAME
09:55:46 DEBUG [AWT-EventQueue-0]->org.mariadb.jdbc.util.log.Slf4JLogger->debug := execute query: select * from `edext`.`Usuario` where 1=0
09:55:46 DEBUG [AWT-EventQueue-0]->org.mariadb.jdbc.util.log.Slf4JLogger->debug := execute query: SHOW CREATE TABLE `edext`.`Pertenece`
09:55:46 DEBUG [AWT-EventQueue-0]->org.mariadb.jdbc.util.log.Slf4JLogger->debug := execute query: SHOW CREATE TABLE `Usuario`
09:55:46 DEBUG [AWT-EventQueue-0]->org.mariadb.jdbc.util.log.Slf4JLogger->debug := execute query: SHOW CREATE TABLE `Instituto`
09:55:46 DEBUG [AWT-EventQueue-0]->org.mariadb.jdbc.util.log.Slf4JLogger->debug := execute query: SELECT TABLE_SCHEMA TABLE_CAT, NULL  TABLE_SCHEM,  TABLE_NAME, IF(TABLE_TYPE='BASE TABLE' or TABLE_TYPE='SYSTEM VERSIONED', 'TABLE', IF(TABLE_TYPE='TEMPORARY', 'LOCAL TEMPORARY', TABLE_TYPE)) as TABLE_TYPE, TABLE_COMMENT REMARKS, NULL TYPE_CAT, NULL TYPE_SCHEM, NULL TYPE_NAME, NULL SELF_REFERENCING_COL_NAME,  NULL REF_GENERATION FROM INFORMATION_SCHEMA.TABLES WHERE TABLE_SCHEMA='edext' AND TABLE_NAME='Instituto' AND  TABLE_TYPE IN ('BASE TABLE','SYSTEM VERSIONED','VIEW') ORDER BY TABLE_TYPE, TABLE_SCHEMA, TABLE_NAME
09:55:46 DEBUG [AWT-EventQueue-0]->org.mariadb.jdbc.util.log.Slf4JLogger->debug := execute query: select * from `edext`.`Instituto` where 1=0
09:55:46 DEBUG [AWT-EventQueue-0]->org.mariadb.jdbc.util.log.Slf4JLogger->debug := execute query: SELECT TABLE_SCHEMA TABLE_CAT, NULL  TABLE_SCHEM,  TABLE_NAME, IF(TABLE_TYPE='BASE TABLE' or TABLE_TYPE='SYSTEM VERSIONED', 'TABLE', IF(TABLE_TYPE='TEMPORARY', 'LOCAL TEMPORARY', TABLE_TYPE)) as TABLE_TYPE, TABLE_COMMENT REMARKS, NULL TYPE_CAT, NULL TYPE_SCHEM, NULL TYPE_NAME, NULL SELF_REFERENCING_COL_NAME,  NULL REF_GENERATION FROM INFORMATION_SCHEMA.TABLES WHERE TABLE_SCHEMA='edext' AND TABLE_NAME='Usuario' AND  TABLE_TYPE IN ('BASE TABLE','SYSTEM VERSIONED','VIEW') ORDER BY TABLE_TYPE, TABLE_SCHEMA, TABLE_NAME
09:55:46 DEBUG [AWT-EventQueue-0]->org.mariadb.jdbc.util.log.Slf4JLogger->debug := execute query: select * from `edext`.`Usuario` where 1=0
09:55:46 DEBUG [AWT-EventQueue-0]->org.mariadb.jdbc.util.log.Slf4JLogger->debug := execute query: SHOW CREATE TABLE `edext`.`Previas`
09:55:46 DEBUG [AWT-EventQueue-0]->org.mariadb.jdbc.util.log.Slf4JLogger->debug := execute query: SHOW CREATE TABLE `Curso`
09:55:46 DEBUG [AWT-EventQueue-0]->org.mariadb.jdbc.util.log.Slf4JLogger->debug := execute query: SHOW CREATE TABLE `Curso`
09:55:46 DEBUG [AWT-EventQueue-0]->org.mariadb.jdbc.util.log.Slf4JLogger->debug := execute query: SELECT TABLE_SCHEMA TABLE_CAT, NULL  TABLE_SCHEM,  TABLE_NAME, IF(TABLE_TYPE='BASE TABLE' or TABLE_TYPE='SYSTEM VERSIONED', 'TABLE', IF(TABLE_TYPE='TEMPORARY', 'LOCAL TEMPORARY', TABLE_TYPE)) as TABLE_TYPE, TABLE_COMMENT REMARKS, NULL TYPE_CAT, NULL TYPE_SCHEM, NULL TYPE_NAME, NULL SELF_REFERENCING_COL_NAME,  NULL REF_GENERATION FROM INFORMATION_SCHEMA.TABLES WHERE TABLE_SCHEMA='edext' AND TABLE_NAME='Curso' AND  TABLE_TYPE IN ('BASE TABLE','SYSTEM VERSIONED','VIEW') ORDER BY TABLE_TYPE, TABLE_SCHEMA, TABLE_NAME
09:55:46 DEBUG [AWT-EventQueue-0]->org.mariadb.jdbc.util.log.Slf4JLogger->debug := execute query: select * from `edext`.`Curso` where 1=0
09:55:46 DEBUG [AWT-EventQueue-0]->org.mariadb.jdbc.util.log.Slf4JLogger->debug := execute query: SELECT TABLE_SCHEMA TABLE_CAT, NULL  TABLE_SCHEM,  TABLE_NAME, IF(TABLE_TYPE='BASE TABLE' or TABLE_TYPE='SYSTEM VERSIONED', 'TABLE', IF(TABLE_TYPE='TEMPORARY', 'LOCAL TEMPORARY', TABLE_TYPE)) as TABLE_TYPE, TABLE_COMMENT REMARKS, NULL TYPE_CAT, NULL TYPE_SCHEM, NULL TYPE_NAME, NULL SELF_REFERENCING_COL_NAME,  NULL REF_GENERATION FROM INFORMATION_SCHEMA.TABLES WHERE TABLE_SCHEMA='edext' AND TABLE_NAME='Curso' AND  TABLE_TYPE IN ('BASE TABLE','SYSTEM VERSIONED','VIEW') ORDER BY TABLE_TYPE, TABLE_SCHEMA, TABLE_NAME
09:55:46 DEBUG [AWT-EventQueue-0]->org.mariadb.jdbc.util.log.Slf4JLogger->debug := execute query: select * from `edext`.`Curso` where 1=0
09:55:46 DEBUG [AWT-EventQueue-0]->org.mariadb.jdbc.util.log.Slf4JLogger->debug := execute query: set autocommit=0
09:55:46 DEBUG [AWT-EventQueue-0]->org.mariadb.jdbc.util.log.Slf4JLogger->debug := System variable change:  autocommit = OFF
09:55:46 DEBUG [AWT-EventQueue-0]->org.mariadb.jdbc.util.log.Slf4JLogger->debug := execute query: set autocommit=1
09:55:46 DEBUG [AWT-EventQueue-0]->org.mariadb.jdbc.util.log.Slf4JLogger->debug := System variable change:  autocommit = ON
09:55:47 DEBUG [AWT-EventQueue-0]->org.mariadb.jdbc.util.log.Slf4JLogger->debug := execute query: set autocommit=0
09:55:47 DEBUG [AWT-EventQueue-0]->org.mariadb.jdbc.util.log.Slf4JLogger->debug := System variable change:  autocommit = OFF
09:55:47 DEBUG [AWT-EventQueue-0]->org.mariadb.jdbc.util.log.Slf4JLogger->debug := execute query: select i1_0.nombre from Instituto i1_0
09:55:47 DEBUG [AWT-EventQueue-0]->org.mariadb.jdbc.util.log.Slf4JLogger->debug := execute query: set autocommit=1
09:55:47 DEBUG [AWT-EventQueue-0]->org.mariadb.jdbc.util.log.Slf4JLogger->debug := System variable change:  autocommit = ON
10:02:48 DEBUG [AWT-EventQueue-0]->org.mariadb.jdbc.util.log.Slf4JLogger->debug := execute query: CREATE DATABASE IF NOT EXISTS `edext`
10:02:48 DEBUG [AWT-EventQueue-0]->org.mariadb.jdbc.util.log.Slf4JLogger->debug := execute query: USE `edext`
10:02:48 DEBUG [AWT-EventQueue-0]->org.mariadb.jdbc.util.log.Slf4JLogger->debug := execute query: SET NAMES utf8mb4
10:02:48 DEBUG [AWT-EventQueue-0]->org.mariadb.jdbc.util.log.Slf4JLogger->debug := Database change: is 'edext'
10:02:48 DEBUG [AWT-EventQueue-0]->org.mariadb.jdbc.util.log.Slf4JLogger->debug := System variable change:  character_set_connection = utf8mb4
10:02:48 DEBUG [AWT-EventQueue-0]->org.mariadb.jdbc.util.log.Slf4JLogger->debug := System variable change:  character_set_client = utf8mb4
10:02:48 DEBUG [AWT-EventQueue-0]->org.mariadb.jdbc.util.log.Slf4JLogger->debug := System variable change:  character_set_results = utf8mb4
10:02:48 DEBUG [AWT-EventQueue-0]->org.mariadb.jdbc.util.log.Slf4JLogger->debug := execute query: set autocommit=0
10:02:48 DEBUG [AWT-EventQueue-0]->org.mariadb.jdbc.util.log.Slf4JLogger->debug := System variable change:  autocommit = OFF
10:02:48 DEBUG [AWT-EventQueue-0]->org.mariadb.jdbc.util.log.Slf4JLogger->debug := execute query: SELECT @@character_set_database, @@sql_mode
10:02:48 DEBUG [AWT-EventQueue-0]->org.mariadb.jdbc.util.log.Slf4JLogger->debug := execute query: select @@lower_case_table_names
10:02:48 DEBUG [AWT-EventQueue-0]->org.mariadb.jdbc.util.log.Slf4JLogger->debug := execute query: set autocommit=1
10:02:48 DEBUG [AWT-EventQueue-0]->org.mariadb.jdbc.util.log.Slf4JLogger->debug := System variable change:  autocommit = ON
10:02:51 DEBUG [AWT-EventQueue-0]->org.mariadb.jdbc.util.log.Slf4JLogger->debug := execute query: set autocommit=0
10:02:51 DEBUG [AWT-EventQueue-0]->org.mariadb.jdbc.util.log.Slf4JLogger->debug := System variable change:  autocommit = OFF
10:02:51 DEBUG [AWT-EventQueue-0]->org.mariadb.jdbc.util.log.Slf4JLogger->debug := execute query: set autocommit=1
10:02:51 DEBUG [AWT-EventQueue-0]->org.mariadb.jdbc.util.log.Slf4JLogger->debug := System variable change:  autocommit = ON
10:02:51 DEBUG [AWT-EventQueue-0]->org.mariadb.jdbc.util.log.Slf4JLogger->debug := execute query: select table_name from information_schema.TABLES where table_schema=database() and table_type='SEQUENCE'
10:02:51 DEBUG [AWT-EventQueue-0]->org.mariadb.jdbc.util.log.Slf4JLogger->debug := execute query: SELECT TABLE_SCHEMA TABLE_CAT, NULL  TABLE_SCHEM,  TABLE_NAME, IF(TABLE_TYPE='BASE TABLE' or TABLE_TYPE='SYSTEM VERSIONED', 'TABLE', IF(TABLE_TYPE='TEMPORARY', 'LOCAL TEMPORARY', TABLE_TYPE)) as TABLE_TYPE, TABLE_COMMENT REMARKS, NULL TYPE_CAT, NULL TYPE_SCHEM, NULL TYPE_NAME, NULL SELF_REFERENCING_COL_NAME,  NULL REF_GENERATION FROM INFORMATION_SCHEMA.TABLES WHERE TABLE_SCHEMA='edext' AND  TABLE_TYPE IN ('BASE TABLE','SYSTEM VERSIONED','VIEW') ORDER BY TABLE_TYPE, TABLE_SCHEMA, TABLE_NAME
10:02:51 DEBUG [AWT-EventQueue-0]->org.mariadb.jdbc.util.log.Slf4JLogger->debug := execute query: SELECT TABLE_SCHEMA TABLE_CAT, NULL TABLE_SCHEM, TABLE_NAME, COLUMN_NAME, CASE data_type WHEN 'bit' THEN -7 WHEN 'tinyblob' THEN -3 WHEN 'mediumblob' THEN -4 WHEN 'longblob' THEN -4 WHEN 'blob' THEN -4 WHEN 'tinytext' THEN 12 WHEN 'mediumtext' THEN -1 WHEN 'longtext' THEN -1 WHEN 'text' THEN -1 WHEN 'date' THEN 91 WHEN 'datetime' THEN 93 WHEN 'decimal' THEN 3 WHEN 'double' THEN 8 WHEN 'enum' THEN 12 WHEN 'float' THEN 7 WHEN 'int' THEN IF( COLUMN_TYPE like '%unsigned%', 4,4) WHEN 'bigint' THEN -5 WHEN 'mediumint' THEN 4 WHEN 'null' THEN 0 WHEN 'set' THEN 12 WHEN 'smallint' THEN IF( COLUMN_TYPE like '%unsigned%', 5,5) WHEN 'varchar' THEN 12 WHEN 'varbinary' THEN -3 WHEN 'char' THEN 1 WHEN 'binary' THEN -2 WHEN 'time' THEN 92 WHEN 'timestamp' THEN 93 WHEN 'tinyint' THEN IF(COLUMN_TYPE like 'tinyint(1)%',16,-6)  WHEN 'year' THEN 91 ELSE 1111 END  DATA_TYPE, IF(COLUMN_TYPE like 'tinyint(1)%', 'BOOLEAN',  UCASE(IF( COLUMN_TYPE LIKE '%(%)%', CONCAT(SUBSTRING( COLUMN_TYPE,1, LOCATE('(',COLUMN_TYPE) - 1 ), SUBSTRING(COLUMN_TYPE ,1+locate(')', COLUMN_TYPE))), COLUMN_TYPE))) TYPE_NAME, CASE DATA_TYPE WHEN 'date' THEN 10  WHEN 'time' THEN IF(DATETIME_PRECISION = 0, 10, CAST(11 + DATETIME_PRECISION as signed integer))  WHEN 'datetime' THEN IF(DATETIME_PRECISION = 0, 19, CAST(20 + DATETIME_PRECISION as signed integer))  WHEN 'timestamp' THEN IF(DATETIME_PRECISION = 0, 19, CAST(20 + DATETIME_PRECISION as signed integer))  ELSE   IF(NUMERIC_PRECISION IS NULL, LEAST(CHARACTER_MAXIMUM_LENGTH,2147483647), NUMERIC_PRECISION)  END COLUMN_SIZE, 65535 BUFFER_LENGTH,  CONVERT (CASE DATA_TYPE WHEN 'year' THEN NUMERIC_SCALE WHEN 'tinyint' THEN 0 ELSE NUMERIC_SCALE END, UNSIGNED INTEGER) DECIMAL_DIGITS, 10 NUM_PREC_RADIX, IF(IS_NULLABLE = 'yes',1,0) NULLABLE,COLUMN_COMMENT REMARKS, COLUMN_DEFAULT COLUMN_DEF, 0 SQL_DATA_TYPE, 0 SQL_DATETIME_SUB,   LEAST(CHARACTER_OCTET_LENGTH,2147483647) CHAR_OCTET_LENGTH, ORDINAL_POSITION, IS_NULLABLE, NULL SCOPE_CATALOG, NULL SCOPE_SCHEMA, NULL SCOPE_TABLE, NULL SOURCE_DATA_TYPE, IF(EXTRA = 'auto_increment','YES','NO') IS_AUTOINCREMENT,  IF(EXTRA in ('VIRTUAL', 'PERSISTENT', 'VIRTUAL GENERATED', 'STORED GENERATED') ,'YES','NO') IS_GENERATEDCOLUMN  FROM INFORMATION_SCHEMA.COLUMNS WHERE TABLE_SCHEMA='edext' ORDER BY TABLE_CAT, TABLE_SCHEM, TABLE_NAME, ORDINAL_POSITION
10:02:51 DEBUG [AWT-EventQueue-0]->org.mariadb.jdbc.util.log.Slf4JLogger->debug := execute query: SHOW CREATE TABLE `edext`.`Curso`
10:02:51 DEBUG [AWT-EventQueue-0]->org.mariadb.jdbc.util.log.Slf4JLogger->debug := execute query: SHOW CREATE TABLE `Instituto`
10:02:51 DEBUG [AWT-EventQueue-0]->org.mariadb.jdbc.util.log.Slf4JLogger->debug := execute query: SELECT TABLE_SCHEMA TABLE_CAT, NULL  TABLE_SCHEM,  TABLE_NAME, IF(TABLE_TYPE='BASE TABLE' or TABLE_TYPE='SYSTEM VERSIONED', 'TABLE', IF(TABLE_TYPE='TEMPORARY', 'LOCAL TEMPORARY', TABLE_TYPE)) as TABLE_TYPE, TABLE_COMMENT REMARKS, NULL TYPE_CAT, NULL TYPE_SCHEM, NULL TYPE_NAME, NULL SELF_REFERENCING_COL_NAME,  NULL REF_GENERATION FROM INFORMATION_SCHEMA.TABLES WHERE TABLE_SCHEMA='edext' AND TABLE_NAME='Instituto' AND  TABLE_TYPE IN ('BASE TABLE','SYSTEM VERSIONED','VIEW') ORDER BY TABLE_TYPE, TABLE_SCHEMA, TABLE_NAME
10:02:51 DEBUG [AWT-EventQueue-0]->org.mariadb.jdbc.util.log.Slf4JLogger->debug := execute query: select * from `edext`.`Instituto` where 1=0
10:02:51 DEBUG [AWT-EventQueue-0]->org.mariadb.jdbc.util.log.Slf4JLogger->debug := execute query: SHOW CREATE TABLE `edext`.`Edicion`
10:02:51 DEBUG [AWT-EventQueue-0]->org.mariadb.jdbc.util.log.Slf4JLogger->debug := execute query: SHOW CREATE TABLE `Curso`
10:02:51 DEBUG [AWT-EventQueue-0]->org.mariadb.jdbc.util.log.Slf4JLogger->debug := execute query: SELECT TABLE_SCHEMA TABLE_CAT, NULL  TABLE_SCHEM,  TABLE_NAME, IF(TABLE_TYPE='BASE TABLE' or TABLE_TYPE='SYSTEM VERSIONED', 'TABLE', IF(TABLE_TYPE='TEMPORARY', 'LOCAL TEMPORARY', TABLE_TYPE)) as TABLE_TYPE, TABLE_COMMENT REMARKS, NULL TYPE_CAT, NULL TYPE_SCHEM, NULL TYPE_NAME, NULL SELF_REFERENCING_COL_NAME,  NULL REF_GENERATION FROM INFORMATION_SCHEMA.TABLES WHERE TABLE_SCHEMA='edext' AND TABLE_NAME='Curso' AND  TABLE_TYPE IN ('BASE TABLE','SYSTEM VERSIONED','VIEW') ORDER BY TABLE_TYPE, TABLE_SCHEMA, TABLE_NAME
10:02:51 DEBUG [AWT-EventQueue-0]->org.mariadb.jdbc.util.log.Slf4JLogger->debug := execute query: select * from `edext`.`Curso` where 1=0
10:02:51 DEBUG [AWT-EventQueue-0]->org.mariadb.jdbc.util.log.Slf4JLogger->debug := execute query: SHOW CREATE TABLE `edext`.`InscripcionEdicion`
10:02:51 DEBUG [AWT-EventQueue-0]->org.mariadb.jdbc.util.log.Slf4JLogger->debug := execute query: SHOW CREATE TABLE `Edicion`
10:02:51 DEBUG [AWT-EventQueue-0]->org.mariadb.jdbc.util.log.Slf4JLogger->debug := execute query: SHOW CREATE TABLE `Usuario`
10:02:51 DEBUG [AWT-EventQueue-0]->org.mariadb.jdbc.util.log.Slf4JLogger->debug := execute query: SELECT TABLE_SCHEMA TABLE_CAT, NULL  TABLE_SCHEM,  TABLE_NAME, IF(TABLE_TYPE='BASE TABLE' or TABLE_TYPE='SYSTEM VERSIONED', 'TABLE', IF(TABLE_TYPE='TEMPORARY', 'LOCAL TEMPORARY', TABLE_TYPE)) as TABLE_TYPE, TABLE_COMMENT REMARKS, NULL TYPE_CAT, NULL TYPE_SCHEM, NULL TYPE_NAME, NULL SELF_REFERENCING_COL_NAME,  NULL REF_GENERATION FROM INFORMATION_SCHEMA.TABLES WHERE TABLE_SCHEMA='edext' AND TABLE_NAME='Edicion' AND  TABLE_TYPE IN ('BASE TABLE','SYSTEM VERSIONED','VIEW') ORDER BY TABLE_TYPE, TABLE_SCHEMA, TABLE_NAME
10:02:51 DEBUG [AWT-EventQueue-0]->org.mariadb.jdbc.util.log.Slf4JLogger->debug := execute query: select * from `edext`.`Edicion` where 1=0
10:02:51 DEBUG [AWT-EventQueue-0]->org.mariadb.jdbc.util.log.Slf4JLogger->debug := execute query: SELECT TABLE_SCHEMA TABLE_CAT, NULL  TABLE_SCHEM,  TABLE_NAME, IF(TABLE_TYPE='BASE TABLE' or TABLE_TYPE='SYSTEM VERSIONED', 'TABLE', IF(TABLE_TYPE='TEMPORARY', 'LOCAL TEMPORARY', TABLE_TYPE)) as TABLE_TYPE, TABLE_COMMENT REMARKS, NULL TYPE_CAT, NULL TYPE_SCHEM, NULL TYPE_NAME, NULL SELF_REFERENCING_COL_NAME,  NULL REF_GENERATION FROM INFORMATION_SCHEMA.TABLES WHERE TABLE_SCHEMA='edext' AND TABLE_NAME='Usuario' AND  TABLE_TYPE IN ('BASE TABLE','SYSTEM VERSIONED','VIEW') ORDER BY TABLE_TYPE, TABLE_SCHEMA, TABLE_NAME
10:02:51 DEBUG [AWT-EventQueue-0]->org.mariadb.jdbc.util.log.Slf4JLogger->debug := execute query: select * from `edext`.`Usuario` where 1=0
10:02:51 DEBUG [AWT-EventQueue-0]->org.mariadb.jdbc.util.log.Slf4JLogger->debug := execute query: SHOW CREATE TABLE `edext`.`InscripcionPrograma`
10:02:51 DEBUG [AWT-EventQueue-0]->org.mariadb.jdbc.util.log.Slf4JLogger->debug := execute query: SHOW CREATE TABLE `Usuario`
10:02:51 DEBUG [AWT-EventQueue-0]->org.mariadb.jdbc.util.log.Slf4JLogger->debug := execute query: SHOW CREATE TABLE `ProgramaFormacion`
10:02:51 DEBUG [AWT-EventQueue-0]->org.mariadb.jdbc.util.log.Slf4JLogger->debug := execute query: SELECT TABLE_SCHEMA TABLE_CAT, NULL  TABLE_SCHEM,  TABLE_NAME, IF(TABLE_TYPE='BASE TABLE' or TABLE_TYPE='SYSTEM VERSIONED', 'TABLE', IF(TABLE_TYPE='TEMPORARY', 'LOCAL TEMPORARY', TABLE_TYPE)) as TABLE_TYPE, TABLE_COMMENT REMARKS, NULL TYPE_CAT, NULL TYPE_SCHEM, NULL TYPE_NAME, NULL SELF_REFERENCING_COL_NAME,  NULL REF_GENERATION FROM INFORMATION_SCHEMA.TABLES WHERE TABLE_SCHEMA='edext' AND TABLE_NAME='ProgramaFormacion' AND  TABLE_TYPE IN ('BASE TABLE','SYSTEM VERSIONED','VIEW') ORDER BY TABLE_TYPE, TABLE_SCHEMA, TABLE_NAME
10:02:51 DEBUG [AWT-EventQueue-0]->org.mariadb.jdbc.util.log.Slf4JLogger->debug := execute query: select * from `edext`.`ProgramaFormacion` where 1=0
10:02:51 DEBUG [AWT-EventQueue-0]->org.mariadb.jdbc.util.log.Slf4JLogger->debug := execute query: SELECT TABLE_SCHEMA TABLE_CAT, NULL  TABLE_SCHEM,  TABLE_NAME, IF(TABLE_TYPE='BASE TABLE' or TABLE_TYPE='SYSTEM VERSIONED', 'TABLE', IF(TABLE_TYPE='TEMPORARY', 'LOCAL TEMPORARY', TABLE_TYPE)) as TABLE_TYPE, TABLE_COMMENT REMARKS, NULL TYPE_CAT, NULL TYPE_SCHEM, NULL TYPE_NAME, NULL SELF_REFERENCING_COL_NAME,  NULL REF_GENERATION FROM INFORMATION_SCHEMA.TABLES WHERE TABLE_SCHEMA='edext' AND TABLE_NAME='Usuario' AND  TABLE_TYPE IN ('BASE TABLE','SYSTEM VERSIONED','VIEW') ORDER BY TABLE_TYPE, TABLE_SCHEMA, TABLE_NAME
10:02:51 DEBUG [AWT-EventQueue-0]->org.mariadb.jdbc.util.log.Slf4JLogger->debug := execute query: select * from `edext`.`Usuario` where 1=0
10:02:51 DEBUG [AWT-EventQueue-0]->org.mariadb.jdbc.util.log.Slf4JLogger->debug := execute query: SHOW CREATE TABLE `edext`.`Integra`
10:02:51 DEBUG [AWT-EventQueue-0]->org.mariadb.jdbc.util.log.Slf4JLogger->debug := execute query: SHOW CREATE TABLE `ProgramaFormacion`
10:02:51 DEBUG [AWT-EventQueue-0]->org.mariadb.jdbc.util.log.Slf4JLogger->debug := execute query: SHOW CREATE TABLE `Curso`
10:02:51 DEBUG [AWT-EventQueue-0]->org.mariadb.jdbc.util.log.Slf4JLogger->debug := execute query: SELECT TABLE_SCHEMA TABLE_CAT, NULL  TABLE_SCHEM,  TABLE_NAME, IF(TABLE_TYPE='BASE TABLE' or TABLE_TYPE='SYSTEM VERSIONED', 'TABLE', IF(TABLE_TYPE='TEMPORARY', 'LOCAL TEMPORARY', TABLE_TYPE)) as TABLE_TYPE, TABLE_COMMENT REMARKS, NULL TYPE_CAT, NULL TYPE_SCHEM, NULL TYPE_NAME, NULL SELF_REFERENCING_COL_NAME,  NULL REF_GENERATION FROM INFORMATION_SCHEMA.TABLES WHERE TABLE_SCHEMA='edext' AND TABLE_NAME='Curso' AND  TABLE_TYPE IN ('BASE TABLE','SYSTEM VERSIONED','VIEW') ORDER BY TABLE_TYPE, TABLE_SCHEMA, TABLE_NAME
10:02:51 DEBUG [AWT-EventQueue-0]->org.mariadb.jdbc.util.log.Slf4JLogger->debug := execute query: select * from `edext`.`Curso` where 1=0
10:02:51 DEBUG [AWT-EventQueue-0]->org.mariadb.jdbc.util.log.Slf4JLogger->debug := execute query: SELECT TABLE_SCHEMA TABLE_CAT, NULL  TABLE_SCHEM,  TABLE_NAME, IF(TABLE_TYPE='BASE TABLE' or TABLE_TYPE='SYSTEM VERSIONED', 'TABLE', IF(TABLE_TYPE='TEMPORARY', 'LOCAL TEMPORARY', TABLE_TYPE)) as TABLE_TYPE, TABLE_COMMENT REMARKS, NULL TYPE_CAT, NULL TYPE_SCHEM, NULL TYPE_NAME, NULL SELF_REFERENCING_COL_NAME,  NULL REF_GENERATION FROM INFORMATION_SCHEMA.TABLES WHERE TABLE_SCHEMA='edext' AND TABLE_NAME='ProgramaFormacion' AND  TABLE_TYPE IN ('BASE TABLE','SYSTEM VERSIONED','VIEW') ORDER BY TABLE_TYPE, TABLE_SCHEMA, TABLE_NAME
10:02:51 DEBUG [AWT-EventQueue-0]->org.mariadb.jdbc.util.log.Slf4JLogger->debug := execute query: select * from `edext`.`ProgramaFormacion` where 1=0
10:02:51 DEBUG [AWT-EventQueue-0]->org.mariadb.jdbc.util.log.Slf4JLogger->debug := execute query: SHOW CREATE TABLE `edext`.`Organiza`
10:02:51 DEBUG [AWT-EventQueue-0]->org.mariadb.jdbc.util.log.Slf4JLogger->debug := execute query: SHOW CREATE TABLE `Edicion`
10:02:51 DEBUG [AWT-EventQueue-0]->org.mariadb.jdbc.util.log.Slf4JLogger->debug := execute query: SHOW CREATE TABLE `Usuario`
10:02:51 DEBUG [AWT-EventQueue-0]->org.mariadb.jdbc.util.log.Slf4JLogger->debug := execute query: SELECT TABLE_SCHEMA TABLE_CAT, NULL  TABLE_SCHEM,  TABLE_NAME, IF(TABLE_TYPE='BASE TABLE' or TABLE_TYPE='SYSTEM VERSIONED', 'TABLE', IF(TABLE_TYPE='TEMPORARY', 'LOCAL TEMPORARY', TABLE_TYPE)) as TABLE_TYPE, TABLE_COMMENT REMARKS, NULL TYPE_CAT, NULL TYPE_SCHEM, NULL TYPE_NAME, NULL SELF_REFERENCING_COL_NAME,  NULL REF_GENERATION FROM INFORMATION_SCHEMA.TABLES WHERE TABLE_SCHEMA='edext' AND TABLE_NAME='Edicion' AND  TABLE_TYPE IN ('BASE TABLE','SYSTEM VERSIONED','VIEW') ORDER BY TABLE_TYPE, TABLE_SCHEMA, TABLE_NAME
10:02:51 DEBUG [AWT-EventQueue-0]->org.mariadb.jdbc.util.log.Slf4JLogger->debug := execute query: select * from `edext`.`Edicion` where 1=0
10:02:51 DEBUG [AWT-EventQueue-0]->org.mariadb.jdbc.util.log.Slf4JLogger->debug := execute query: SELECT TABLE_SCHEMA TABLE_CAT, NULL  TABLE_SCHEM,  TABLE_NAME, IF(TABLE_TYPE='BASE TABLE' or TABLE_TYPE='SYSTEM VERSIONED', 'TABLE', IF(TABLE_TYPE='TEMPORARY', 'LOCAL TEMPORARY', TABLE_TYPE)) as TABLE_TYPE, TABLE_COMMENT REMARKS, NULL TYPE_CAT, NULL TYPE_SCHEM, NULL TYPE_NAME, NULL SELF_REFERENCING_COL_NAME,  NULL REF_GENERATION FROM INFORMATION_SCHEMA.TABLES WHERE TABLE_SCHEMA='edext' AND TABLE_NAME='Usuario' AND  TABLE_TYPE IN ('BASE TABLE','SYSTEM VERSIONED','VIEW') ORDER BY TABLE_TYPE, TABLE_SCHEMA, TABLE_NAME
10:02:51 DEBUG [AWT-EventQueue-0]->org.mariadb.jdbc.util.log.Slf4JLogger->debug := execute query: select * from `edext`.`Usuario` where 1=0
10:02:51 DEBUG [AWT-EventQueue-0]->org.mariadb.jdbc.util.log.Slf4JLogger->debug := execute query: SHOW CREATE TABLE `edext`.`Pertenece`
10:02:51 DEBUG [AWT-EventQueue-0]->org.mariadb.jdbc.util.log.Slf4JLogger->debug := execute query: SHOW CREATE TABLE `Usuario`
10:02:51 DEBUG [AWT-EventQueue-0]->org.mariadb.jdbc.util.log.Slf4JLogger->debug := execute query: SHOW CREATE TABLE `Instituto`
10:02:51 DEBUG [AWT-EventQueue-0]->org.mariadb.jdbc.util.log.Slf4JLogger->debug := execute query: SELECT TABLE_SCHEMA TABLE_CAT, NULL  TABLE_SCHEM,  TABLE_NAME, IF(TABLE_TYPE='BASE TABLE' or TABLE_TYPE='SYSTEM VERSIONED', 'TABLE', IF(TABLE_TYPE='TEMPORARY', 'LOCAL TEMPORARY', TABLE_TYPE)) as TABLE_TYPE, TABLE_COMMENT REMARKS, NULL TYPE_CAT, NULL TYPE_SCHEM, NULL TYPE_NAME, NULL SELF_REFERENCING_COL_NAME,  NULL REF_GENERATION FROM INFORMATION_SCHEMA.TABLES WHERE TABLE_SCHEMA='edext' AND TABLE_NAME='Instituto' AND  TABLE_TYPE IN ('BASE TABLE','SYSTEM VERSIONED','VIEW') ORDER BY TABLE_TYPE, TABLE_SCHEMA, TABLE_NAME
10:02:51 DEBUG [AWT-EventQueue-0]->org.mariadb.jdbc.util.log.Slf4JLogger->debug := execute query: select * from `edext`.`Instituto` where 1=0
10:02:51 DEBUG [AWT-EventQueue-0]->org.mariadb.jdbc.util.log.Slf4JLogger->debug := execute query: SELECT TABLE_SCHEMA TABLE_CAT, NULL  TABLE_SCHEM,  TABLE_NAME, IF(TABLE_TYPE='BASE TABLE' or TABLE_TYPE='SYSTEM VERSIONED', 'TABLE', IF(TABLE_TYPE='TEMPORARY', 'LOCAL TEMPORARY', TABLE_TYPE)) as TABLE_TYPE, TABLE_COMMENT REMARKS, NULL TYPE_CAT, NULL TYPE_SCHEM, NULL TYPE_NAME, NULL SELF_REFERENCING_COL_NAME,  NULL REF_GENERATION FROM INFORMATION_SCHEMA.TABLES WHERE TABLE_SCHEMA='edext' AND TABLE_NAME='Usuario' AND  TABLE_TYPE IN ('BASE TABLE','SYSTEM VERSIONED','VIEW') ORDER BY TABLE_TYPE, TABLE_SCHEMA, TABLE_NAME
10:02:51 DEBUG [AWT-EventQueue-0]->org.mariadb.jdbc.util.log.Slf4JLogger->debug := execute query: select * from `edext`.`Usuario` where 1=0
10:02:51 DEBUG [AWT-EventQueue-0]->org.mariadb.jdbc.util.log.Slf4JLogger->debug := execute query: SHOW CREATE TABLE `edext`.`Previas`
10:02:51 DEBUG [AWT-EventQueue-0]->org.mariadb.jdbc.util.log.Slf4JLogger->debug := execute query: SHOW CREATE TABLE `Curso`
10:02:51 DEBUG [AWT-EventQueue-0]->org.mariadb.jdbc.util.log.Slf4JLogger->debug := execute query: SHOW CREATE TABLE `Curso`
10:02:51 DEBUG [AWT-EventQueue-0]->org.mariadb.jdbc.util.log.Slf4JLogger->debug := execute query: SELECT TABLE_SCHEMA TABLE_CAT, NULL  TABLE_SCHEM,  TABLE_NAME, IF(TABLE_TYPE='BASE TABLE' or TABLE_TYPE='SYSTEM VERSIONED', 'TABLE', IF(TABLE_TYPE='TEMPORARY', 'LOCAL TEMPORARY', TABLE_TYPE)) as TABLE_TYPE, TABLE_COMMENT REMARKS, NULL TYPE_CAT, NULL TYPE_SCHEM, NULL TYPE_NAME, NULL SELF_REFERENCING_COL_NAME,  NULL REF_GENERATION FROM INFORMATION_SCHEMA.TABLES WHERE TABLE_SCHEMA='edext' AND TABLE_NAME='Curso' AND  TABLE_TYPE IN ('BASE TABLE','SYSTEM VERSIONED','VIEW') ORDER BY TABLE_TYPE, TABLE_SCHEMA, TABLE_NAME
10:02:51 DEBUG [AWT-EventQueue-0]->org.mariadb.jdbc.util.log.Slf4JLogger->debug := execute query: select * from `edext`.`Curso` where 1=0
10:02:51 DEBUG [AWT-EventQueue-0]->org.mariadb.jdbc.util.log.Slf4JLogger->debug := execute query: SELECT TABLE_SCHEMA TABLE_CAT, NULL  TABLE_SCHEM,  TABLE_NAME, IF(TABLE_TYPE='BASE TABLE' or TABLE_TYPE='SYSTEM VERSIONED', 'TABLE', IF(TABLE_TYPE='TEMPORARY', 'LOCAL TEMPORARY', TABLE_TYPE)) as TABLE_TYPE, TABLE_COMMENT REMARKS, NULL TYPE_CAT, NULL TYPE_SCHEM, NULL TYPE_NAME, NULL SELF_REFERENCING_COL_NAME,  NULL REF_GENERATION FROM INFORMATION_SCHEMA.TABLES WHERE TABLE_SCHEMA='edext' AND TABLE_NAME='Curso' AND  TABLE_TYPE IN ('BASE TABLE','SYSTEM VERSIONED','VIEW') ORDER BY TABLE_TYPE, TABLE_SCHEMA, TABLE_NAME
10:02:51 DEBUG [AWT-EventQueue-0]->org.mariadb.jdbc.util.log.Slf4JLogger->debug := execute query: select * from `edext`.`Curso` where 1=0
10:02:51 DEBUG [AWT-EventQueue-0]->org.mariadb.jdbc.util.log.Slf4JLogger->debug := execute query: set autocommit=0
10:02:51 DEBUG [AWT-EventQueue-0]->org.mariadb.jdbc.util.log.Slf4JLogger->debug := System variable change:  autocommit = OFF
10:02:51 DEBUG [AWT-EventQueue-0]->org.mariadb.jdbc.util.log.Slf4JLogger->debug := execute query: set autocommit=1
10:02:51 DEBUG [AWT-EventQueue-0]->org.mariadb.jdbc.util.log.Slf4JLogger->debug := System variable change:  autocommit = ON
10:02:51 DEBUG [AWT-EventQueue-0]->org.mariadb.jdbc.util.log.Slf4JLogger->debug := execute query: set autocommit=0
10:02:51 DEBUG [AWT-EventQueue-0]->org.mariadb.jdbc.util.log.Slf4JLogger->debug := System variable change:  autocommit = OFF
10:02:51 DEBUG [AWT-EventQueue-0]->org.mariadb.jdbc.util.log.Slf4JLogger->debug := execute query: select i1_0.nombre from Instituto i1_0
10:02:51 DEBUG [AWT-EventQueue-0]->org.mariadb.jdbc.util.log.Slf4JLogger->debug := execute query: set autocommit=1
10:02:51 DEBUG [AWT-EventQueue-0]->org.mariadb.jdbc.util.log.Slf4JLogger->debug := System variable change:  autocommit = ON
10:05:07 DEBUG [AWT-EventQueue-0]->org.mariadb.jdbc.util.log.Slf4JLogger->debug := execute query: CREATE DATABASE IF NOT EXISTS `edext`
10:05:07 DEBUG [AWT-EventQueue-0]->org.mariadb.jdbc.util.log.Slf4JLogger->debug := execute query: USE `edext`
10:05:07 DEBUG [AWT-EventQueue-0]->org.mariadb.jdbc.util.log.Slf4JLogger->debug := execute query: SET NAMES utf8mb4
10:05:07 DEBUG [AWT-EventQueue-0]->org.mariadb.jdbc.util.log.Slf4JLogger->debug := Database change: is 'edext'
10:05:07 DEBUG [AWT-EventQueue-0]->org.mariadb.jdbc.util.log.Slf4JLogger->debug := System variable change:  character_set_connection = utf8mb4
10:05:07 DEBUG [AWT-EventQueue-0]->org.mariadb.jdbc.util.log.Slf4JLogger->debug := System variable change:  character_set_client = utf8mb4
10:05:07 DEBUG [AWT-EventQueue-0]->org.mariadb.jdbc.util.log.Slf4JLogger->debug := System variable change:  character_set_results = utf8mb4
10:05:07 DEBUG [AWT-EventQueue-0]->org.mariadb.jdbc.util.log.Slf4JLogger->debug := execute query: set autocommit=0
10:05:07 DEBUG [AWT-EventQueue-0]->org.mariadb.jdbc.util.log.Slf4JLogger->debug := System variable change:  autocommit = OFF
10:05:07 DEBUG [AWT-EventQueue-0]->org.mariadb.jdbc.util.log.Slf4JLogger->debug := execute query: SELECT @@character_set_database, @@sql_mode
10:05:07 DEBUG [AWT-EventQueue-0]->org.mariadb.jdbc.util.log.Slf4JLogger->debug := execute query: select @@lower_case_table_names
10:05:07 DEBUG [AWT-EventQueue-0]->org.mariadb.jdbc.util.log.Slf4JLogger->debug := execute query: set autocommit=1
10:05:07 DEBUG [AWT-EventQueue-0]->org.mariadb.jdbc.util.log.Slf4JLogger->debug := System variable change:  autocommit = ON
10:05:10 DEBUG [AWT-EventQueue-0]->org.mariadb.jdbc.util.log.Slf4JLogger->debug := execute query: set autocommit=0
10:05:10 DEBUG [AWT-EventQueue-0]->org.mariadb.jdbc.util.log.Slf4JLogger->debug := System variable change:  autocommit = OFF
10:05:10 DEBUG [AWT-EventQueue-0]->org.mariadb.jdbc.util.log.Slf4JLogger->debug := execute query: set autocommit=1
10:05:10 DEBUG [AWT-EventQueue-0]->org.mariadb.jdbc.util.log.Slf4JLogger->debug := System variable change:  autocommit = ON
10:05:10 DEBUG [AWT-EventQueue-0]->org.mariadb.jdbc.util.log.Slf4JLogger->debug := execute query: select table_name from information_schema.TABLES where table_schema=database() and table_type='SEQUENCE'
10:05:10 DEBUG [AWT-EventQueue-0]->org.mariadb.jdbc.util.log.Slf4JLogger->debug := execute query: SELECT TABLE_SCHEMA TABLE_CAT, NULL  TABLE_SCHEM,  TABLE_NAME, IF(TABLE_TYPE='BASE TABLE' or TABLE_TYPE='SYSTEM VERSIONED', 'TABLE', IF(TABLE_TYPE='TEMPORARY', 'LOCAL TEMPORARY', TABLE_TYPE)) as TABLE_TYPE, TABLE_COMMENT REMARKS, NULL TYPE_CAT, NULL TYPE_SCHEM, NULL TYPE_NAME, NULL SELF_REFERENCING_COL_NAME,  NULL REF_GENERATION FROM INFORMATION_SCHEMA.TABLES WHERE TABLE_SCHEMA='edext' AND  TABLE_TYPE IN ('BASE TABLE','SYSTEM VERSIONED','VIEW') ORDER BY TABLE_TYPE, TABLE_SCHEMA, TABLE_NAME
10:05:10 DEBUG [AWT-EventQueue-0]->org.mariadb.jdbc.util.log.Slf4JLogger->debug := execute query: SELECT TABLE_SCHEMA TABLE_CAT, NULL TABLE_SCHEM, TABLE_NAME, COLUMN_NAME, CASE data_type WHEN 'bit' THEN -7 WHEN 'tinyblob' THEN -3 WHEN 'mediumblob' THEN -4 WHEN 'longblob' THEN -4 WHEN 'blob' THEN -4 WHEN 'tinytext' THEN 12 WHEN 'mediumtext' THEN -1 WHEN 'longtext' THEN -1 WHEN 'text' THEN -1 WHEN 'date' THEN 91 WHEN 'datetime' THEN 93 WHEN 'decimal' THEN 3 WHEN 'double' THEN 8 WHEN 'enum' THEN 12 WHEN 'float' THEN 7 WHEN 'int' THEN IF( COLUMN_TYPE like '%unsigned%', 4,4) WHEN 'bigint' THEN -5 WHEN 'mediumint' THEN 4 WHEN 'null' THEN 0 WHEN 'set' THEN 12 WHEN 'smallint' THEN IF( COLUMN_TYPE like '%unsigned%', 5,5) WHEN 'varchar' THEN 12 WHEN 'varbinary' THEN -3 WHEN 'char' THEN 1 WHEN 'binary' THEN -2 WHEN 'time' THEN 92 WHEN 'timestamp' THEN 93 WHEN 'tinyint' THEN IF(COLUMN_TYPE like 'tinyint(1)%',16,-6)  WHEN 'year' THEN 91 ELSE 1111 END  DATA_TYPE, IF(COLUMN_TYPE like 'tinyint(1)%', 'BOOLEAN',  UCASE(IF( COLUMN_TYPE LIKE '%(%)%', CONCAT(SUBSTRING( COLUMN_TYPE,1, LOCATE('(',COLUMN_TYPE) - 1 ), SUBSTRING(COLUMN_TYPE ,1+locate(')', COLUMN_TYPE))), COLUMN_TYPE))) TYPE_NAME, CASE DATA_TYPE WHEN 'date' THEN 10  WHEN 'time' THEN IF(DATETIME_PRECISION = 0, 10, CAST(11 + DATETIME_PRECISION as signed integer))  WHEN 'datetime' THEN IF(DATETIME_PRECISION = 0, 19, CAST(20 + DATETIME_PRECISION as signed integer))  WHEN 'timestamp' THEN IF(DATETIME_PRECISION = 0, 19, CAST(20 + DATETIME_PRECISION as signed integer))  ELSE   IF(NUMERIC_PRECISION IS NULL, LEAST(CHARACTER_MAXIMUM_LENGTH,2147483647), NUMERIC_PRECISION)  END COLUMN_SIZE, 65535 BUFFER_LENGTH,  CONVERT (CASE DATA_TYPE WHEN 'year' THEN NUMERIC_SCALE WHEN 'tinyint' THEN 0 ELSE NUMERIC_SCALE END, UNSIGNED INTEGER) DECIMAL_DIGITS, 10 NUM_PREC_RADIX, IF(IS_NULLABLE = 'yes',1,0) NULLABLE,COLUMN_COMMENT REMARKS, COLUMN_DEFAULT COLUMN_DEF, 0 SQL_DATA_TYPE, 0 SQL_DATETIME_SUB,   LEAST(CHARACTER_OCTET_LENGTH,2147483647) CHAR_OCTET_LENGTH, ORDINAL_POSITION, IS_NULLABLE, NULL SCOPE_CATALOG, NULL SCOPE_SCHEMA, NULL SCOPE_TABLE, NULL SOURCE_DATA_TYPE, IF(EXTRA = 'auto_increment','YES','NO') IS_AUTOINCREMENT,  IF(EXTRA in ('VIRTUAL', 'PERSISTENT', 'VIRTUAL GENERATED', 'STORED GENERATED') ,'YES','NO') IS_GENERATEDCOLUMN  FROM INFORMATION_SCHEMA.COLUMNS WHERE TABLE_SCHEMA='edext' ORDER BY TABLE_CAT, TABLE_SCHEM, TABLE_NAME, ORDINAL_POSITION
10:05:10 DEBUG [AWT-EventQueue-0]->org.mariadb.jdbc.util.log.Slf4JLogger->debug := execute query: SHOW CREATE TABLE `edext`.`Curso`
10:05:10 DEBUG [AWT-EventQueue-0]->org.mariadb.jdbc.util.log.Slf4JLogger->debug := execute query: SHOW CREATE TABLE `Instituto`
10:05:10 DEBUG [AWT-EventQueue-0]->org.mariadb.jdbc.util.log.Slf4JLogger->debug := execute query: SELECT TABLE_SCHEMA TABLE_CAT, NULL  TABLE_SCHEM,  TABLE_NAME, IF(TABLE_TYPE='BASE TABLE' or TABLE_TYPE='SYSTEM VERSIONED', 'TABLE', IF(TABLE_TYPE='TEMPORARY', 'LOCAL TEMPORARY', TABLE_TYPE)) as TABLE_TYPE, TABLE_COMMENT REMARKS, NULL TYPE_CAT, NULL TYPE_SCHEM, NULL TYPE_NAME, NULL SELF_REFERENCING_COL_NAME,  NULL REF_GENERATION FROM INFORMATION_SCHEMA.TABLES WHERE TABLE_SCHEMA='edext' AND TABLE_NAME='Instituto' AND  TABLE_TYPE IN ('BASE TABLE','SYSTEM VERSIONED','VIEW') ORDER BY TABLE_TYPE, TABLE_SCHEMA, TABLE_NAME
10:05:10 DEBUG [AWT-EventQueue-0]->org.mariadb.jdbc.util.log.Slf4JLogger->debug := execute query: select * from `edext`.`Instituto` where 1=0
10:05:10 DEBUG [AWT-EventQueue-0]->org.mariadb.jdbc.util.log.Slf4JLogger->debug := execute query: SHOW CREATE TABLE `edext`.`Edicion`
10:05:10 DEBUG [AWT-EventQueue-0]->org.mariadb.jdbc.util.log.Slf4JLogger->debug := execute query: SHOW CREATE TABLE `Curso`
10:05:10 DEBUG [AWT-EventQueue-0]->org.mariadb.jdbc.util.log.Slf4JLogger->debug := execute query: SELECT TABLE_SCHEMA TABLE_CAT, NULL  TABLE_SCHEM,  TABLE_NAME, IF(TABLE_TYPE='BASE TABLE' or TABLE_TYPE='SYSTEM VERSIONED', 'TABLE', IF(TABLE_TYPE='TEMPORARY', 'LOCAL TEMPORARY', TABLE_TYPE)) as TABLE_TYPE, TABLE_COMMENT REMARKS, NULL TYPE_CAT, NULL TYPE_SCHEM, NULL TYPE_NAME, NULL SELF_REFERENCING_COL_NAME,  NULL REF_GENERATION FROM INFORMATION_SCHEMA.TABLES WHERE TABLE_SCHEMA='edext' AND TABLE_NAME='Curso' AND  TABLE_TYPE IN ('BASE TABLE','SYSTEM VERSIONED','VIEW') ORDER BY TABLE_TYPE, TABLE_SCHEMA, TABLE_NAME
10:05:10 DEBUG [AWT-EventQueue-0]->org.mariadb.jdbc.util.log.Slf4JLogger->debug := execute query: select * from `edext`.`Curso` where 1=0
10:05:10 DEBUG [AWT-EventQueue-0]->org.mariadb.jdbc.util.log.Slf4JLogger->debug := execute query: SHOW CREATE TABLE `edext`.`InscripcionEdicion`
10:05:10 DEBUG [AWT-EventQueue-0]->org.mariadb.jdbc.util.log.Slf4JLogger->debug := execute query: SHOW CREATE TABLE `Edicion`
10:05:10 DEBUG [AWT-EventQueue-0]->org.mariadb.jdbc.util.log.Slf4JLogger->debug := execute query: SHOW CREATE TABLE `Usuario`
10:05:10 DEBUG [AWT-EventQueue-0]->org.mariadb.jdbc.util.log.Slf4JLogger->debug := execute query: SELECT TABLE_SCHEMA TABLE_CAT, NULL  TABLE_SCHEM,  TABLE_NAME, IF(TABLE_TYPE='BASE TABLE' or TABLE_TYPE='SYSTEM VERSIONED', 'TABLE', IF(TABLE_TYPE='TEMPORARY', 'LOCAL TEMPORARY', TABLE_TYPE)) as TABLE_TYPE, TABLE_COMMENT REMARKS, NULL TYPE_CAT, NULL TYPE_SCHEM, NULL TYPE_NAME, NULL SELF_REFERENCING_COL_NAME,  NULL REF_GENERATION FROM INFORMATION_SCHEMA.TABLES WHERE TABLE_SCHEMA='edext' AND TABLE_NAME='Edicion' AND  TABLE_TYPE IN ('BASE TABLE','SYSTEM VERSIONED','VIEW') ORDER BY TABLE_TYPE, TABLE_SCHEMA, TABLE_NAME
10:05:10 DEBUG [AWT-EventQueue-0]->org.mariadb.jdbc.util.log.Slf4JLogger->debug := execute query: select * from `edext`.`Edicion` where 1=0
10:05:10 DEBUG [AWT-EventQueue-0]->org.mariadb.jdbc.util.log.Slf4JLogger->debug := execute query: SELECT TABLE_SCHEMA TABLE_CAT, NULL  TABLE_SCHEM,  TABLE_NAME, IF(TABLE_TYPE='BASE TABLE' or TABLE_TYPE='SYSTEM VERSIONED', 'TABLE', IF(TABLE_TYPE='TEMPORARY', 'LOCAL TEMPORARY', TABLE_TYPE)) as TABLE_TYPE, TABLE_COMMENT REMARKS, NULL TYPE_CAT, NULL TYPE_SCHEM, NULL TYPE_NAME, NULL SELF_REFERENCING_COL_NAME,  NULL REF_GENERATION FROM INFORMATION_SCHEMA.TABLES WHERE TABLE_SCHEMA='edext' AND TABLE_NAME='Usuario' AND  TABLE_TYPE IN ('BASE TABLE','SYSTEM VERSIONED','VIEW') ORDER BY TABLE_TYPE, TABLE_SCHEMA, TABLE_NAME
10:05:10 DEBUG [AWT-EventQueue-0]->org.mariadb.jdbc.util.log.Slf4JLogger->debug := execute query: select * from `edext`.`Usuario` where 1=0
10:05:10 DEBUG [AWT-EventQueue-0]->org.mariadb.jdbc.util.log.Slf4JLogger->debug := execute query: SHOW CREATE TABLE `edext`.`InscripcionPrograma`
10:05:10 DEBUG [AWT-EventQueue-0]->org.mariadb.jdbc.util.log.Slf4JLogger->debug := execute query: SHOW CREATE TABLE `Usuario`
10:05:10 DEBUG [AWT-EventQueue-0]->org.mariadb.jdbc.util.log.Slf4JLogger->debug := execute query: SHOW CREATE TABLE `ProgramaFormacion`
10:05:10 DEBUG [AWT-EventQueue-0]->org.mariadb.jdbc.util.log.Slf4JLogger->debug := execute query: SELECT TABLE_SCHEMA TABLE_CAT, NULL  TABLE_SCHEM,  TABLE_NAME, IF(TABLE_TYPE='BASE TABLE' or TABLE_TYPE='SYSTEM VERSIONED', 'TABLE', IF(TABLE_TYPE='TEMPORARY', 'LOCAL TEMPORARY', TABLE_TYPE)) as TABLE_TYPE, TABLE_COMMENT REMARKS, NULL TYPE_CAT, NULL TYPE_SCHEM, NULL TYPE_NAME, NULL SELF_REFERENCING_COL_NAME,  NULL REF_GENERATION FROM INFORMATION_SCHEMA.TABLES WHERE TABLE_SCHEMA='edext' AND TABLE_NAME='ProgramaFormacion' AND  TABLE_TYPE IN ('BASE TABLE','SYSTEM VERSIONED','VIEW') ORDER BY TABLE_TYPE, TABLE_SCHEMA, TABLE_NAME
10:05:10 DEBUG [AWT-EventQueue-0]->org.mariadb.jdbc.util.log.Slf4JLogger->debug := execute query: select * from `edext`.`ProgramaFormacion` where 1=0
10:05:10 DEBUG [AWT-EventQueue-0]->org.mariadb.jdbc.util.log.Slf4JLogger->debug := execute query: SELECT TABLE_SCHEMA TABLE_CAT, NULL  TABLE_SCHEM,  TABLE_NAME, IF(TABLE_TYPE='BASE TABLE' or TABLE_TYPE='SYSTEM VERSIONED', 'TABLE', IF(TABLE_TYPE='TEMPORARY', 'LOCAL TEMPORARY', TABLE_TYPE)) as TABLE_TYPE, TABLE_COMMENT REMARKS, NULL TYPE_CAT, NULL TYPE_SCHEM, NULL TYPE_NAME, NULL SELF_REFERENCING_COL_NAME,  NULL REF_GENERATION FROM INFORMATION_SCHEMA.TABLES WHERE TABLE_SCHEMA='edext' AND TABLE_NAME='Usuario' AND  TABLE_TYPE IN ('BASE TABLE','SYSTEM VERSIONED','VIEW') ORDER BY TABLE_TYPE, TABLE_SCHEMA, TABLE_NAME
10:05:10 DEBUG [AWT-EventQueue-0]->org.mariadb.jdbc.util.log.Slf4JLogger->debug := execute query: select * from `edext`.`Usuario` where 1=0
10:05:10 DEBUG [AWT-EventQueue-0]->org.mariadb.jdbc.util.log.Slf4JLogger->debug := execute query: SHOW CREATE TABLE `edext`.`Integra`
10:05:10 DEBUG [AWT-EventQueue-0]->org.mariadb.jdbc.util.log.Slf4JLogger->debug := execute query: SHOW CREATE TABLE `ProgramaFormacion`
10:05:10 DEBUG [AWT-EventQueue-0]->org.mariadb.jdbc.util.log.Slf4JLogger->debug := execute query: SHOW CREATE TABLE `Curso`
10:05:10 DEBUG [AWT-EventQueue-0]->org.mariadb.jdbc.util.log.Slf4JLogger->debug := execute query: SELECT TABLE_SCHEMA TABLE_CAT, NULL  TABLE_SCHEM,  TABLE_NAME, IF(TABLE_TYPE='BASE TABLE' or TABLE_TYPE='SYSTEM VERSIONED', 'TABLE', IF(TABLE_TYPE='TEMPORARY', 'LOCAL TEMPORARY', TABLE_TYPE)) as TABLE_TYPE, TABLE_COMMENT REMARKS, NULL TYPE_CAT, NULL TYPE_SCHEM, NULL TYPE_NAME, NULL SELF_REFERENCING_COL_NAME,  NULL REF_GENERATION FROM INFORMATION_SCHEMA.TABLES WHERE TABLE_SCHEMA='edext' AND TABLE_NAME='Curso' AND  TABLE_TYPE IN ('BASE TABLE','SYSTEM VERSIONED','VIEW') ORDER BY TABLE_TYPE, TABLE_SCHEMA, TABLE_NAME
10:05:10 DEBUG [AWT-EventQueue-0]->org.mariadb.jdbc.util.log.Slf4JLogger->debug := execute query: select * from `edext`.`Curso` where 1=0
10:05:10 DEBUG [AWT-EventQueue-0]->org.mariadb.jdbc.util.log.Slf4JLogger->debug := execute query: SELECT TABLE_SCHEMA TABLE_CAT, NULL  TABLE_SCHEM,  TABLE_NAME, IF(TABLE_TYPE='BASE TABLE' or TABLE_TYPE='SYSTEM VERSIONED', 'TABLE', IF(TABLE_TYPE='TEMPORARY', 'LOCAL TEMPORARY', TABLE_TYPE)) as TABLE_TYPE, TABLE_COMMENT REMARKS, NULL TYPE_CAT, NULL TYPE_SCHEM, NULL TYPE_NAME, NULL SELF_REFERENCING_COL_NAME,  NULL REF_GENERATION FROM INFORMATION_SCHEMA.TABLES WHERE TABLE_SCHEMA='edext' AND TABLE_NAME='ProgramaFormacion' AND  TABLE_TYPE IN ('BASE TABLE','SYSTEM VERSIONED','VIEW') ORDER BY TABLE_TYPE, TABLE_SCHEMA, TABLE_NAME
10:05:10 DEBUG [AWT-EventQueue-0]->org.mariadb.jdbc.util.log.Slf4JLogger->debug := execute query: select * from `edext`.`ProgramaFormacion` where 1=0
10:05:10 DEBUG [AWT-EventQueue-0]->org.mariadb.jdbc.util.log.Slf4JLogger->debug := execute query: SHOW CREATE TABLE `edext`.`Organiza`
10:05:10 DEBUG [AWT-EventQueue-0]->org.mariadb.jdbc.util.log.Slf4JLogger->debug := execute query: SHOW CREATE TABLE `Edicion`
10:05:10 DEBUG [AWT-EventQueue-0]->org.mariadb.jdbc.util.log.Slf4JLogger->debug := execute query: SHOW CREATE TABLE `Usuario`
10:05:10 DEBUG [AWT-EventQueue-0]->org.mariadb.jdbc.util.log.Slf4JLogger->debug := execute query: SELECT TABLE_SCHEMA TABLE_CAT, NULL  TABLE_SCHEM,  TABLE_NAME, IF(TABLE_TYPE='BASE TABLE' or TABLE_TYPE='SYSTEM VERSIONED', 'TABLE', IF(TABLE_TYPE='TEMPORARY', 'LOCAL TEMPORARY', TABLE_TYPE)) as TABLE_TYPE, TABLE_COMMENT REMARKS, NULL TYPE_CAT, NULL TYPE_SCHEM, NULL TYPE_NAME, NULL SELF_REFERENCING_COL_NAME,  NULL REF_GENERATION FROM INFORMATION_SCHEMA.TABLES WHERE TABLE_SCHEMA='edext' AND TABLE_NAME='Edicion' AND  TABLE_TYPE IN ('BASE TABLE','SYSTEM VERSIONED','VIEW') ORDER BY TABLE_TYPE, TABLE_SCHEMA, TABLE_NAME
10:05:10 DEBUG [AWT-EventQueue-0]->org.mariadb.jdbc.util.log.Slf4JLogger->debug := execute query: select * from `edext`.`Edicion` where 1=0
10:05:10 DEBUG [AWT-EventQueue-0]->org.mariadb.jdbc.util.log.Slf4JLogger->debug := execute query: SELECT TABLE_SCHEMA TABLE_CAT, NULL  TABLE_SCHEM,  TABLE_NAME, IF(TABLE_TYPE='BASE TABLE' or TABLE_TYPE='SYSTEM VERSIONED', 'TABLE', IF(TABLE_TYPE='TEMPORARY', 'LOCAL TEMPORARY', TABLE_TYPE)) as TABLE_TYPE, TABLE_COMMENT REMARKS, NULL TYPE_CAT, NULL TYPE_SCHEM, NULL TYPE_NAME, NULL SELF_REFERENCING_COL_NAME,  NULL REF_GENERATION FROM INFORMATION_SCHEMA.TABLES WHERE TABLE_SCHEMA='edext' AND TABLE_NAME='Usuario' AND  TABLE_TYPE IN ('BASE TABLE','SYSTEM VERSIONED','VIEW') ORDER BY TABLE_TYPE, TABLE_SCHEMA, TABLE_NAME
10:05:10 DEBUG [AWT-EventQueue-0]->org.mariadb.jdbc.util.log.Slf4JLogger->debug := execute query: select * from `edext`.`Usuario` where 1=0
10:05:10 DEBUG [AWT-EventQueue-0]->org.mariadb.jdbc.util.log.Slf4JLogger->debug := execute query: SHOW CREATE TABLE `edext`.`Pertenece`
10:05:10 DEBUG [AWT-EventQueue-0]->org.mariadb.jdbc.util.log.Slf4JLogger->debug := execute query: SHOW CREATE TABLE `Usuario`
10:05:10 DEBUG [AWT-EventQueue-0]->org.mariadb.jdbc.util.log.Slf4JLogger->debug := execute query: SHOW CREATE TABLE `Instituto`
10:05:10 DEBUG [AWT-EventQueue-0]->org.mariadb.jdbc.util.log.Slf4JLogger->debug := execute query: SELECT TABLE_SCHEMA TABLE_CAT, NULL  TABLE_SCHEM,  TABLE_NAME, IF(TABLE_TYPE='BASE TABLE' or TABLE_TYPE='SYSTEM VERSIONED', 'TABLE', IF(TABLE_TYPE='TEMPORARY', 'LOCAL TEMPORARY', TABLE_TYPE)) as TABLE_TYPE, TABLE_COMMENT REMARKS, NULL TYPE_CAT, NULL TYPE_SCHEM, NULL TYPE_NAME, NULL SELF_REFERENCING_COL_NAME,  NULL REF_GENERATION FROM INFORMATION_SCHEMA.TABLES WHERE TABLE_SCHEMA='edext' AND TABLE_NAME='Instituto' AND  TABLE_TYPE IN ('BASE TABLE','SYSTEM VERSIONED','VIEW') ORDER BY TABLE_TYPE, TABLE_SCHEMA, TABLE_NAME
10:05:10 DEBUG [AWT-EventQueue-0]->org.mariadb.jdbc.util.log.Slf4JLogger->debug := execute query: select * from `edext`.`Instituto` where 1=0
10:05:10 DEBUG [AWT-EventQueue-0]->org.mariadb.jdbc.util.log.Slf4JLogger->debug := execute query: SELECT TABLE_SCHEMA TABLE_CAT, NULL  TABLE_SCHEM,  TABLE_NAME, IF(TABLE_TYPE='BASE TABLE' or TABLE_TYPE='SYSTEM VERSIONED', 'TABLE', IF(TABLE_TYPE='TEMPORARY', 'LOCAL TEMPORARY', TABLE_TYPE)) as TABLE_TYPE, TABLE_COMMENT REMARKS, NULL TYPE_CAT, NULL TYPE_SCHEM, NULL TYPE_NAME, NULL SELF_REFERENCING_COL_NAME,  NULL REF_GENERATION FROM INFORMATION_SCHEMA.TABLES WHERE TABLE_SCHEMA='edext' AND TABLE_NAME='Usuario' AND  TABLE_TYPE IN ('BASE TABLE','SYSTEM VERSIONED','VIEW') ORDER BY TABLE_TYPE, TABLE_SCHEMA, TABLE_NAME
10:05:10 DEBUG [AWT-EventQueue-0]->org.mariadb.jdbc.util.log.Slf4JLogger->debug := execute query: select * from `edext`.`Usuario` where 1=0
10:05:10 DEBUG [AWT-EventQueue-0]->org.mariadb.jdbc.util.log.Slf4JLogger->debug := execute query: SHOW CREATE TABLE `edext`.`Previas`
10:05:10 DEBUG [AWT-EventQueue-0]->org.mariadb.jdbc.util.log.Slf4JLogger->debug := execute query: SHOW CREATE TABLE `Curso`
10:05:10 DEBUG [AWT-EventQueue-0]->org.mariadb.jdbc.util.log.Slf4JLogger->debug := execute query: SHOW CREATE TABLE `Curso`
10:05:10 DEBUG [AWT-EventQueue-0]->org.mariadb.jdbc.util.log.Slf4JLogger->debug := execute query: SELECT TABLE_SCHEMA TABLE_CAT, NULL  TABLE_SCHEM,  TABLE_NAME, IF(TABLE_TYPE='BASE TABLE' or TABLE_TYPE='SYSTEM VERSIONED', 'TABLE', IF(TABLE_TYPE='TEMPORARY', 'LOCAL TEMPORARY', TABLE_TYPE)) as TABLE_TYPE, TABLE_COMMENT REMARKS, NULL TYPE_CAT, NULL TYPE_SCHEM, NULL TYPE_NAME, NULL SELF_REFERENCING_COL_NAME,  NULL REF_GENERATION FROM INFORMATION_SCHEMA.TABLES WHERE TABLE_SCHEMA='edext' AND TABLE_NAME='Curso' AND  TABLE_TYPE IN ('BASE TABLE','SYSTEM VERSIONED','VIEW') ORDER BY TABLE_TYPE, TABLE_SCHEMA, TABLE_NAME
10:05:10 DEBUG [AWT-EventQueue-0]->org.mariadb.jdbc.util.log.Slf4JLogger->debug := execute query: select * from `edext`.`Curso` where 1=0
10:05:10 DEBUG [AWT-EventQueue-0]->org.mariadb.jdbc.util.log.Slf4JLogger->debug := execute query: SELECT TABLE_SCHEMA TABLE_CAT, NULL  TABLE_SCHEM,  TABLE_NAME, IF(TABLE_TYPE='BASE TABLE' or TABLE_TYPE='SYSTEM VERSIONED', 'TABLE', IF(TABLE_TYPE='TEMPORARY', 'LOCAL TEMPORARY', TABLE_TYPE)) as TABLE_TYPE, TABLE_COMMENT REMARKS, NULL TYPE_CAT, NULL TYPE_SCHEM, NULL TYPE_NAME, NULL SELF_REFERENCING_COL_NAME,  NULL REF_GENERATION FROM INFORMATION_SCHEMA.TABLES WHERE TABLE_SCHEMA='edext' AND TABLE_NAME='Curso' AND  TABLE_TYPE IN ('BASE TABLE','SYSTEM VERSIONED','VIEW') ORDER BY TABLE_TYPE, TABLE_SCHEMA, TABLE_NAME
10:05:10 DEBUG [AWT-EventQueue-0]->org.mariadb.jdbc.util.log.Slf4JLogger->debug := execute query: select * from `edext`.`Curso` where 1=0
10:05:10 DEBUG [AWT-EventQueue-0]->org.mariadb.jdbc.util.log.Slf4JLogger->debug := execute query: set autocommit=0
10:05:10 DEBUG [AWT-EventQueue-0]->org.mariadb.jdbc.util.log.Slf4JLogger->debug := System variable change:  autocommit = OFF
10:05:10 DEBUG [AWT-EventQueue-0]->org.mariadb.jdbc.util.log.Slf4JLogger->debug := execute query: set autocommit=1
10:05:10 DEBUG [AWT-EventQueue-0]->org.mariadb.jdbc.util.log.Slf4JLogger->debug := System variable change:  autocommit = ON
10:05:11 DEBUG [AWT-EventQueue-0]->org.mariadb.jdbc.util.log.Slf4JLogger->debug := execute query: set autocommit=0
10:05:11 DEBUG [AWT-EventQueue-0]->org.mariadb.jdbc.util.log.Slf4JLogger->debug := System variable change:  autocommit = OFF
10:05:11 DEBUG [AWT-EventQueue-0]->org.mariadb.jdbc.util.log.Slf4JLogger->debug := execute query: select i1_0.nombre from Instituto i1_0
10:05:11 DEBUG [AWT-EventQueue-0]->org.mariadb.jdbc.util.log.Slf4JLogger->debug := execute query: set autocommit=1
10:05:11 DEBUG [AWT-EventQueue-0]->org.mariadb.jdbc.util.log.Slf4JLogger->debug := System variable change:  autocommit = ON
10:07:30 DEBUG [AWT-EventQueue-0]->org.mariadb.jdbc.util.log.Slf4JLogger->debug := execute query: CREATE DATABASE IF NOT EXISTS `edext`
10:07:30 DEBUG [AWT-EventQueue-0]->org.mariadb.jdbc.util.log.Slf4JLogger->debug := execute query: USE `edext`
10:07:30 DEBUG [AWT-EventQueue-0]->org.mariadb.jdbc.util.log.Slf4JLogger->debug := execute query: SET NAMES utf8mb4
10:07:30 DEBUG [AWT-EventQueue-0]->org.mariadb.jdbc.util.log.Slf4JLogger->debug := Database change: is 'edext'
10:07:30 DEBUG [AWT-EventQueue-0]->org.mariadb.jdbc.util.log.Slf4JLogger->debug := System variable change:  character_set_connection = utf8mb4
10:07:30 DEBUG [AWT-EventQueue-0]->org.mariadb.jdbc.util.log.Slf4JLogger->debug := System variable change:  character_set_client = utf8mb4
10:07:30 DEBUG [AWT-EventQueue-0]->org.mariadb.jdbc.util.log.Slf4JLogger->debug := System variable change:  character_set_results = utf8mb4
10:07:30 DEBUG [AWT-EventQueue-0]->org.mariadb.jdbc.util.log.Slf4JLogger->debug := execute query: set autocommit=0
10:07:30 DEBUG [AWT-EventQueue-0]->org.mariadb.jdbc.util.log.Slf4JLogger->debug := System variable change:  autocommit = OFF
10:07:30 DEBUG [AWT-EventQueue-0]->org.mariadb.jdbc.util.log.Slf4JLogger->debug := execute query: SELECT @@character_set_database, @@sql_mode
10:07:30 DEBUG [AWT-EventQueue-0]->org.mariadb.jdbc.util.log.Slf4JLogger->debug := execute query: select @@lower_case_table_names
10:07:30 DEBUG [AWT-EventQueue-0]->org.mariadb.jdbc.util.log.Slf4JLogger->debug := execute query: set autocommit=1
10:07:30 DEBUG [AWT-EventQueue-0]->org.mariadb.jdbc.util.log.Slf4JLogger->debug := System variable change:  autocommit = ON
10:07:33 DEBUG [AWT-EventQueue-0]->org.mariadb.jdbc.util.log.Slf4JLogger->debug := execute query: set autocommit=0
10:07:33 DEBUG [AWT-EventQueue-0]->org.mariadb.jdbc.util.log.Slf4JLogger->debug := System variable change:  autocommit = OFF
10:07:33 DEBUG [AWT-EventQueue-0]->org.mariadb.jdbc.util.log.Slf4JLogger->debug := execute query: set autocommit=1
10:07:33 DEBUG [AWT-EventQueue-0]->org.mariadb.jdbc.util.log.Slf4JLogger->debug := System variable change:  autocommit = ON
10:07:33 DEBUG [AWT-EventQueue-0]->org.mariadb.jdbc.util.log.Slf4JLogger->debug := execute query: select table_name from information_schema.TABLES where table_schema=database() and table_type='SEQUENCE'
10:07:33 DEBUG [AWT-EventQueue-0]->org.mariadb.jdbc.util.log.Slf4JLogger->debug := execute query: SELECT TABLE_SCHEMA TABLE_CAT, NULL  TABLE_SCHEM,  TABLE_NAME, IF(TABLE_TYPE='BASE TABLE' or TABLE_TYPE='SYSTEM VERSIONED', 'TABLE', IF(TABLE_TYPE='TEMPORARY', 'LOCAL TEMPORARY', TABLE_TYPE)) as TABLE_TYPE, TABLE_COMMENT REMARKS, NULL TYPE_CAT, NULL TYPE_SCHEM, NULL TYPE_NAME, NULL SELF_REFERENCING_COL_NAME,  NULL REF_GENERATION FROM INFORMATION_SCHEMA.TABLES WHERE TABLE_SCHEMA='edext' AND  TABLE_TYPE IN ('BASE TABLE','SYSTEM VERSIONED','VIEW') ORDER BY TABLE_TYPE, TABLE_SCHEMA, TABLE_NAME
10:07:33 DEBUG [AWT-EventQueue-0]->org.mariadb.jdbc.util.log.Slf4JLogger->debug := execute query: SELECT TABLE_SCHEMA TABLE_CAT, NULL TABLE_SCHEM, TABLE_NAME, COLUMN_NAME, CASE data_type WHEN 'bit' THEN -7 WHEN 'tinyblob' THEN -3 WHEN 'mediumblob' THEN -4 WHEN 'longblob' THEN -4 WHEN 'blob' THEN -4 WHEN 'tinytext' THEN 12 WHEN 'mediumtext' THEN -1 WHEN 'longtext' THEN -1 WHEN 'text' THEN -1 WHEN 'date' THEN 91 WHEN 'datetime' THEN 93 WHEN 'decimal' THEN 3 WHEN 'double' THEN 8 WHEN 'enum' THEN 12 WHEN 'float' THEN 7 WHEN 'int' THEN IF( COLUMN_TYPE like '%unsigned%', 4,4) WHEN 'bigint' THEN -5 WHEN 'mediumint' THEN 4 WHEN 'null' THEN 0 WHEN 'set' THEN 12 WHEN 'smallint' THEN IF( COLUMN_TYPE like '%unsigned%', 5,5) WHEN 'varchar' THEN 12 WHEN 'varbinary' THEN -3 WHEN 'char' THEN 1 WHEN 'binary' THEN -2 WHEN 'time' THEN 92 WHEN 'timestamp' THEN 93 WHEN 'tinyint' THEN IF(COLUMN_TYPE like 'tinyint(1)%',16,-6)  WHEN 'year' THEN 91 ELSE 1111 END  DATA_TYPE, IF(COLUMN_TYPE like 'tinyint(1)%', 'BOOLEAN',  UCASE(IF( COLUMN_TYPE LIKE '%(%)%', CONCAT(SUBSTRING( COLUMN_TYPE,1, LOCATE('(',COLUMN_TYPE) - 1 ), SUBSTRING(COLUMN_TYPE ,1+locate(')', COLUMN_TYPE))), COLUMN_TYPE))) TYPE_NAME, CASE DATA_TYPE WHEN 'date' THEN 10  WHEN 'time' THEN IF(DATETIME_PRECISION = 0, 10, CAST(11 + DATETIME_PRECISION as signed integer))  WHEN 'datetime' THEN IF(DATETIME_PRECISION = 0, 19, CAST(20 + DATETIME_PRECISION as signed integer))  WHEN 'timestamp' THEN IF(DATETIME_PRECISION = 0, 19, CAST(20 + DATETIME_PRECISION as signed integer))  ELSE   IF(NUMERIC_PRECISION IS NULL, LEAST(CHARACTER_MAXIMUM_LENGTH,2147483647), NUMERIC_PRECISION)  END COLUMN_SIZE, 65535 BUFFER_LENGTH,  CONVERT (CASE DATA_TYPE WHEN 'year' THEN NUMERIC_SCALE WHEN 'tinyint' THEN 0 ELSE NUMERIC_SCALE END, UNSIGNED INTEGER) DECIMAL_DIGITS, 10 NUM_PREC_RADIX, IF(IS_NULLABLE = 'yes',1,0) NULLABLE,COLUMN_COMMENT REMARKS, COLUMN_DEFAULT COLUMN_DEF, 0 SQL_DATA_TYPE, 0 SQL_DATETIME_SUB,   LEAST(CHARACTER_OCTET_LENGTH,2147483647) CHAR_OCTET_LENGTH, ORDINAL_POSITION, IS_NULLABLE, NULL SCOPE_CATALOG, NULL SCOPE_SCHEMA, NULL SCOPE_TABLE, NULL SOURCE_DATA_TYPE, IF(EXTRA = 'auto_increment','YES','NO') IS_AUTOINCREMENT,  IF(EXTRA in ('VIRTUAL', 'PERSISTENT', 'VIRTUAL GENERATED', 'STORED GENERATED') ,'YES','NO') IS_GENERATEDCOLUMN  FROM INFORMATION_SCHEMA.COLUMNS WHERE TABLE_SCHEMA='edext' ORDER BY TABLE_CAT, TABLE_SCHEM, TABLE_NAME, ORDINAL_POSITION
10:07:33 DEBUG [AWT-EventQueue-0]->org.mariadb.jdbc.util.log.Slf4JLogger->debug := execute query: SHOW CREATE TABLE `edext`.`Curso`
10:07:33 DEBUG [AWT-EventQueue-0]->org.mariadb.jdbc.util.log.Slf4JLogger->debug := execute query: SHOW CREATE TABLE `Instituto`
10:07:33 DEBUG [AWT-EventQueue-0]->org.mariadb.jdbc.util.log.Slf4JLogger->debug := execute query: SELECT TABLE_SCHEMA TABLE_CAT, NULL  TABLE_SCHEM,  TABLE_NAME, IF(TABLE_TYPE='BASE TABLE' or TABLE_TYPE='SYSTEM VERSIONED', 'TABLE', IF(TABLE_TYPE='TEMPORARY', 'LOCAL TEMPORARY', TABLE_TYPE)) as TABLE_TYPE, TABLE_COMMENT REMARKS, NULL TYPE_CAT, NULL TYPE_SCHEM, NULL TYPE_NAME, NULL SELF_REFERENCING_COL_NAME,  NULL REF_GENERATION FROM INFORMATION_SCHEMA.TABLES WHERE TABLE_SCHEMA='edext' AND TABLE_NAME='Instituto' AND  TABLE_TYPE IN ('BASE TABLE','SYSTEM VERSIONED','VIEW') ORDER BY TABLE_TYPE, TABLE_SCHEMA, TABLE_NAME
10:07:33 DEBUG [AWT-EventQueue-0]->org.mariadb.jdbc.util.log.Slf4JLogger->debug := execute query: select * from `edext`.`Instituto` where 1=0
10:07:33 DEBUG [AWT-EventQueue-0]->org.mariadb.jdbc.util.log.Slf4JLogger->debug := execute query: SHOW CREATE TABLE `edext`.`Edicion`
10:07:33 DEBUG [AWT-EventQueue-0]->org.mariadb.jdbc.util.log.Slf4JLogger->debug := execute query: SHOW CREATE TABLE `Curso`
10:07:33 DEBUG [AWT-EventQueue-0]->org.mariadb.jdbc.util.log.Slf4JLogger->debug := execute query: SELECT TABLE_SCHEMA TABLE_CAT, NULL  TABLE_SCHEM,  TABLE_NAME, IF(TABLE_TYPE='BASE TABLE' or TABLE_TYPE='SYSTEM VERSIONED', 'TABLE', IF(TABLE_TYPE='TEMPORARY', 'LOCAL TEMPORARY', TABLE_TYPE)) as TABLE_TYPE, TABLE_COMMENT REMARKS, NULL TYPE_CAT, NULL TYPE_SCHEM, NULL TYPE_NAME, NULL SELF_REFERENCING_COL_NAME,  NULL REF_GENERATION FROM INFORMATION_SCHEMA.TABLES WHERE TABLE_SCHEMA='edext' AND TABLE_NAME='Curso' AND  TABLE_TYPE IN ('BASE TABLE','SYSTEM VERSIONED','VIEW') ORDER BY TABLE_TYPE, TABLE_SCHEMA, TABLE_NAME
10:07:33 DEBUG [AWT-EventQueue-0]->org.mariadb.jdbc.util.log.Slf4JLogger->debug := execute query: select * from `edext`.`Curso` where 1=0
10:07:33 DEBUG [AWT-EventQueue-0]->org.mariadb.jdbc.util.log.Slf4JLogger->debug := execute query: SHOW CREATE TABLE `edext`.`InscripcionEdicion`
10:07:33 DEBUG [AWT-EventQueue-0]->org.mariadb.jdbc.util.log.Slf4JLogger->debug := execute query: SHOW CREATE TABLE `Edicion`
10:07:33 DEBUG [AWT-EventQueue-0]->org.mariadb.jdbc.util.log.Slf4JLogger->debug := execute query: SHOW CREATE TABLE `Usuario`
10:07:33 DEBUG [AWT-EventQueue-0]->org.mariadb.jdbc.util.log.Slf4JLogger->debug := execute query: SELECT TABLE_SCHEMA TABLE_CAT, NULL  TABLE_SCHEM,  TABLE_NAME, IF(TABLE_TYPE='BASE TABLE' or TABLE_TYPE='SYSTEM VERSIONED', 'TABLE', IF(TABLE_TYPE='TEMPORARY', 'LOCAL TEMPORARY', TABLE_TYPE)) as TABLE_TYPE, TABLE_COMMENT REMARKS, NULL TYPE_CAT, NULL TYPE_SCHEM, NULL TYPE_NAME, NULL SELF_REFERENCING_COL_NAME,  NULL REF_GENERATION FROM INFORMATION_SCHEMA.TABLES WHERE TABLE_SCHEMA='edext' AND TABLE_NAME='Edicion' AND  TABLE_TYPE IN ('BASE TABLE','SYSTEM VERSIONED','VIEW') ORDER BY TABLE_TYPE, TABLE_SCHEMA, TABLE_NAME
10:07:33 DEBUG [AWT-EventQueue-0]->org.mariadb.jdbc.util.log.Slf4JLogger->debug := execute query: select * from `edext`.`Edicion` where 1=0
10:07:33 DEBUG [AWT-EventQueue-0]->org.mariadb.jdbc.util.log.Slf4JLogger->debug := execute query: SELECT TABLE_SCHEMA TABLE_CAT, NULL  TABLE_SCHEM,  TABLE_NAME, IF(TABLE_TYPE='BASE TABLE' or TABLE_TYPE='SYSTEM VERSIONED', 'TABLE', IF(TABLE_TYPE='TEMPORARY', 'LOCAL TEMPORARY', TABLE_TYPE)) as TABLE_TYPE, TABLE_COMMENT REMARKS, NULL TYPE_CAT, NULL TYPE_SCHEM, NULL TYPE_NAME, NULL SELF_REFERENCING_COL_NAME,  NULL REF_GENERATION FROM INFORMATION_SCHEMA.TABLES WHERE TABLE_SCHEMA='edext' AND TABLE_NAME='Usuario' AND  TABLE_TYPE IN ('BASE TABLE','SYSTEM VERSIONED','VIEW') ORDER BY TABLE_TYPE, TABLE_SCHEMA, TABLE_NAME
10:07:33 DEBUG [AWT-EventQueue-0]->org.mariadb.jdbc.util.log.Slf4JLogger->debug := execute query: select * from `edext`.`Usuario` where 1=0
10:07:33 DEBUG [AWT-EventQueue-0]->org.mariadb.jdbc.util.log.Slf4JLogger->debug := execute query: SHOW CREATE TABLE `edext`.`InscripcionPrograma`
10:07:33 DEBUG [AWT-EventQueue-0]->org.mariadb.jdbc.util.log.Slf4JLogger->debug := execute query: SHOW CREATE TABLE `Usuario`
10:07:33 DEBUG [AWT-EventQueue-0]->org.mariadb.jdbc.util.log.Slf4JLogger->debug := execute query: SHOW CREATE TABLE `ProgramaFormacion`
10:07:33 DEBUG [AWT-EventQueue-0]->org.mariadb.jdbc.util.log.Slf4JLogger->debug := execute query: SELECT TABLE_SCHEMA TABLE_CAT, NULL  TABLE_SCHEM,  TABLE_NAME, IF(TABLE_TYPE='BASE TABLE' or TABLE_TYPE='SYSTEM VERSIONED', 'TABLE', IF(TABLE_TYPE='TEMPORARY', 'LOCAL TEMPORARY', TABLE_TYPE)) as TABLE_TYPE, TABLE_COMMENT REMARKS, NULL TYPE_CAT, NULL TYPE_SCHEM, NULL TYPE_NAME, NULL SELF_REFERENCING_COL_NAME,  NULL REF_GENERATION FROM INFORMATION_SCHEMA.TABLES WHERE TABLE_SCHEMA='edext' AND TABLE_NAME='ProgramaFormacion' AND  TABLE_TYPE IN ('BASE TABLE','SYSTEM VERSIONED','VIEW') ORDER BY TABLE_TYPE, TABLE_SCHEMA, TABLE_NAME
10:07:33 DEBUG [AWT-EventQueue-0]->org.mariadb.jdbc.util.log.Slf4JLogger->debug := execute query: select * from `edext`.`ProgramaFormacion` where 1=0
10:07:33 DEBUG [AWT-EventQueue-0]->org.mariadb.jdbc.util.log.Slf4JLogger->debug := execute query: SELECT TABLE_SCHEMA TABLE_CAT, NULL  TABLE_SCHEM,  TABLE_NAME, IF(TABLE_TYPE='BASE TABLE' or TABLE_TYPE='SYSTEM VERSIONED', 'TABLE', IF(TABLE_TYPE='TEMPORARY', 'LOCAL TEMPORARY', TABLE_TYPE)) as TABLE_TYPE, TABLE_COMMENT REMARKS, NULL TYPE_CAT, NULL TYPE_SCHEM, NULL TYPE_NAME, NULL SELF_REFERENCING_COL_NAME,  NULL REF_GENERATION FROM INFORMATION_SCHEMA.TABLES WHERE TABLE_SCHEMA='edext' AND TABLE_NAME='Usuario' AND  TABLE_TYPE IN ('BASE TABLE','SYSTEM VERSIONED','VIEW') ORDER BY TABLE_TYPE, TABLE_SCHEMA, TABLE_NAME
10:07:33 DEBUG [AWT-EventQueue-0]->org.mariadb.jdbc.util.log.Slf4JLogger->debug := execute query: select * from `edext`.`Usuario` where 1=0
10:07:33 DEBUG [AWT-EventQueue-0]->org.mariadb.jdbc.util.log.Slf4JLogger->debug := execute query: SHOW CREATE TABLE `edext`.`Integra`
10:07:33 DEBUG [AWT-EventQueue-0]->org.mariadb.jdbc.util.log.Slf4JLogger->debug := execute query: SHOW CREATE TABLE `ProgramaFormacion`
10:07:33 DEBUG [AWT-EventQueue-0]->org.mariadb.jdbc.util.log.Slf4JLogger->debug := execute query: SHOW CREATE TABLE `Curso`
10:07:33 DEBUG [AWT-EventQueue-0]->org.mariadb.jdbc.util.log.Slf4JLogger->debug := execute query: SELECT TABLE_SCHEMA TABLE_CAT, NULL  TABLE_SCHEM,  TABLE_NAME, IF(TABLE_TYPE='BASE TABLE' or TABLE_TYPE='SYSTEM VERSIONED', 'TABLE', IF(TABLE_TYPE='TEMPORARY', 'LOCAL TEMPORARY', TABLE_TYPE)) as TABLE_TYPE, TABLE_COMMENT REMARKS, NULL TYPE_CAT, NULL TYPE_SCHEM, NULL TYPE_NAME, NULL SELF_REFERENCING_COL_NAME,  NULL REF_GENERATION FROM INFORMATION_SCHEMA.TABLES WHERE TABLE_SCHEMA='edext' AND TABLE_NAME='Curso' AND  TABLE_TYPE IN ('BASE TABLE','SYSTEM VERSIONED','VIEW') ORDER BY TABLE_TYPE, TABLE_SCHEMA, TABLE_NAME
10:07:33 DEBUG [AWT-EventQueue-0]->org.mariadb.jdbc.util.log.Slf4JLogger->debug := execute query: select * from `edext`.`Curso` where 1=0
10:07:33 DEBUG [AWT-EventQueue-0]->org.mariadb.jdbc.util.log.Slf4JLogger->debug := execute query: SELECT TABLE_SCHEMA TABLE_CAT, NULL  TABLE_SCHEM,  TABLE_NAME, IF(TABLE_TYPE='BASE TABLE' or TABLE_TYPE='SYSTEM VERSIONED', 'TABLE', IF(TABLE_TYPE='TEMPORARY', 'LOCAL TEMPORARY', TABLE_TYPE)) as TABLE_TYPE, TABLE_COMMENT REMARKS, NULL TYPE_CAT, NULL TYPE_SCHEM, NULL TYPE_NAME, NULL SELF_REFERENCING_COL_NAME,  NULL REF_GENERATION FROM INFORMATION_SCHEMA.TABLES WHERE TABLE_SCHEMA='edext' AND TABLE_NAME='ProgramaFormacion' AND  TABLE_TYPE IN ('BASE TABLE','SYSTEM VERSIONED','VIEW') ORDER BY TABLE_TYPE, TABLE_SCHEMA, TABLE_NAME
10:07:33 DEBUG [AWT-EventQueue-0]->org.mariadb.jdbc.util.log.Slf4JLogger->debug := execute query: select * from `edext`.`ProgramaFormacion` where 1=0
10:07:33 DEBUG [AWT-EventQueue-0]->org.mariadb.jdbc.util.log.Slf4JLogger->debug := execute query: SHOW CREATE TABLE `edext`.`Organiza`
10:07:33 DEBUG [AWT-EventQueue-0]->org.mariadb.jdbc.util.log.Slf4JLogger->debug := execute query: SHOW CREATE TABLE `Edicion`
10:07:33 DEBUG [AWT-EventQueue-0]->org.mariadb.jdbc.util.log.Slf4JLogger->debug := execute query: SHOW CREATE TABLE `Usuario`
10:07:33 DEBUG [AWT-EventQueue-0]->org.mariadb.jdbc.util.log.Slf4JLogger->debug := execute query: SELECT TABLE_SCHEMA TABLE_CAT, NULL  TABLE_SCHEM,  TABLE_NAME, IF(TABLE_TYPE='BASE TABLE' or TABLE_TYPE='SYSTEM VERSIONED', 'TABLE', IF(TABLE_TYPE='TEMPORARY', 'LOCAL TEMPORARY', TABLE_TYPE)) as TABLE_TYPE, TABLE_COMMENT REMARKS, NULL TYPE_CAT, NULL TYPE_SCHEM, NULL TYPE_NAME, NULL SELF_REFERENCING_COL_NAME,  NULL REF_GENERATION FROM INFORMATION_SCHEMA.TABLES WHERE TABLE_SCHEMA='edext' AND TABLE_NAME='Edicion' AND  TABLE_TYPE IN ('BASE TABLE','SYSTEM VERSIONED','VIEW') ORDER BY TABLE_TYPE, TABLE_SCHEMA, TABLE_NAME
10:07:33 DEBUG [AWT-EventQueue-0]->org.mariadb.jdbc.util.log.Slf4JLogger->debug := execute query: select * from `edext`.`Edicion` where 1=0
10:07:33 DEBUG [AWT-EventQueue-0]->org.mariadb.jdbc.util.log.Slf4JLogger->debug := execute query: SELECT TABLE_SCHEMA TABLE_CAT, NULL  TABLE_SCHEM,  TABLE_NAME, IF(TABLE_TYPE='BASE TABLE' or TABLE_TYPE='SYSTEM VERSIONED', 'TABLE', IF(TABLE_TYPE='TEMPORARY', 'LOCAL TEMPORARY', TABLE_TYPE)) as TABLE_TYPE, TABLE_COMMENT REMARKS, NULL TYPE_CAT, NULL TYPE_SCHEM, NULL TYPE_NAME, NULL SELF_REFERENCING_COL_NAME,  NULL REF_GENERATION FROM INFORMATION_SCHEMA.TABLES WHERE TABLE_SCHEMA='edext' AND TABLE_NAME='Usuario' AND  TABLE_TYPE IN ('BASE TABLE','SYSTEM VERSIONED','VIEW') ORDER BY TABLE_TYPE, TABLE_SCHEMA, TABLE_NAME
10:07:33 DEBUG [AWT-EventQueue-0]->org.mariadb.jdbc.util.log.Slf4JLogger->debug := execute query: select * from `edext`.`Usuario` where 1=0
10:07:33 DEBUG [AWT-EventQueue-0]->org.mariadb.jdbc.util.log.Slf4JLogger->debug := execute query: SHOW CREATE TABLE `edext`.`Pertenece`
10:07:33 DEBUG [AWT-EventQueue-0]->org.mariadb.jdbc.util.log.Slf4JLogger->debug := execute query: SHOW CREATE TABLE `Usuario`
10:07:33 DEBUG [AWT-EventQueue-0]->org.mariadb.jdbc.util.log.Slf4JLogger->debug := execute query: SHOW CREATE TABLE `Instituto`
10:07:33 DEBUG [AWT-EventQueue-0]->org.mariadb.jdbc.util.log.Slf4JLogger->debug := execute query: SELECT TABLE_SCHEMA TABLE_CAT, NULL  TABLE_SCHEM,  TABLE_NAME, IF(TABLE_TYPE='BASE TABLE' or TABLE_TYPE='SYSTEM VERSIONED', 'TABLE', IF(TABLE_TYPE='TEMPORARY', 'LOCAL TEMPORARY', TABLE_TYPE)) as TABLE_TYPE, TABLE_COMMENT REMARKS, NULL TYPE_CAT, NULL TYPE_SCHEM, NULL TYPE_NAME, NULL SELF_REFERENCING_COL_NAME,  NULL REF_GENERATION FROM INFORMATION_SCHEMA.TABLES WHERE TABLE_SCHEMA='edext' AND TABLE_NAME='Instituto' AND  TABLE_TYPE IN ('BASE TABLE','SYSTEM VERSIONED','VIEW') ORDER BY TABLE_TYPE, TABLE_SCHEMA, TABLE_NAME
10:07:33 DEBUG [AWT-EventQueue-0]->org.mariadb.jdbc.util.log.Slf4JLogger->debug := execute query: select * from `edext`.`Instituto` where 1=0
10:07:33 DEBUG [AWT-EventQueue-0]->org.mariadb.jdbc.util.log.Slf4JLogger->debug := execute query: SELECT TABLE_SCHEMA TABLE_CAT, NULL  TABLE_SCHEM,  TABLE_NAME, IF(TABLE_TYPE='BASE TABLE' or TABLE_TYPE='SYSTEM VERSIONED', 'TABLE', IF(TABLE_TYPE='TEMPORARY', 'LOCAL TEMPORARY', TABLE_TYPE)) as TABLE_TYPE, TABLE_COMMENT REMARKS, NULL TYPE_CAT, NULL TYPE_SCHEM, NULL TYPE_NAME, NULL SELF_REFERENCING_COL_NAME,  NULL REF_GENERATION FROM INFORMATION_SCHEMA.TABLES WHERE TABLE_SCHEMA='edext' AND TABLE_NAME='Usuario' AND  TABLE_TYPE IN ('BASE TABLE','SYSTEM VERSIONED','VIEW') ORDER BY TABLE_TYPE, TABLE_SCHEMA, TABLE_NAME
10:07:33 DEBUG [AWT-EventQueue-0]->org.mariadb.jdbc.util.log.Slf4JLogger->debug := execute query: select * from `edext`.`Usuario` where 1=0
10:07:33 DEBUG [AWT-EventQueue-0]->org.mariadb.jdbc.util.log.Slf4JLogger->debug := execute query: SHOW CREATE TABLE `edext`.`Previas`
10:07:33 DEBUG [AWT-EventQueue-0]->org.mariadb.jdbc.util.log.Slf4JLogger->debug := execute query: SHOW CREATE TABLE `Curso`
10:07:33 DEBUG [AWT-EventQueue-0]->org.mariadb.jdbc.util.log.Slf4JLogger->debug := execute query: SHOW CREATE TABLE `Curso`
10:07:33 DEBUG [AWT-EventQueue-0]->org.mariadb.jdbc.util.log.Slf4JLogger->debug := execute query: SELECT TABLE_SCHEMA TABLE_CAT, NULL  TABLE_SCHEM,  TABLE_NAME, IF(TABLE_TYPE='BASE TABLE' or TABLE_TYPE='SYSTEM VERSIONED', 'TABLE', IF(TABLE_TYPE='TEMPORARY', 'LOCAL TEMPORARY', TABLE_TYPE)) as TABLE_TYPE, TABLE_COMMENT REMARKS, NULL TYPE_CAT, NULL TYPE_SCHEM, NULL TYPE_NAME, NULL SELF_REFERENCING_COL_NAME,  NULL REF_GENERATION FROM INFORMATION_SCHEMA.TABLES WHERE TABLE_SCHEMA='edext' AND TABLE_NAME='Curso' AND  TABLE_TYPE IN ('BASE TABLE','SYSTEM VERSIONED','VIEW') ORDER BY TABLE_TYPE, TABLE_SCHEMA, TABLE_NAME
10:07:33 DEBUG [AWT-EventQueue-0]->org.mariadb.jdbc.util.log.Slf4JLogger->debug := execute query: select * from `edext`.`Curso` where 1=0
10:07:33 DEBUG [AWT-EventQueue-0]->org.mariadb.jdbc.util.log.Slf4JLogger->debug := execute query: SELECT TABLE_SCHEMA TABLE_CAT, NULL  TABLE_SCHEM,  TABLE_NAME, IF(TABLE_TYPE='BASE TABLE' or TABLE_TYPE='SYSTEM VERSIONED', 'TABLE', IF(TABLE_TYPE='TEMPORARY', 'LOCAL TEMPORARY', TABLE_TYPE)) as TABLE_TYPE, TABLE_COMMENT REMARKS, NULL TYPE_CAT, NULL TYPE_SCHEM, NULL TYPE_NAME, NULL SELF_REFERENCING_COL_NAME,  NULL REF_GENERATION FROM INFORMATION_SCHEMA.TABLES WHERE TABLE_SCHEMA='edext' AND TABLE_NAME='Curso' AND  TABLE_TYPE IN ('BASE TABLE','SYSTEM VERSIONED','VIEW') ORDER BY TABLE_TYPE, TABLE_SCHEMA, TABLE_NAME
10:07:33 DEBUG [AWT-EventQueue-0]->org.mariadb.jdbc.util.log.Slf4JLogger->debug := execute query: select * from `edext`.`Curso` where 1=0
10:07:33 DEBUG [AWT-EventQueue-0]->org.mariadb.jdbc.util.log.Slf4JLogger->debug := execute query: set autocommit=0
10:07:33 DEBUG [AWT-EventQueue-0]->org.mariadb.jdbc.util.log.Slf4JLogger->debug := System variable change:  autocommit = OFF
10:07:33 DEBUG [AWT-EventQueue-0]->org.mariadb.jdbc.util.log.Slf4JLogger->debug := execute query: set autocommit=1
10:07:33 DEBUG [AWT-EventQueue-0]->org.mariadb.jdbc.util.log.Slf4JLogger->debug := System variable change:  autocommit = ON
10:07:33 DEBUG [AWT-EventQueue-0]->org.mariadb.jdbc.util.log.Slf4JLogger->debug := execute query: set autocommit=0
10:07:33 DEBUG [AWT-EventQueue-0]->org.mariadb.jdbc.util.log.Slf4JLogger->debug := System variable change:  autocommit = OFF
10:07:33 DEBUG [AWT-EventQueue-0]->org.mariadb.jdbc.util.log.Slf4JLogger->debug := execute query: select i1_0.nombre from Instituto i1_0
10:07:33 DEBUG [AWT-EventQueue-0]->org.mariadb.jdbc.util.log.Slf4JLogger->debug := execute query: set autocommit=1
10:07:33 DEBUG [AWT-EventQueue-0]->org.mariadb.jdbc.util.log.Slf4JLogger->debug := System variable change:  autocommit = ON
10:12:59 DEBUG [AWT-EventQueue-0]->org.mariadb.jdbc.util.log.Slf4JLogger->debug := execute query: CREATE DATABASE IF NOT EXISTS `edext`
10:12:59 DEBUG [AWT-EventQueue-0]->org.mariadb.jdbc.util.log.Slf4JLogger->debug := execute query: USE `edext`
10:12:59 DEBUG [AWT-EventQueue-0]->org.mariadb.jdbc.util.log.Slf4JLogger->debug := execute query: SET NAMES utf8mb4
10:12:59 DEBUG [AWT-EventQueue-0]->org.mariadb.jdbc.util.log.Slf4JLogger->debug := Database change: is 'edext'
10:12:59 DEBUG [AWT-EventQueue-0]->org.mariadb.jdbc.util.log.Slf4JLogger->debug := System variable change:  character_set_connection = utf8mb4
10:12:59 DEBUG [AWT-EventQueue-0]->org.mariadb.jdbc.util.log.Slf4JLogger->debug := System variable change:  character_set_client = utf8mb4
10:12:59 DEBUG [AWT-EventQueue-0]->org.mariadb.jdbc.util.log.Slf4JLogger->debug := System variable change:  character_set_results = utf8mb4
10:12:59 DEBUG [AWT-EventQueue-0]->org.mariadb.jdbc.util.log.Slf4JLogger->debug := execute query: set autocommit=0
10:12:59 DEBUG [AWT-EventQueue-0]->org.mariadb.jdbc.util.log.Slf4JLogger->debug := System variable change:  autocommit = OFF
10:12:59 DEBUG [AWT-EventQueue-0]->org.mariadb.jdbc.util.log.Slf4JLogger->debug := execute query: SELECT @@character_set_database, @@sql_mode
10:12:59 DEBUG [AWT-EventQueue-0]->org.mariadb.jdbc.util.log.Slf4JLogger->debug := execute query: select @@lower_case_table_names
10:12:59 DEBUG [AWT-EventQueue-0]->org.mariadb.jdbc.util.log.Slf4JLogger->debug := execute query: set autocommit=1
10:12:59 DEBUG [AWT-EventQueue-0]->org.mariadb.jdbc.util.log.Slf4JLogger->debug := System variable change:  autocommit = ON
10:13:01 DEBUG [AWT-EventQueue-0]->org.mariadb.jdbc.util.log.Slf4JLogger->debug := execute query: set autocommit=0
10:13:01 DEBUG [AWT-EventQueue-0]->org.mariadb.jdbc.util.log.Slf4JLogger->debug := System variable change:  autocommit = OFF
10:13:01 DEBUG [AWT-EventQueue-0]->org.mariadb.jdbc.util.log.Slf4JLogger->debug := execute query: set autocommit=1
10:13:01 DEBUG [AWT-EventQueue-0]->org.mariadb.jdbc.util.log.Slf4JLogger->debug := System variable change:  autocommit = ON
10:13:01 DEBUG [AWT-EventQueue-0]->org.mariadb.jdbc.util.log.Slf4JLogger->debug := execute query: select table_name from information_schema.TABLES where table_schema=database() and table_type='SEQUENCE'
10:13:01 DEBUG [AWT-EventQueue-0]->org.mariadb.jdbc.util.log.Slf4JLogger->debug := execute query: SELECT TABLE_SCHEMA TABLE_CAT, NULL  TABLE_SCHEM,  TABLE_NAME, IF(TABLE_TYPE='BASE TABLE' or TABLE_TYPE='SYSTEM VERSIONED', 'TABLE', IF(TABLE_TYPE='TEMPORARY', 'LOCAL TEMPORARY', TABLE_TYPE)) as TABLE_TYPE, TABLE_COMMENT REMARKS, NULL TYPE_CAT, NULL TYPE_SCHEM, NULL TYPE_NAME, NULL SELF_REFERENCING_COL_NAME,  NULL REF_GENERATION FROM INFORMATION_SCHEMA.TABLES WHERE TABLE_SCHEMA='edext' AND  TABLE_TYPE IN ('BASE TABLE','SYSTEM VERSIONED','VIEW') ORDER BY TABLE_TYPE, TABLE_SCHEMA, TABLE_NAME
10:13:01 DEBUG [AWT-EventQueue-0]->org.mariadb.jdbc.util.log.Slf4JLogger->debug := execute query: SELECT TABLE_SCHEMA TABLE_CAT, NULL TABLE_SCHEM, TABLE_NAME, COLUMN_NAME, CASE data_type WHEN 'bit' THEN -7 WHEN 'tinyblob' THEN -3 WHEN 'mediumblob' THEN -4 WHEN 'longblob' THEN -4 WHEN 'blob' THEN -4 WHEN 'tinytext' THEN 12 WHEN 'mediumtext' THEN -1 WHEN 'longtext' THEN -1 WHEN 'text' THEN -1 WHEN 'date' THEN 91 WHEN 'datetime' THEN 93 WHEN 'decimal' THEN 3 WHEN 'double' THEN 8 WHEN 'enum' THEN 12 WHEN 'float' THEN 7 WHEN 'int' THEN IF( COLUMN_TYPE like '%unsigned%', 4,4) WHEN 'bigint' THEN -5 WHEN 'mediumint' THEN 4 WHEN 'null' THEN 0 WHEN 'set' THEN 12 WHEN 'smallint' THEN IF( COLUMN_TYPE like '%unsigned%', 5,5) WHEN 'varchar' THEN 12 WHEN 'varbinary' THEN -3 WHEN 'char' THEN 1 WHEN 'binary' THEN -2 WHEN 'time' THEN 92 WHEN 'timestamp' THEN 93 WHEN 'tinyint' THEN IF(COLUMN_TYPE like 'tinyint(1)%',16,-6)  WHEN 'year' THEN 91 ELSE 1111 END  DATA_TYPE, IF(COLUMN_TYPE like 'tinyint(1)%', 'BOOLEAN',  UCASE(IF( COLUMN_TYPE LIKE '%(%)%', CONCAT(SUBSTRING( COLUMN_TYPE,1, LOCATE('(',COLUMN_TYPE) - 1 ), SUBSTRING(COLUMN_TYPE ,1+locate(')', COLUMN_TYPE))), COLUMN_TYPE))) TYPE_NAME, CASE DATA_TYPE WHEN 'date' THEN 10  WHEN 'time' THEN IF(DATETIME_PRECISION = 0, 10, CAST(11 + DATETIME_PRECISION as signed integer))  WHEN 'datetime' THEN IF(DATETIME_PRECISION = 0, 19, CAST(20 + DATETIME_PRECISION as signed integer))  WHEN 'timestamp' THEN IF(DATETIME_PRECISION = 0, 19, CAST(20 + DATETIME_PRECISION as signed integer))  ELSE   IF(NUMERIC_PRECISION IS NULL, LEAST(CHARACTER_MAXIMUM_LENGTH,2147483647), NUMERIC_PRECISION)  END COLUMN_SIZE, 65535 BUFFER_LENGTH,  CONVERT (CASE DATA_TYPE WHEN 'year' THEN NUMERIC_SCALE WHEN 'tinyint' THEN 0 ELSE NUMERIC_SCALE END, UNSIGNED INTEGER) DECIMAL_DIGITS, 10 NUM_PREC_RADIX, IF(IS_NULLABLE = 'yes',1,0) NULLABLE,COLUMN_COMMENT REMARKS, COLUMN_DEFAULT COLUMN_DEF, 0 SQL_DATA_TYPE, 0 SQL_DATETIME_SUB,   LEAST(CHARACTER_OCTET_LENGTH,2147483647) CHAR_OCTET_LENGTH, ORDINAL_POSITION, IS_NULLABLE, NULL SCOPE_CATALOG, NULL SCOPE_SCHEMA, NULL SCOPE_TABLE, NULL SOURCE_DATA_TYPE, IF(EXTRA = 'auto_increment','YES','NO') IS_AUTOINCREMENT,  IF(EXTRA in ('VIRTUAL', 'PERSISTENT', 'VIRTUAL GENERATED', 'STORED GENERATED') ,'YES','NO') IS_GENERATEDCOLUMN  FROM INFORMATION_SCHEMA.COLUMNS WHERE TABLE_SCHEMA='edext' ORDER BY TABLE_CAT, TABLE_SCHEM, TABLE_NAME, ORDINAL_POSITION
10:13:01 DEBUG [AWT-EventQueue-0]->org.mariadb.jdbc.util.log.Slf4JLogger->debug := execute query: SHOW CREATE TABLE `edext`.`Curso`
10:13:01 DEBUG [AWT-EventQueue-0]->org.mariadb.jdbc.util.log.Slf4JLogger->debug := execute query: SHOW CREATE TABLE `Instituto`
10:13:01 DEBUG [AWT-EventQueue-0]->org.mariadb.jdbc.util.log.Slf4JLogger->debug := execute query: SELECT TABLE_SCHEMA TABLE_CAT, NULL  TABLE_SCHEM,  TABLE_NAME, IF(TABLE_TYPE='BASE TABLE' or TABLE_TYPE='SYSTEM VERSIONED', 'TABLE', IF(TABLE_TYPE='TEMPORARY', 'LOCAL TEMPORARY', TABLE_TYPE)) as TABLE_TYPE, TABLE_COMMENT REMARKS, NULL TYPE_CAT, NULL TYPE_SCHEM, NULL TYPE_NAME, NULL SELF_REFERENCING_COL_NAME,  NULL REF_GENERATION FROM INFORMATION_SCHEMA.TABLES WHERE TABLE_SCHEMA='edext' AND TABLE_NAME='Instituto' AND  TABLE_TYPE IN ('BASE TABLE','SYSTEM VERSIONED','VIEW') ORDER BY TABLE_TYPE, TABLE_SCHEMA, TABLE_NAME
10:13:01 DEBUG [AWT-EventQueue-0]->org.mariadb.jdbc.util.log.Slf4JLogger->debug := execute query: select * from `edext`.`Instituto` where 1=0
10:13:01 DEBUG [AWT-EventQueue-0]->org.mariadb.jdbc.util.log.Slf4JLogger->debug := execute query: SHOW CREATE TABLE `edext`.`Edicion`
10:13:01 DEBUG [AWT-EventQueue-0]->org.mariadb.jdbc.util.log.Slf4JLogger->debug := execute query: SHOW CREATE TABLE `Curso`
10:13:01 DEBUG [AWT-EventQueue-0]->org.mariadb.jdbc.util.log.Slf4JLogger->debug := execute query: SELECT TABLE_SCHEMA TABLE_CAT, NULL  TABLE_SCHEM,  TABLE_NAME, IF(TABLE_TYPE='BASE TABLE' or TABLE_TYPE='SYSTEM VERSIONED', 'TABLE', IF(TABLE_TYPE='TEMPORARY', 'LOCAL TEMPORARY', TABLE_TYPE)) as TABLE_TYPE, TABLE_COMMENT REMARKS, NULL TYPE_CAT, NULL TYPE_SCHEM, NULL TYPE_NAME, NULL SELF_REFERENCING_COL_NAME,  NULL REF_GENERATION FROM INFORMATION_SCHEMA.TABLES WHERE TABLE_SCHEMA='edext' AND TABLE_NAME='Curso' AND  TABLE_TYPE IN ('BASE TABLE','SYSTEM VERSIONED','VIEW') ORDER BY TABLE_TYPE, TABLE_SCHEMA, TABLE_NAME
10:13:01 DEBUG [AWT-EventQueue-0]->org.mariadb.jdbc.util.log.Slf4JLogger->debug := execute query: select * from `edext`.`Curso` where 1=0
10:13:01 DEBUG [AWT-EventQueue-0]->org.mariadb.jdbc.util.log.Slf4JLogger->debug := execute query: SHOW CREATE TABLE `edext`.`InscripcionEdicion`
10:13:01 DEBUG [AWT-EventQueue-0]->org.mariadb.jdbc.util.log.Slf4JLogger->debug := execute query: SHOW CREATE TABLE `Edicion`
10:13:01 DEBUG [AWT-EventQueue-0]->org.mariadb.jdbc.util.log.Slf4JLogger->debug := execute query: SHOW CREATE TABLE `Usuario`
10:13:01 DEBUG [AWT-EventQueue-0]->org.mariadb.jdbc.util.log.Slf4JLogger->debug := execute query: SELECT TABLE_SCHEMA TABLE_CAT, NULL  TABLE_SCHEM,  TABLE_NAME, IF(TABLE_TYPE='BASE TABLE' or TABLE_TYPE='SYSTEM VERSIONED', 'TABLE', IF(TABLE_TYPE='TEMPORARY', 'LOCAL TEMPORARY', TABLE_TYPE)) as TABLE_TYPE, TABLE_COMMENT REMARKS, NULL TYPE_CAT, NULL TYPE_SCHEM, NULL TYPE_NAME, NULL SELF_REFERENCING_COL_NAME,  NULL REF_GENERATION FROM INFORMATION_SCHEMA.TABLES WHERE TABLE_SCHEMA='edext' AND TABLE_NAME='Edicion' AND  TABLE_TYPE IN ('BASE TABLE','SYSTEM VERSIONED','VIEW') ORDER BY TABLE_TYPE, TABLE_SCHEMA, TABLE_NAME
10:13:01 DEBUG [AWT-EventQueue-0]->org.mariadb.jdbc.util.log.Slf4JLogger->debug := execute query: select * from `edext`.`Edicion` where 1=0
10:13:01 DEBUG [AWT-EventQueue-0]->org.mariadb.jdbc.util.log.Slf4JLogger->debug := execute query: SELECT TABLE_SCHEMA TABLE_CAT, NULL  TABLE_SCHEM,  TABLE_NAME, IF(TABLE_TYPE='BASE TABLE' or TABLE_TYPE='SYSTEM VERSIONED', 'TABLE', IF(TABLE_TYPE='TEMPORARY', 'LOCAL TEMPORARY', TABLE_TYPE)) as TABLE_TYPE, TABLE_COMMENT REMARKS, NULL TYPE_CAT, NULL TYPE_SCHEM, NULL TYPE_NAME, NULL SELF_REFERENCING_COL_NAME,  NULL REF_GENERATION FROM INFORMATION_SCHEMA.TABLES WHERE TABLE_SCHEMA='edext' AND TABLE_NAME='Usuario' AND  TABLE_TYPE IN ('BASE TABLE','SYSTEM VERSIONED','VIEW') ORDER BY TABLE_TYPE, TABLE_SCHEMA, TABLE_NAME
10:13:01 DEBUG [AWT-EventQueue-0]->org.mariadb.jdbc.util.log.Slf4JLogger->debug := execute query: select * from `edext`.`Usuario` where 1=0
10:13:01 DEBUG [AWT-EventQueue-0]->org.mariadb.jdbc.util.log.Slf4JLogger->debug := execute query: SHOW CREATE TABLE `edext`.`InscripcionPrograma`
10:13:01 DEBUG [AWT-EventQueue-0]->org.mariadb.jdbc.util.log.Slf4JLogger->debug := execute query: SHOW CREATE TABLE `Usuario`
10:13:01 DEBUG [AWT-EventQueue-0]->org.mariadb.jdbc.util.log.Slf4JLogger->debug := execute query: SHOW CREATE TABLE `ProgramaFormacion`
10:13:01 DEBUG [AWT-EventQueue-0]->org.mariadb.jdbc.util.log.Slf4JLogger->debug := execute query: SELECT TABLE_SCHEMA TABLE_CAT, NULL  TABLE_SCHEM,  TABLE_NAME, IF(TABLE_TYPE='BASE TABLE' or TABLE_TYPE='SYSTEM VERSIONED', 'TABLE', IF(TABLE_TYPE='TEMPORARY', 'LOCAL TEMPORARY', TABLE_TYPE)) as TABLE_TYPE, TABLE_COMMENT REMARKS, NULL TYPE_CAT, NULL TYPE_SCHEM, NULL TYPE_NAME, NULL SELF_REFERENCING_COL_NAME,  NULL REF_GENERATION FROM INFORMATION_SCHEMA.TABLES WHERE TABLE_SCHEMA='edext' AND TABLE_NAME='ProgramaFormacion' AND  TABLE_TYPE IN ('BASE TABLE','SYSTEM VERSIONED','VIEW') ORDER BY TABLE_TYPE, TABLE_SCHEMA, TABLE_NAME
10:13:01 DEBUG [AWT-EventQueue-0]->org.mariadb.jdbc.util.log.Slf4JLogger->debug := execute query: select * from `edext`.`ProgramaFormacion` where 1=0
10:13:01 DEBUG [AWT-EventQueue-0]->org.mariadb.jdbc.util.log.Slf4JLogger->debug := execute query: SELECT TABLE_SCHEMA TABLE_CAT, NULL  TABLE_SCHEM,  TABLE_NAME, IF(TABLE_TYPE='BASE TABLE' or TABLE_TYPE='SYSTEM VERSIONED', 'TABLE', IF(TABLE_TYPE='TEMPORARY', 'LOCAL TEMPORARY', TABLE_TYPE)) as TABLE_TYPE, TABLE_COMMENT REMARKS, NULL TYPE_CAT, NULL TYPE_SCHEM, NULL TYPE_NAME, NULL SELF_REFERENCING_COL_NAME,  NULL REF_GENERATION FROM INFORMATION_SCHEMA.TABLES WHERE TABLE_SCHEMA='edext' AND TABLE_NAME='Usuario' AND  TABLE_TYPE IN ('BASE TABLE','SYSTEM VERSIONED','VIEW') ORDER BY TABLE_TYPE, TABLE_SCHEMA, TABLE_NAME
10:13:01 DEBUG [AWT-EventQueue-0]->org.mariadb.jdbc.util.log.Slf4JLogger->debug := execute query: select * from `edext`.`Usuario` where 1=0
10:13:01 DEBUG [AWT-EventQueue-0]->org.mariadb.jdbc.util.log.Slf4JLogger->debug := execute query: SHOW CREATE TABLE `edext`.`Integra`
10:13:01 DEBUG [AWT-EventQueue-0]->org.mariadb.jdbc.util.log.Slf4JLogger->debug := execute query: SHOW CREATE TABLE `ProgramaFormacion`
10:13:01 DEBUG [AWT-EventQueue-0]->org.mariadb.jdbc.util.log.Slf4JLogger->debug := execute query: SHOW CREATE TABLE `Curso`
10:13:01 DEBUG [AWT-EventQueue-0]->org.mariadb.jdbc.util.log.Slf4JLogger->debug := execute query: SELECT TABLE_SCHEMA TABLE_CAT, NULL  TABLE_SCHEM,  TABLE_NAME, IF(TABLE_TYPE='BASE TABLE' or TABLE_TYPE='SYSTEM VERSIONED', 'TABLE', IF(TABLE_TYPE='TEMPORARY', 'LOCAL TEMPORARY', TABLE_TYPE)) as TABLE_TYPE, TABLE_COMMENT REMARKS, NULL TYPE_CAT, NULL TYPE_SCHEM, NULL TYPE_NAME, NULL SELF_REFERENCING_COL_NAME,  NULL REF_GENERATION FROM INFORMATION_SCHEMA.TABLES WHERE TABLE_SCHEMA='edext' AND TABLE_NAME='Curso' AND  TABLE_TYPE IN ('BASE TABLE','SYSTEM VERSIONED','VIEW') ORDER BY TABLE_TYPE, TABLE_SCHEMA, TABLE_NAME
10:13:01 DEBUG [AWT-EventQueue-0]->org.mariadb.jdbc.util.log.Slf4JLogger->debug := execute query: select * from `edext`.`Curso` where 1=0
10:13:01 DEBUG [AWT-EventQueue-0]->org.mariadb.jdbc.util.log.Slf4JLogger->debug := execute query: SELECT TABLE_SCHEMA TABLE_CAT, NULL  TABLE_SCHEM,  TABLE_NAME, IF(TABLE_TYPE='BASE TABLE' or TABLE_TYPE='SYSTEM VERSIONED', 'TABLE', IF(TABLE_TYPE='TEMPORARY', 'LOCAL TEMPORARY', TABLE_TYPE)) as TABLE_TYPE, TABLE_COMMENT REMARKS, NULL TYPE_CAT, NULL TYPE_SCHEM, NULL TYPE_NAME, NULL SELF_REFERENCING_COL_NAME,  NULL REF_GENERATION FROM INFORMATION_SCHEMA.TABLES WHERE TABLE_SCHEMA='edext' AND TABLE_NAME='ProgramaFormacion' AND  TABLE_TYPE IN ('BASE TABLE','SYSTEM VERSIONED','VIEW') ORDER BY TABLE_TYPE, TABLE_SCHEMA, TABLE_NAME
10:13:01 DEBUG [AWT-EventQueue-0]->org.mariadb.jdbc.util.log.Slf4JLogger->debug := execute query: select * from `edext`.`ProgramaFormacion` where 1=0
10:13:01 DEBUG [AWT-EventQueue-0]->org.mariadb.jdbc.util.log.Slf4JLogger->debug := execute query: SHOW CREATE TABLE `edext`.`Organiza`
10:13:01 DEBUG [AWT-EventQueue-0]->org.mariadb.jdbc.util.log.Slf4JLogger->debug := execute query: SHOW CREATE TABLE `Edicion`
10:13:01 DEBUG [AWT-EventQueue-0]->org.mariadb.jdbc.util.log.Slf4JLogger->debug := execute query: SHOW CREATE TABLE `Usuario`
10:13:01 DEBUG [AWT-EventQueue-0]->org.mariadb.jdbc.util.log.Slf4JLogger->debug := execute query: SELECT TABLE_SCHEMA TABLE_CAT, NULL  TABLE_SCHEM,  TABLE_NAME, IF(TABLE_TYPE='BASE TABLE' or TABLE_TYPE='SYSTEM VERSIONED', 'TABLE', IF(TABLE_TYPE='TEMPORARY', 'LOCAL TEMPORARY', TABLE_TYPE)) as TABLE_TYPE, TABLE_COMMENT REMARKS, NULL TYPE_CAT, NULL TYPE_SCHEM, NULL TYPE_NAME, NULL SELF_REFERENCING_COL_NAME,  NULL REF_GENERATION FROM INFORMATION_SCHEMA.TABLES WHERE TABLE_SCHEMA='edext' AND TABLE_NAME='Edicion' AND  TABLE_TYPE IN ('BASE TABLE','SYSTEM VERSIONED','VIEW') ORDER BY TABLE_TYPE, TABLE_SCHEMA, TABLE_NAME
10:13:01 DEBUG [AWT-EventQueue-0]->org.mariadb.jdbc.util.log.Slf4JLogger->debug := execute query: select * from `edext`.`Edicion` where 1=0
10:13:01 DEBUG [AWT-EventQueue-0]->org.mariadb.jdbc.util.log.Slf4JLogger->debug := execute query: SELECT TABLE_SCHEMA TABLE_CAT, NULL  TABLE_SCHEM,  TABLE_NAME, IF(TABLE_TYPE='BASE TABLE' or TABLE_TYPE='SYSTEM VERSIONED', 'TABLE', IF(TABLE_TYPE='TEMPORARY', 'LOCAL TEMPORARY', TABLE_TYPE)) as TABLE_TYPE, TABLE_COMMENT REMARKS, NULL TYPE_CAT, NULL TYPE_SCHEM, NULL TYPE_NAME, NULL SELF_REFERENCING_COL_NAME,  NULL REF_GENERATION FROM INFORMATION_SCHEMA.TABLES WHERE TABLE_SCHEMA='edext' AND TABLE_NAME='Usuario' AND  TABLE_TYPE IN ('BASE TABLE','SYSTEM VERSIONED','VIEW') ORDER BY TABLE_TYPE, TABLE_SCHEMA, TABLE_NAME
10:13:01 DEBUG [AWT-EventQueue-0]->org.mariadb.jdbc.util.log.Slf4JLogger->debug := execute query: select * from `edext`.`Usuario` where 1=0
10:13:01 DEBUG [AWT-EventQueue-0]->org.mariadb.jdbc.util.log.Slf4JLogger->debug := execute query: SHOW CREATE TABLE `edext`.`Pertenece`
10:13:01 DEBUG [AWT-EventQueue-0]->org.mariadb.jdbc.util.log.Slf4JLogger->debug := execute query: SHOW CREATE TABLE `Usuario`
10:13:01 DEBUG [AWT-EventQueue-0]->org.mariadb.jdbc.util.log.Slf4JLogger->debug := execute query: SHOW CREATE TABLE `Instituto`
10:13:01 DEBUG [AWT-EventQueue-0]->org.mariadb.jdbc.util.log.Slf4JLogger->debug := execute query: SELECT TABLE_SCHEMA TABLE_CAT, NULL  TABLE_SCHEM,  TABLE_NAME, IF(TABLE_TYPE='BASE TABLE' or TABLE_TYPE='SYSTEM VERSIONED', 'TABLE', IF(TABLE_TYPE='TEMPORARY', 'LOCAL TEMPORARY', TABLE_TYPE)) as TABLE_TYPE, TABLE_COMMENT REMARKS, NULL TYPE_CAT, NULL TYPE_SCHEM, NULL TYPE_NAME, NULL SELF_REFERENCING_COL_NAME,  NULL REF_GENERATION FROM INFORMATION_SCHEMA.TABLES WHERE TABLE_SCHEMA='edext' AND TABLE_NAME='Instituto' AND  TABLE_TYPE IN ('BASE TABLE','SYSTEM VERSIONED','VIEW') ORDER BY TABLE_TYPE, TABLE_SCHEMA, TABLE_NAME
10:13:01 DEBUG [AWT-EventQueue-0]->org.mariadb.jdbc.util.log.Slf4JLogger->debug := execute query: select * from `edext`.`Instituto` where 1=0
10:13:01 DEBUG [AWT-EventQueue-0]->org.mariadb.jdbc.util.log.Slf4JLogger->debug := execute query: SELECT TABLE_SCHEMA TABLE_CAT, NULL  TABLE_SCHEM,  TABLE_NAME, IF(TABLE_TYPE='BASE TABLE' or TABLE_TYPE='SYSTEM VERSIONED', 'TABLE', IF(TABLE_TYPE='TEMPORARY', 'LOCAL TEMPORARY', TABLE_TYPE)) as TABLE_TYPE, TABLE_COMMENT REMARKS, NULL TYPE_CAT, NULL TYPE_SCHEM, NULL TYPE_NAME, NULL SELF_REFERENCING_COL_NAME,  NULL REF_GENERATION FROM INFORMATION_SCHEMA.TABLES WHERE TABLE_SCHEMA='edext' AND TABLE_NAME='Usuario' AND  TABLE_TYPE IN ('BASE TABLE','SYSTEM VERSIONED','VIEW') ORDER BY TABLE_TYPE, TABLE_SCHEMA, TABLE_NAME
10:13:01 DEBUG [AWT-EventQueue-0]->org.mariadb.jdbc.util.log.Slf4JLogger->debug := execute query: select * from `edext`.`Usuario` where 1=0
10:13:01 DEBUG [AWT-EventQueue-0]->org.mariadb.jdbc.util.log.Slf4JLogger->debug := execute query: SHOW CREATE TABLE `edext`.`Previas`
10:13:01 DEBUG [AWT-EventQueue-0]->org.mariadb.jdbc.util.log.Slf4JLogger->debug := execute query: SHOW CREATE TABLE `Curso`
10:13:01 DEBUG [AWT-EventQueue-0]->org.mariadb.jdbc.util.log.Slf4JLogger->debug := execute query: SHOW CREATE TABLE `Curso`
10:13:01 DEBUG [AWT-EventQueue-0]->org.mariadb.jdbc.util.log.Slf4JLogger->debug := execute query: SELECT TABLE_SCHEMA TABLE_CAT, NULL  TABLE_SCHEM,  TABLE_NAME, IF(TABLE_TYPE='BASE TABLE' or TABLE_TYPE='SYSTEM VERSIONED', 'TABLE', IF(TABLE_TYPE='TEMPORARY', 'LOCAL TEMPORARY', TABLE_TYPE)) as TABLE_TYPE, TABLE_COMMENT REMARKS, NULL TYPE_CAT, NULL TYPE_SCHEM, NULL TYPE_NAME, NULL SELF_REFERENCING_COL_NAME,  NULL REF_GENERATION FROM INFORMATION_SCHEMA.TABLES WHERE TABLE_SCHEMA='edext' AND TABLE_NAME='Curso' AND  TABLE_TYPE IN ('BASE TABLE','SYSTEM VERSIONED','VIEW') ORDER BY TABLE_TYPE, TABLE_SCHEMA, TABLE_NAME
10:13:01 DEBUG [AWT-EventQueue-0]->org.mariadb.jdbc.util.log.Slf4JLogger->debug := execute query: select * from `edext`.`Curso` where 1=0
10:13:01 DEBUG [AWT-EventQueue-0]->org.mariadb.jdbc.util.log.Slf4JLogger->debug := execute query: SELECT TABLE_SCHEMA TABLE_CAT, NULL  TABLE_SCHEM,  TABLE_NAME, IF(TABLE_TYPE='BASE TABLE' or TABLE_TYPE='SYSTEM VERSIONED', 'TABLE', IF(TABLE_TYPE='TEMPORARY', 'LOCAL TEMPORARY', TABLE_TYPE)) as TABLE_TYPE, TABLE_COMMENT REMARKS, NULL TYPE_CAT, NULL TYPE_SCHEM, NULL TYPE_NAME, NULL SELF_REFERENCING_COL_NAME,  NULL REF_GENERATION FROM INFORMATION_SCHEMA.TABLES WHERE TABLE_SCHEMA='edext' AND TABLE_NAME='Curso' AND  TABLE_TYPE IN ('BASE TABLE','SYSTEM VERSIONED','VIEW') ORDER BY TABLE_TYPE, TABLE_SCHEMA, TABLE_NAME
10:13:01 DEBUG [AWT-EventQueue-0]->org.mariadb.jdbc.util.log.Slf4JLogger->debug := execute query: select * from `edext`.`Curso` where 1=0
10:13:01 DEBUG [AWT-EventQueue-0]->org.mariadb.jdbc.util.log.Slf4JLogger->debug := execute query: set autocommit=0
10:13:01 DEBUG [AWT-EventQueue-0]->org.mariadb.jdbc.util.log.Slf4JLogger->debug := System variable change:  autocommit = OFF
10:13:01 DEBUG [AWT-EventQueue-0]->org.mariadb.jdbc.util.log.Slf4JLogger->debug := execute query: set autocommit=1
10:13:01 DEBUG [AWT-EventQueue-0]->org.mariadb.jdbc.util.log.Slf4JLogger->debug := System variable change:  autocommit = ON
10:13:02 DEBUG [AWT-EventQueue-0]->org.mariadb.jdbc.util.log.Slf4JLogger->debug := execute query: set autocommit=0
10:13:02 DEBUG [AWT-EventQueue-0]->org.mariadb.jdbc.util.log.Slf4JLogger->debug := System variable change:  autocommit = OFF
10:13:02 DEBUG [AWT-EventQueue-0]->org.mariadb.jdbc.util.log.Slf4JLogger->debug := execute query: select i1_0.nombre from Instituto i1_0
10:13:02 DEBUG [AWT-EventQueue-0]->org.mariadb.jdbc.util.log.Slf4JLogger->debug := execute query: set autocommit=1
10:13:02 DEBUG [AWT-EventQueue-0]->org.mariadb.jdbc.util.log.Slf4JLogger->debug := System variable change:  autocommit = ON
10:14:40 DEBUG [AWT-EventQueue-0]->org.mariadb.jdbc.util.log.Slf4JLogger->debug := execute query: CREATE DATABASE IF NOT EXISTS `edext`
10:14:40 DEBUG [AWT-EventQueue-0]->org.mariadb.jdbc.util.log.Slf4JLogger->debug := execute query: USE `edext`
10:14:40 DEBUG [AWT-EventQueue-0]->org.mariadb.jdbc.util.log.Slf4JLogger->debug := execute query: SET NAMES utf8mb4
10:14:40 DEBUG [AWT-EventQueue-0]->org.mariadb.jdbc.util.log.Slf4JLogger->debug := Database change: is 'edext'
10:14:40 DEBUG [AWT-EventQueue-0]->org.mariadb.jdbc.util.log.Slf4JLogger->debug := System variable change:  character_set_connection = utf8mb4
10:14:40 DEBUG [AWT-EventQueue-0]->org.mariadb.jdbc.util.log.Slf4JLogger->debug := System variable change:  character_set_client = utf8mb4
10:14:40 DEBUG [AWT-EventQueue-0]->org.mariadb.jdbc.util.log.Slf4JLogger->debug := System variable change:  character_set_results = utf8mb4
10:14:40 DEBUG [AWT-EventQueue-0]->org.mariadb.jdbc.util.log.Slf4JLogger->debug := execute query: set autocommit=0
10:14:40 DEBUG [AWT-EventQueue-0]->org.mariadb.jdbc.util.log.Slf4JLogger->debug := System variable change:  autocommit = OFF
10:14:40 DEBUG [AWT-EventQueue-0]->org.mariadb.jdbc.util.log.Slf4JLogger->debug := execute query: SELECT @@character_set_database, @@sql_mode
10:14:41 DEBUG [AWT-EventQueue-0]->org.mariadb.jdbc.util.log.Slf4JLogger->debug := execute query: select @@lower_case_table_names
10:14:41 DEBUG [AWT-EventQueue-0]->org.mariadb.jdbc.util.log.Slf4JLogger->debug := execute query: set autocommit=1
10:14:41 DEBUG [AWT-EventQueue-0]->org.mariadb.jdbc.util.log.Slf4JLogger->debug := System variable change:  autocommit = ON
10:14:43 DEBUG [AWT-EventQueue-0]->org.mariadb.jdbc.util.log.Slf4JLogger->debug := execute query: set autocommit=0
10:14:43 DEBUG [AWT-EventQueue-0]->org.mariadb.jdbc.util.log.Slf4JLogger->debug := System variable change:  autocommit = OFF
10:14:43 DEBUG [AWT-EventQueue-0]->org.mariadb.jdbc.util.log.Slf4JLogger->debug := execute query: set autocommit=1
10:14:43 DEBUG [AWT-EventQueue-0]->org.mariadb.jdbc.util.log.Slf4JLogger->debug := System variable change:  autocommit = ON
10:14:43 DEBUG [AWT-EventQueue-0]->org.mariadb.jdbc.util.log.Slf4JLogger->debug := execute query: select table_name from information_schema.TABLES where table_schema=database() and table_type='SEQUENCE'
10:14:43 DEBUG [AWT-EventQueue-0]->org.mariadb.jdbc.util.log.Slf4JLogger->debug := execute query: SELECT TABLE_SCHEMA TABLE_CAT, NULL  TABLE_SCHEM,  TABLE_NAME, IF(TABLE_TYPE='BASE TABLE' or TABLE_TYPE='SYSTEM VERSIONED', 'TABLE', IF(TABLE_TYPE='TEMPORARY', 'LOCAL TEMPORARY', TABLE_TYPE)) as TABLE_TYPE, TABLE_COMMENT REMARKS, NULL TYPE_CAT, NULL TYPE_SCHEM, NULL TYPE_NAME, NULL SELF_REFERENCING_COL_NAME,  NULL REF_GENERATION FROM INFORMATION_SCHEMA.TABLES WHERE TABLE_SCHEMA='edext' AND  TABLE_TYPE IN ('BASE TABLE','SYSTEM VERSIONED','VIEW') ORDER BY TABLE_TYPE, TABLE_SCHEMA, TABLE_NAME
10:14:43 DEBUG [AWT-EventQueue-0]->org.mariadb.jdbc.util.log.Slf4JLogger->debug := execute query: SELECT TABLE_SCHEMA TABLE_CAT, NULL TABLE_SCHEM, TABLE_NAME, COLUMN_NAME, CASE data_type WHEN 'bit' THEN -7 WHEN 'tinyblob' THEN -3 WHEN 'mediumblob' THEN -4 WHEN 'longblob' THEN -4 WHEN 'blob' THEN -4 WHEN 'tinytext' THEN 12 WHEN 'mediumtext' THEN -1 WHEN 'longtext' THEN -1 WHEN 'text' THEN -1 WHEN 'date' THEN 91 WHEN 'datetime' THEN 93 WHEN 'decimal' THEN 3 WHEN 'double' THEN 8 WHEN 'enum' THEN 12 WHEN 'float' THEN 7 WHEN 'int' THEN IF( COLUMN_TYPE like '%unsigned%', 4,4) WHEN 'bigint' THEN -5 WHEN 'mediumint' THEN 4 WHEN 'null' THEN 0 WHEN 'set' THEN 12 WHEN 'smallint' THEN IF( COLUMN_TYPE like '%unsigned%', 5,5) WHEN 'varchar' THEN 12 WHEN 'varbinary' THEN -3 WHEN 'char' THEN 1 WHEN 'binary' THEN -2 WHEN 'time' THEN 92 WHEN 'timestamp' THEN 93 WHEN 'tinyint' THEN IF(COLUMN_TYPE like 'tinyint(1)%',16,-6)  WHEN 'year' THEN 91 ELSE 1111 END  DATA_TYPE, IF(COLUMN_TYPE like 'tinyint(1)%', 'BOOLEAN',  UCASE(IF( COLUMN_TYPE LIKE '%(%)%', CONCAT(SUBSTRING( COLUMN_TYPE,1, LOCATE('(',COLUMN_TYPE) - 1 ), SUBSTRING(COLUMN_TYPE ,1+locate(')', COLUMN_TYPE))), COLUMN_TYPE))) TYPE_NAME, CASE DATA_TYPE WHEN 'date' THEN 10  WHEN 'time' THEN IF(DATETIME_PRECISION = 0, 10, CAST(11 + DATETIME_PRECISION as signed integer))  WHEN 'datetime' THEN IF(DATETIME_PRECISION = 0, 19, CAST(20 + DATETIME_PRECISION as signed integer))  WHEN 'timestamp' THEN IF(DATETIME_PRECISION = 0, 19, CAST(20 + DATETIME_PRECISION as signed integer))  ELSE   IF(NUMERIC_PRECISION IS NULL, LEAST(CHARACTER_MAXIMUM_LENGTH,2147483647), NUMERIC_PRECISION)  END COLUMN_SIZE, 65535 BUFFER_LENGTH,  CONVERT (CASE DATA_TYPE WHEN 'year' THEN NUMERIC_SCALE WHEN 'tinyint' THEN 0 ELSE NUMERIC_SCALE END, UNSIGNED INTEGER) DECIMAL_DIGITS, 10 NUM_PREC_RADIX, IF(IS_NULLABLE = 'yes',1,0) NULLABLE,COLUMN_COMMENT REMARKS, COLUMN_DEFAULT COLUMN_DEF, 0 SQL_DATA_TYPE, 0 SQL_DATETIME_SUB,   LEAST(CHARACTER_OCTET_LENGTH,2147483647) CHAR_OCTET_LENGTH, ORDINAL_POSITION, IS_NULLABLE, NULL SCOPE_CATALOG, NULL SCOPE_SCHEMA, NULL SCOPE_TABLE, NULL SOURCE_DATA_TYPE, IF(EXTRA = 'auto_increment','YES','NO') IS_AUTOINCREMENT,  IF(EXTRA in ('VIRTUAL', 'PERSISTENT', 'VIRTUAL GENERATED', 'STORED GENERATED') ,'YES','NO') IS_GENERATEDCOLUMN  FROM INFORMATION_SCHEMA.COLUMNS WHERE TABLE_SCHEMA='edext' ORDER BY TABLE_CAT, TABLE_SCHEM, TABLE_NAME, ORDINAL_POSITION
10:14:43 DEBUG [AWT-EventQueue-0]->org.mariadb.jdbc.util.log.Slf4JLogger->debug := execute query: SHOW CREATE TABLE `edext`.`Curso`
10:14:43 DEBUG [AWT-EventQueue-0]->org.mariadb.jdbc.util.log.Slf4JLogger->debug := execute query: SHOW CREATE TABLE `Instituto`
10:14:43 DEBUG [AWT-EventQueue-0]->org.mariadb.jdbc.util.log.Slf4JLogger->debug := execute query: SELECT TABLE_SCHEMA TABLE_CAT, NULL  TABLE_SCHEM,  TABLE_NAME, IF(TABLE_TYPE='BASE TABLE' or TABLE_TYPE='SYSTEM VERSIONED', 'TABLE', IF(TABLE_TYPE='TEMPORARY', 'LOCAL TEMPORARY', TABLE_TYPE)) as TABLE_TYPE, TABLE_COMMENT REMARKS, NULL TYPE_CAT, NULL TYPE_SCHEM, NULL TYPE_NAME, NULL SELF_REFERENCING_COL_NAME,  NULL REF_GENERATION FROM INFORMATION_SCHEMA.TABLES WHERE TABLE_SCHEMA='edext' AND TABLE_NAME='Instituto' AND  TABLE_TYPE IN ('BASE TABLE','SYSTEM VERSIONED','VIEW') ORDER BY TABLE_TYPE, TABLE_SCHEMA, TABLE_NAME
10:14:43 DEBUG [AWT-EventQueue-0]->org.mariadb.jdbc.util.log.Slf4JLogger->debug := execute query: select * from `edext`.`Instituto` where 1=0
10:14:43 DEBUG [AWT-EventQueue-0]->org.mariadb.jdbc.util.log.Slf4JLogger->debug := execute query: SHOW CREATE TABLE `edext`.`Edicion`
10:14:43 DEBUG [AWT-EventQueue-0]->org.mariadb.jdbc.util.log.Slf4JLogger->debug := execute query: SHOW CREATE TABLE `Curso`
10:14:43 DEBUG [AWT-EventQueue-0]->org.mariadb.jdbc.util.log.Slf4JLogger->debug := execute query: SELECT TABLE_SCHEMA TABLE_CAT, NULL  TABLE_SCHEM,  TABLE_NAME, IF(TABLE_TYPE='BASE TABLE' or TABLE_TYPE='SYSTEM VERSIONED', 'TABLE', IF(TABLE_TYPE='TEMPORARY', 'LOCAL TEMPORARY', TABLE_TYPE)) as TABLE_TYPE, TABLE_COMMENT REMARKS, NULL TYPE_CAT, NULL TYPE_SCHEM, NULL TYPE_NAME, NULL SELF_REFERENCING_COL_NAME,  NULL REF_GENERATION FROM INFORMATION_SCHEMA.TABLES WHERE TABLE_SCHEMA='edext' AND TABLE_NAME='Curso' AND  TABLE_TYPE IN ('BASE TABLE','SYSTEM VERSIONED','VIEW') ORDER BY TABLE_TYPE, TABLE_SCHEMA, TABLE_NAME
10:14:43 DEBUG [AWT-EventQueue-0]->org.mariadb.jdbc.util.log.Slf4JLogger->debug := execute query: select * from `edext`.`Curso` where 1=0
10:14:43 DEBUG [AWT-EventQueue-0]->org.mariadb.jdbc.util.log.Slf4JLogger->debug := execute query: SHOW CREATE TABLE `edext`.`InscripcionEdicion`
10:14:43 DEBUG [AWT-EventQueue-0]->org.mariadb.jdbc.util.log.Slf4JLogger->debug := execute query: SHOW CREATE TABLE `Edicion`
10:14:43 DEBUG [AWT-EventQueue-0]->org.mariadb.jdbc.util.log.Slf4JLogger->debug := execute query: SHOW CREATE TABLE `Usuario`
10:14:43 DEBUG [AWT-EventQueue-0]->org.mariadb.jdbc.util.log.Slf4JLogger->debug := execute query: SELECT TABLE_SCHEMA TABLE_CAT, NULL  TABLE_SCHEM,  TABLE_NAME, IF(TABLE_TYPE='BASE TABLE' or TABLE_TYPE='SYSTEM VERSIONED', 'TABLE', IF(TABLE_TYPE='TEMPORARY', 'LOCAL TEMPORARY', TABLE_TYPE)) as TABLE_TYPE, TABLE_COMMENT REMARKS, NULL TYPE_CAT, NULL TYPE_SCHEM, NULL TYPE_NAME, NULL SELF_REFERENCING_COL_NAME,  NULL REF_GENERATION FROM INFORMATION_SCHEMA.TABLES WHERE TABLE_SCHEMA='edext' AND TABLE_NAME='Edicion' AND  TABLE_TYPE IN ('BASE TABLE','SYSTEM VERSIONED','VIEW') ORDER BY TABLE_TYPE, TABLE_SCHEMA, TABLE_NAME
10:14:43 DEBUG [AWT-EventQueue-0]->org.mariadb.jdbc.util.log.Slf4JLogger->debug := execute query: select * from `edext`.`Edicion` where 1=0
10:14:43 DEBUG [AWT-EventQueue-0]->org.mariadb.jdbc.util.log.Slf4JLogger->debug := execute query: SELECT TABLE_SCHEMA TABLE_CAT, NULL  TABLE_SCHEM,  TABLE_NAME, IF(TABLE_TYPE='BASE TABLE' or TABLE_TYPE='SYSTEM VERSIONED', 'TABLE', IF(TABLE_TYPE='TEMPORARY', 'LOCAL TEMPORARY', TABLE_TYPE)) as TABLE_TYPE, TABLE_COMMENT REMARKS, NULL TYPE_CAT, NULL TYPE_SCHEM, NULL TYPE_NAME, NULL SELF_REFERENCING_COL_NAME,  NULL REF_GENERATION FROM INFORMATION_SCHEMA.TABLES WHERE TABLE_SCHEMA='edext' AND TABLE_NAME='Usuario' AND  TABLE_TYPE IN ('BASE TABLE','SYSTEM VERSIONED','VIEW') ORDER BY TABLE_TYPE, TABLE_SCHEMA, TABLE_NAME
10:14:43 DEBUG [AWT-EventQueue-0]->org.mariadb.jdbc.util.log.Slf4JLogger->debug := execute query: select * from `edext`.`Usuario` where 1=0
10:14:43 DEBUG [AWT-EventQueue-0]->org.mariadb.jdbc.util.log.Slf4JLogger->debug := execute query: SHOW CREATE TABLE `edext`.`InscripcionPrograma`
10:14:43 DEBUG [AWT-EventQueue-0]->org.mariadb.jdbc.util.log.Slf4JLogger->debug := execute query: SHOW CREATE TABLE `Usuario`
10:14:43 DEBUG [AWT-EventQueue-0]->org.mariadb.jdbc.util.log.Slf4JLogger->debug := execute query: SHOW CREATE TABLE `ProgramaFormacion`
10:14:43 DEBUG [AWT-EventQueue-0]->org.mariadb.jdbc.util.log.Slf4JLogger->debug := execute query: SELECT TABLE_SCHEMA TABLE_CAT, NULL  TABLE_SCHEM,  TABLE_NAME, IF(TABLE_TYPE='BASE TABLE' or TABLE_TYPE='SYSTEM VERSIONED', 'TABLE', IF(TABLE_TYPE='TEMPORARY', 'LOCAL TEMPORARY', TABLE_TYPE)) as TABLE_TYPE, TABLE_COMMENT REMARKS, NULL TYPE_CAT, NULL TYPE_SCHEM, NULL TYPE_NAME, NULL SELF_REFERENCING_COL_NAME,  NULL REF_GENERATION FROM INFORMATION_SCHEMA.TABLES WHERE TABLE_SCHEMA='edext' AND TABLE_NAME='ProgramaFormacion' AND  TABLE_TYPE IN ('BASE TABLE','SYSTEM VERSIONED','VIEW') ORDER BY TABLE_TYPE, TABLE_SCHEMA, TABLE_NAME
10:14:43 DEBUG [AWT-EventQueue-0]->org.mariadb.jdbc.util.log.Slf4JLogger->debug := execute query: select * from `edext`.`ProgramaFormacion` where 1=0
10:14:43 DEBUG [AWT-EventQueue-0]->org.mariadb.jdbc.util.log.Slf4JLogger->debug := execute query: SELECT TABLE_SCHEMA TABLE_CAT, NULL  TABLE_SCHEM,  TABLE_NAME, IF(TABLE_TYPE='BASE TABLE' or TABLE_TYPE='SYSTEM VERSIONED', 'TABLE', IF(TABLE_TYPE='TEMPORARY', 'LOCAL TEMPORARY', TABLE_TYPE)) as TABLE_TYPE, TABLE_COMMENT REMARKS, NULL TYPE_CAT, NULL TYPE_SCHEM, NULL TYPE_NAME, NULL SELF_REFERENCING_COL_NAME,  NULL REF_GENERATION FROM INFORMATION_SCHEMA.TABLES WHERE TABLE_SCHEMA='edext' AND TABLE_NAME='Usuario' AND  TABLE_TYPE IN ('BASE TABLE','SYSTEM VERSIONED','VIEW') ORDER BY TABLE_TYPE, TABLE_SCHEMA, TABLE_NAME
10:14:43 DEBUG [AWT-EventQueue-0]->org.mariadb.jdbc.util.log.Slf4JLogger->debug := execute query: select * from `edext`.`Usuario` where 1=0
10:14:43 DEBUG [AWT-EventQueue-0]->org.mariadb.jdbc.util.log.Slf4JLogger->debug := execute query: SHOW CREATE TABLE `edext`.`Integra`
10:14:43 DEBUG [AWT-EventQueue-0]->org.mariadb.jdbc.util.log.Slf4JLogger->debug := execute query: SHOW CREATE TABLE `ProgramaFormacion`
10:14:43 DEBUG [AWT-EventQueue-0]->org.mariadb.jdbc.util.log.Slf4JLogger->debug := execute query: SHOW CREATE TABLE `Curso`
10:14:43 DEBUG [AWT-EventQueue-0]->org.mariadb.jdbc.util.log.Slf4JLogger->debug := execute query: SELECT TABLE_SCHEMA TABLE_CAT, NULL  TABLE_SCHEM,  TABLE_NAME, IF(TABLE_TYPE='BASE TABLE' or TABLE_TYPE='SYSTEM VERSIONED', 'TABLE', IF(TABLE_TYPE='TEMPORARY', 'LOCAL TEMPORARY', TABLE_TYPE)) as TABLE_TYPE, TABLE_COMMENT REMARKS, NULL TYPE_CAT, NULL TYPE_SCHEM, NULL TYPE_NAME, NULL SELF_REFERENCING_COL_NAME,  NULL REF_GENERATION FROM INFORMATION_SCHEMA.TABLES WHERE TABLE_SCHEMA='edext' AND TABLE_NAME='Curso' AND  TABLE_TYPE IN ('BASE TABLE','SYSTEM VERSIONED','VIEW') ORDER BY TABLE_TYPE, TABLE_SCHEMA, TABLE_NAME
10:14:43 DEBUG [AWT-EventQueue-0]->org.mariadb.jdbc.util.log.Slf4JLogger->debug := execute query: select * from `edext`.`Curso` where 1=0
10:14:43 DEBUG [AWT-EventQueue-0]->org.mariadb.jdbc.util.log.Slf4JLogger->debug := execute query: SELECT TABLE_SCHEMA TABLE_CAT, NULL  TABLE_SCHEM,  TABLE_NAME, IF(TABLE_TYPE='BASE TABLE' or TABLE_TYPE='SYSTEM VERSIONED', 'TABLE', IF(TABLE_TYPE='TEMPORARY', 'LOCAL TEMPORARY', TABLE_TYPE)) as TABLE_TYPE, TABLE_COMMENT REMARKS, NULL TYPE_CAT, NULL TYPE_SCHEM, NULL TYPE_NAME, NULL SELF_REFERENCING_COL_NAME,  NULL REF_GENERATION FROM INFORMATION_SCHEMA.TABLES WHERE TABLE_SCHEMA='edext' AND TABLE_NAME='ProgramaFormacion' AND  TABLE_TYPE IN ('BASE TABLE','SYSTEM VERSIONED','VIEW') ORDER BY TABLE_TYPE, TABLE_SCHEMA, TABLE_NAME
10:14:43 DEBUG [AWT-EventQueue-0]->org.mariadb.jdbc.util.log.Slf4JLogger->debug := execute query: select * from `edext`.`ProgramaFormacion` where 1=0
10:14:43 DEBUG [AWT-EventQueue-0]->org.mariadb.jdbc.util.log.Slf4JLogger->debug := execute query: SHOW CREATE TABLE `edext`.`Organiza`
10:14:43 DEBUG [AWT-EventQueue-0]->org.mariadb.jdbc.util.log.Slf4JLogger->debug := execute query: SHOW CREATE TABLE `Edicion`
10:14:43 DEBUG [AWT-EventQueue-0]->org.mariadb.jdbc.util.log.Slf4JLogger->debug := execute query: SHOW CREATE TABLE `Usuario`
10:14:43 DEBUG [AWT-EventQueue-0]->org.mariadb.jdbc.util.log.Slf4JLogger->debug := execute query: SELECT TABLE_SCHEMA TABLE_CAT, NULL  TABLE_SCHEM,  TABLE_NAME, IF(TABLE_TYPE='BASE TABLE' or TABLE_TYPE='SYSTEM VERSIONED', 'TABLE', IF(TABLE_TYPE='TEMPORARY', 'LOCAL TEMPORARY', TABLE_TYPE)) as TABLE_TYPE, TABLE_COMMENT REMARKS, NULL TYPE_CAT, NULL TYPE_SCHEM, NULL TYPE_NAME, NULL SELF_REFERENCING_COL_NAME,  NULL REF_GENERATION FROM INFORMATION_SCHEMA.TABLES WHERE TABLE_SCHEMA='edext' AND TABLE_NAME='Edicion' AND  TABLE_TYPE IN ('BASE TABLE','SYSTEM VERSIONED','VIEW') ORDER BY TABLE_TYPE, TABLE_SCHEMA, TABLE_NAME
10:14:43 DEBUG [AWT-EventQueue-0]->org.mariadb.jdbc.util.log.Slf4JLogger->debug := execute query: select * from `edext`.`Edicion` where 1=0
10:14:43 DEBUG [AWT-EventQueue-0]->org.mariadb.jdbc.util.log.Slf4JLogger->debug := execute query: SELECT TABLE_SCHEMA TABLE_CAT, NULL  TABLE_SCHEM,  TABLE_NAME, IF(TABLE_TYPE='BASE TABLE' or TABLE_TYPE='SYSTEM VERSIONED', 'TABLE', IF(TABLE_TYPE='TEMPORARY', 'LOCAL TEMPORARY', TABLE_TYPE)) as TABLE_TYPE, TABLE_COMMENT REMARKS, NULL TYPE_CAT, NULL TYPE_SCHEM, NULL TYPE_NAME, NULL SELF_REFERENCING_COL_NAME,  NULL REF_GENERATION FROM INFORMATION_SCHEMA.TABLES WHERE TABLE_SCHEMA='edext' AND TABLE_NAME='Usuario' AND  TABLE_TYPE IN ('BASE TABLE','SYSTEM VERSIONED','VIEW') ORDER BY TABLE_TYPE, TABLE_SCHEMA, TABLE_NAME
10:14:43 DEBUG [AWT-EventQueue-0]->org.mariadb.jdbc.util.log.Slf4JLogger->debug := execute query: select * from `edext`.`Usuario` where 1=0
10:14:43 DEBUG [AWT-EventQueue-0]->org.mariadb.jdbc.util.log.Slf4JLogger->debug := execute query: SHOW CREATE TABLE `edext`.`Pertenece`
10:14:43 DEBUG [AWT-EventQueue-0]->org.mariadb.jdbc.util.log.Slf4JLogger->debug := execute query: SHOW CREATE TABLE `Usuario`
10:14:43 DEBUG [AWT-EventQueue-0]->org.mariadb.jdbc.util.log.Slf4JLogger->debug := execute query: SHOW CREATE TABLE `Instituto`
10:14:43 DEBUG [AWT-EventQueue-0]->org.mariadb.jdbc.util.log.Slf4JLogger->debug := execute query: SELECT TABLE_SCHEMA TABLE_CAT, NULL  TABLE_SCHEM,  TABLE_NAME, IF(TABLE_TYPE='BASE TABLE' or TABLE_TYPE='SYSTEM VERSIONED', 'TABLE', IF(TABLE_TYPE='TEMPORARY', 'LOCAL TEMPORARY', TABLE_TYPE)) as TABLE_TYPE, TABLE_COMMENT REMARKS, NULL TYPE_CAT, NULL TYPE_SCHEM, NULL TYPE_NAME, NULL SELF_REFERENCING_COL_NAME,  NULL REF_GENERATION FROM INFORMATION_SCHEMA.TABLES WHERE TABLE_SCHEMA='edext' AND TABLE_NAME='Instituto' AND  TABLE_TYPE IN ('BASE TABLE','SYSTEM VERSIONED','VIEW') ORDER BY TABLE_TYPE, TABLE_SCHEMA, TABLE_NAME
10:14:43 DEBUG [AWT-EventQueue-0]->org.mariadb.jdbc.util.log.Slf4JLogger->debug := execute query: select * from `edext`.`Instituto` where 1=0
10:14:43 DEBUG [AWT-EventQueue-0]->org.mariadb.jdbc.util.log.Slf4JLogger->debug := execute query: SELECT TABLE_SCHEMA TABLE_CAT, NULL  TABLE_SCHEM,  TABLE_NAME, IF(TABLE_TYPE='BASE TABLE' or TABLE_TYPE='SYSTEM VERSIONED', 'TABLE', IF(TABLE_TYPE='TEMPORARY', 'LOCAL TEMPORARY', TABLE_TYPE)) as TABLE_TYPE, TABLE_COMMENT REMARKS, NULL TYPE_CAT, NULL TYPE_SCHEM, NULL TYPE_NAME, NULL SELF_REFERENCING_COL_NAME,  NULL REF_GENERATION FROM INFORMATION_SCHEMA.TABLES WHERE TABLE_SCHEMA='edext' AND TABLE_NAME='Usuario' AND  TABLE_TYPE IN ('BASE TABLE','SYSTEM VERSIONED','VIEW') ORDER BY TABLE_TYPE, TABLE_SCHEMA, TABLE_NAME
10:14:43 DEBUG [AWT-EventQueue-0]->org.mariadb.jdbc.util.log.Slf4JLogger->debug := execute query: select * from `edext`.`Usuario` where 1=0
10:14:43 DEBUG [AWT-EventQueue-0]->org.mariadb.jdbc.util.log.Slf4JLogger->debug := execute query: SHOW CREATE TABLE `edext`.`Previas`
10:14:43 DEBUG [AWT-EventQueue-0]->org.mariadb.jdbc.util.log.Slf4JLogger->debug := execute query: SHOW CREATE TABLE `Curso`
10:14:43 DEBUG [AWT-EventQueue-0]->org.mariadb.jdbc.util.log.Slf4JLogger->debug := execute query: SHOW CREATE TABLE `Curso`
10:14:43 DEBUG [AWT-EventQueue-0]->org.mariadb.jdbc.util.log.Slf4JLogger->debug := execute query: SELECT TABLE_SCHEMA TABLE_CAT, NULL  TABLE_SCHEM,  TABLE_NAME, IF(TABLE_TYPE='BASE TABLE' or TABLE_TYPE='SYSTEM VERSIONED', 'TABLE', IF(TABLE_TYPE='TEMPORARY', 'LOCAL TEMPORARY', TABLE_TYPE)) as TABLE_TYPE, TABLE_COMMENT REMARKS, NULL TYPE_CAT, NULL TYPE_SCHEM, NULL TYPE_NAME, NULL SELF_REFERENCING_COL_NAME,  NULL REF_GENERATION FROM INFORMATION_SCHEMA.TABLES WHERE TABLE_SCHEMA='edext' AND TABLE_NAME='Curso' AND  TABLE_TYPE IN ('BASE TABLE','SYSTEM VERSIONED','VIEW') ORDER BY TABLE_TYPE, TABLE_SCHEMA, TABLE_NAME
10:14:43 DEBUG [AWT-EventQueue-0]->org.mariadb.jdbc.util.log.Slf4JLogger->debug := execute query: select * from `edext`.`Curso` where 1=0
10:14:43 DEBUG [AWT-EventQueue-0]->org.mariadb.jdbc.util.log.Slf4JLogger->debug := execute query: SELECT TABLE_SCHEMA TABLE_CAT, NULL  TABLE_SCHEM,  TABLE_NAME, IF(TABLE_TYPE='BASE TABLE' or TABLE_TYPE='SYSTEM VERSIONED', 'TABLE', IF(TABLE_TYPE='TEMPORARY', 'LOCAL TEMPORARY', TABLE_TYPE)) as TABLE_TYPE, TABLE_COMMENT REMARKS, NULL TYPE_CAT, NULL TYPE_SCHEM, NULL TYPE_NAME, NULL SELF_REFERENCING_COL_NAME,  NULL REF_GENERATION FROM INFORMATION_SCHEMA.TABLES WHERE TABLE_SCHEMA='edext' AND TABLE_NAME='Curso' AND  TABLE_TYPE IN ('BASE TABLE','SYSTEM VERSIONED','VIEW') ORDER BY TABLE_TYPE, TABLE_SCHEMA, TABLE_NAME
10:14:43 DEBUG [AWT-EventQueue-0]->org.mariadb.jdbc.util.log.Slf4JLogger->debug := execute query: select * from `edext`.`Curso` where 1=0
10:14:43 DEBUG [AWT-EventQueue-0]->org.mariadb.jdbc.util.log.Slf4JLogger->debug := execute query: set autocommit=0
10:14:43 DEBUG [AWT-EventQueue-0]->org.mariadb.jdbc.util.log.Slf4JLogger->debug := System variable change:  autocommit = OFF
10:14:43 DEBUG [AWT-EventQueue-0]->org.mariadb.jdbc.util.log.Slf4JLogger->debug := execute query: set autocommit=1
10:14:43 DEBUG [AWT-EventQueue-0]->org.mariadb.jdbc.util.log.Slf4JLogger->debug := System variable change:  autocommit = ON
10:14:43 DEBUG [AWT-EventQueue-0]->org.mariadb.jdbc.util.log.Slf4JLogger->debug := execute query: set autocommit=0
10:14:43 DEBUG [AWT-EventQueue-0]->org.mariadb.jdbc.util.log.Slf4JLogger->debug := System variable change:  autocommit = OFF
10:14:43 DEBUG [AWT-EventQueue-0]->org.mariadb.jdbc.util.log.Slf4JLogger->debug := execute query: select i1_0.nombre from Instituto i1_0
10:14:44 DEBUG [AWT-EventQueue-0]->org.mariadb.jdbc.util.log.Slf4JLogger->debug := execute query: set autocommit=1
10:14:44 DEBUG [AWT-EventQueue-0]->org.mariadb.jdbc.util.log.Slf4JLogger->debug := System variable change:  autocommit = ON
10:16:19 DEBUG [AWT-EventQueue-0]->org.mariadb.jdbc.util.log.Slf4JLogger->debug := execute query: CREATE DATABASE IF NOT EXISTS `edext`
10:16:19 DEBUG [AWT-EventQueue-0]->org.mariadb.jdbc.util.log.Slf4JLogger->debug := execute query: USE `edext`
10:16:19 DEBUG [AWT-EventQueue-0]->org.mariadb.jdbc.util.log.Slf4JLogger->debug := execute query: SET NAMES utf8mb4
10:16:19 DEBUG [AWT-EventQueue-0]->org.mariadb.jdbc.util.log.Slf4JLogger->debug := Database change: is 'edext'
10:16:19 DEBUG [AWT-EventQueue-0]->org.mariadb.jdbc.util.log.Slf4JLogger->debug := System variable change:  character_set_connection = utf8mb4
10:16:19 DEBUG [AWT-EventQueue-0]->org.mariadb.jdbc.util.log.Slf4JLogger->debug := System variable change:  character_set_client = utf8mb4
10:16:19 DEBUG [AWT-EventQueue-0]->org.mariadb.jdbc.util.log.Slf4JLogger->debug := System variable change:  character_set_results = utf8mb4
10:16:19 DEBUG [AWT-EventQueue-0]->org.mariadb.jdbc.util.log.Slf4JLogger->debug := execute query: set autocommit=0
10:16:19 DEBUG [AWT-EventQueue-0]->org.mariadb.jdbc.util.log.Slf4JLogger->debug := System variable change:  autocommit = OFF
10:16:19 DEBUG [AWT-EventQueue-0]->org.mariadb.jdbc.util.log.Slf4JLogger->debug := execute query: SELECT @@character_set_database, @@sql_mode
10:16:19 DEBUG [AWT-EventQueue-0]->org.mariadb.jdbc.util.log.Slf4JLogger->debug := execute query: select @@lower_case_table_names
10:16:19 DEBUG [AWT-EventQueue-0]->org.mariadb.jdbc.util.log.Slf4JLogger->debug := execute query: set autocommit=1
10:16:19 DEBUG [AWT-EventQueue-0]->org.mariadb.jdbc.util.log.Slf4JLogger->debug := System variable change:  autocommit = ON
10:16:22 DEBUG [AWT-EventQueue-0]->org.mariadb.jdbc.util.log.Slf4JLogger->debug := execute query: set autocommit=0
10:16:22 DEBUG [AWT-EventQueue-0]->org.mariadb.jdbc.util.log.Slf4JLogger->debug := System variable change:  autocommit = OFF
10:16:22 DEBUG [AWT-EventQueue-0]->org.mariadb.jdbc.util.log.Slf4JLogger->debug := execute query: set autocommit=1
10:16:22 DEBUG [AWT-EventQueue-0]->org.mariadb.jdbc.util.log.Slf4JLogger->debug := System variable change:  autocommit = ON
10:16:22 DEBUG [AWT-EventQueue-0]->org.mariadb.jdbc.util.log.Slf4JLogger->debug := execute query: select table_name from information_schema.TABLES where table_schema=database() and table_type='SEQUENCE'
10:16:22 DEBUG [AWT-EventQueue-0]->org.mariadb.jdbc.util.log.Slf4JLogger->debug := execute query: SELECT TABLE_SCHEMA TABLE_CAT, NULL  TABLE_SCHEM,  TABLE_NAME, IF(TABLE_TYPE='BASE TABLE' or TABLE_TYPE='SYSTEM VERSIONED', 'TABLE', IF(TABLE_TYPE='TEMPORARY', 'LOCAL TEMPORARY', TABLE_TYPE)) as TABLE_TYPE, TABLE_COMMENT REMARKS, NULL TYPE_CAT, NULL TYPE_SCHEM, NULL TYPE_NAME, NULL SELF_REFERENCING_COL_NAME,  NULL REF_GENERATION FROM INFORMATION_SCHEMA.TABLES WHERE TABLE_SCHEMA='edext' AND  TABLE_TYPE IN ('BASE TABLE','SYSTEM VERSIONED','VIEW') ORDER BY TABLE_TYPE, TABLE_SCHEMA, TABLE_NAME
10:16:22 DEBUG [AWT-EventQueue-0]->org.mariadb.jdbc.util.log.Slf4JLogger->debug := execute query: SELECT TABLE_SCHEMA TABLE_CAT, NULL TABLE_SCHEM, TABLE_NAME, COLUMN_NAME, CASE data_type WHEN 'bit' THEN -7 WHEN 'tinyblob' THEN -3 WHEN 'mediumblob' THEN -4 WHEN 'longblob' THEN -4 WHEN 'blob' THEN -4 WHEN 'tinytext' THEN 12 WHEN 'mediumtext' THEN -1 WHEN 'longtext' THEN -1 WHEN 'text' THEN -1 WHEN 'date' THEN 91 WHEN 'datetime' THEN 93 WHEN 'decimal' THEN 3 WHEN 'double' THEN 8 WHEN 'enum' THEN 12 WHEN 'float' THEN 7 WHEN 'int' THEN IF( COLUMN_TYPE like '%unsigned%', 4,4) WHEN 'bigint' THEN -5 WHEN 'mediumint' THEN 4 WHEN 'null' THEN 0 WHEN 'set' THEN 12 WHEN 'smallint' THEN IF( COLUMN_TYPE like '%unsigned%', 5,5) WHEN 'varchar' THEN 12 WHEN 'varbinary' THEN -3 WHEN 'char' THEN 1 WHEN 'binary' THEN -2 WHEN 'time' THEN 92 WHEN 'timestamp' THEN 93 WHEN 'tinyint' THEN IF(COLUMN_TYPE like 'tinyint(1)%',16,-6)  WHEN 'year' THEN 91 ELSE 1111 END  DATA_TYPE, IF(COLUMN_TYPE like 'tinyint(1)%', 'BOOLEAN',  UCASE(IF( COLUMN_TYPE LIKE '%(%)%', CONCAT(SUBSTRING( COLUMN_TYPE,1, LOCATE('(',COLUMN_TYPE) - 1 ), SUBSTRING(COLUMN_TYPE ,1+locate(')', COLUMN_TYPE))), COLUMN_TYPE))) TYPE_NAME, CASE DATA_TYPE WHEN 'date' THEN 10  WHEN 'time' THEN IF(DATETIME_PRECISION = 0, 10, CAST(11 + DATETIME_PRECISION as signed integer))  WHEN 'datetime' THEN IF(DATETIME_PRECISION = 0, 19, CAST(20 + DATETIME_PRECISION as signed integer))  WHEN 'timestamp' THEN IF(DATETIME_PRECISION = 0, 19, CAST(20 + DATETIME_PRECISION as signed integer))  ELSE   IF(NUMERIC_PRECISION IS NULL, LEAST(CHARACTER_MAXIMUM_LENGTH,2147483647), NUMERIC_PRECISION)  END COLUMN_SIZE, 65535 BUFFER_LENGTH,  CONVERT (CASE DATA_TYPE WHEN 'year' THEN NUMERIC_SCALE WHEN 'tinyint' THEN 0 ELSE NUMERIC_SCALE END, UNSIGNED INTEGER) DECIMAL_DIGITS, 10 NUM_PREC_RADIX, IF(IS_NULLABLE = 'yes',1,0) NULLABLE,COLUMN_COMMENT REMARKS, COLUMN_DEFAULT COLUMN_DEF, 0 SQL_DATA_TYPE, 0 SQL_DATETIME_SUB,   LEAST(CHARACTER_OCTET_LENGTH,2147483647) CHAR_OCTET_LENGTH, ORDINAL_POSITION, IS_NULLABLE, NULL SCOPE_CATALOG, NULL SCOPE_SCHEMA, NULL SCOPE_TABLE, NULL SOURCE_DATA_TYPE, IF(EXTRA = 'auto_increment','YES','NO') IS_AUTOINCREMENT,  IF(EXTRA in ('VIRTUAL', 'PERSISTENT', 'VIRTUAL GENERATED', 'STORED GENERATED') ,'YES','NO') IS_GENERATEDCOLUMN  FROM INFORMATION_SCHEMA.COLUMNS WHERE TABLE_SCHEMA='edext' ORDER BY TABLE_CAT, TABLE_SCHEM, TABLE_NAME, ORDINAL_POSITION
10:16:22 DEBUG [AWT-EventQueue-0]->org.mariadb.jdbc.util.log.Slf4JLogger->debug := execute query: SHOW CREATE TABLE `edext`.`Curso`
10:16:22 DEBUG [AWT-EventQueue-0]->org.mariadb.jdbc.util.log.Slf4JLogger->debug := execute query: SHOW CREATE TABLE `Instituto`
10:16:22 DEBUG [AWT-EventQueue-0]->org.mariadb.jdbc.util.log.Slf4JLogger->debug := execute query: SELECT TABLE_SCHEMA TABLE_CAT, NULL  TABLE_SCHEM,  TABLE_NAME, IF(TABLE_TYPE='BASE TABLE' or TABLE_TYPE='SYSTEM VERSIONED', 'TABLE', IF(TABLE_TYPE='TEMPORARY', 'LOCAL TEMPORARY', TABLE_TYPE)) as TABLE_TYPE, TABLE_COMMENT REMARKS, NULL TYPE_CAT, NULL TYPE_SCHEM, NULL TYPE_NAME, NULL SELF_REFERENCING_COL_NAME,  NULL REF_GENERATION FROM INFORMATION_SCHEMA.TABLES WHERE TABLE_SCHEMA='edext' AND TABLE_NAME='Instituto' AND  TABLE_TYPE IN ('BASE TABLE','SYSTEM VERSIONED','VIEW') ORDER BY TABLE_TYPE, TABLE_SCHEMA, TABLE_NAME
10:16:22 DEBUG [AWT-EventQueue-0]->org.mariadb.jdbc.util.log.Slf4JLogger->debug := execute query: select * from `edext`.`Instituto` where 1=0
10:16:22 DEBUG [AWT-EventQueue-0]->org.mariadb.jdbc.util.log.Slf4JLogger->debug := execute query: SHOW CREATE TABLE `edext`.`Edicion`
10:16:22 DEBUG [AWT-EventQueue-0]->org.mariadb.jdbc.util.log.Slf4JLogger->debug := execute query: SHOW CREATE TABLE `Curso`
10:16:22 DEBUG [AWT-EventQueue-0]->org.mariadb.jdbc.util.log.Slf4JLogger->debug := execute query: SELECT TABLE_SCHEMA TABLE_CAT, NULL  TABLE_SCHEM,  TABLE_NAME, IF(TABLE_TYPE='BASE TABLE' or TABLE_TYPE='SYSTEM VERSIONED', 'TABLE', IF(TABLE_TYPE='TEMPORARY', 'LOCAL TEMPORARY', TABLE_TYPE)) as TABLE_TYPE, TABLE_COMMENT REMARKS, NULL TYPE_CAT, NULL TYPE_SCHEM, NULL TYPE_NAME, NULL SELF_REFERENCING_COL_NAME,  NULL REF_GENERATION FROM INFORMATION_SCHEMA.TABLES WHERE TABLE_SCHEMA='edext' AND TABLE_NAME='Curso' AND  TABLE_TYPE IN ('BASE TABLE','SYSTEM VERSIONED','VIEW') ORDER BY TABLE_TYPE, TABLE_SCHEMA, TABLE_NAME
10:16:22 DEBUG [AWT-EventQueue-0]->org.mariadb.jdbc.util.log.Slf4JLogger->debug := execute query: select * from `edext`.`Curso` where 1=0
10:16:22 DEBUG [AWT-EventQueue-0]->org.mariadb.jdbc.util.log.Slf4JLogger->debug := execute query: SHOW CREATE TABLE `edext`.`InscripcionEdicion`
10:16:22 DEBUG [AWT-EventQueue-0]->org.mariadb.jdbc.util.log.Slf4JLogger->debug := execute query: SHOW CREATE TABLE `Edicion`
10:16:22 DEBUG [AWT-EventQueue-0]->org.mariadb.jdbc.util.log.Slf4JLogger->debug := execute query: SHOW CREATE TABLE `Usuario`
10:16:22 DEBUG [AWT-EventQueue-0]->org.mariadb.jdbc.util.log.Slf4JLogger->debug := execute query: SELECT TABLE_SCHEMA TABLE_CAT, NULL  TABLE_SCHEM,  TABLE_NAME, IF(TABLE_TYPE='BASE TABLE' or TABLE_TYPE='SYSTEM VERSIONED', 'TABLE', IF(TABLE_TYPE='TEMPORARY', 'LOCAL TEMPORARY', TABLE_TYPE)) as TABLE_TYPE, TABLE_COMMENT REMARKS, NULL TYPE_CAT, NULL TYPE_SCHEM, NULL TYPE_NAME, NULL SELF_REFERENCING_COL_NAME,  NULL REF_GENERATION FROM INFORMATION_SCHEMA.TABLES WHERE TABLE_SCHEMA='edext' AND TABLE_NAME='Edicion' AND  TABLE_TYPE IN ('BASE TABLE','SYSTEM VERSIONED','VIEW') ORDER BY TABLE_TYPE, TABLE_SCHEMA, TABLE_NAME
10:16:22 DEBUG [AWT-EventQueue-0]->org.mariadb.jdbc.util.log.Slf4JLogger->debug := execute query: select * from `edext`.`Edicion` where 1=0
10:16:22 DEBUG [AWT-EventQueue-0]->org.mariadb.jdbc.util.log.Slf4JLogger->debug := execute query: SELECT TABLE_SCHEMA TABLE_CAT, NULL  TABLE_SCHEM,  TABLE_NAME, IF(TABLE_TYPE='BASE TABLE' or TABLE_TYPE='SYSTEM VERSIONED', 'TABLE', IF(TABLE_TYPE='TEMPORARY', 'LOCAL TEMPORARY', TABLE_TYPE)) as TABLE_TYPE, TABLE_COMMENT REMARKS, NULL TYPE_CAT, NULL TYPE_SCHEM, NULL TYPE_NAME, NULL SELF_REFERENCING_COL_NAME,  NULL REF_GENERATION FROM INFORMATION_SCHEMA.TABLES WHERE TABLE_SCHEMA='edext' AND TABLE_NAME='Usuario' AND  TABLE_TYPE IN ('BASE TABLE','SYSTEM VERSIONED','VIEW') ORDER BY TABLE_TYPE, TABLE_SCHEMA, TABLE_NAME
10:16:22 DEBUG [AWT-EventQueue-0]->org.mariadb.jdbc.util.log.Slf4JLogger->debug := execute query: select * from `edext`.`Usuario` where 1=0
10:16:22 DEBUG [AWT-EventQueue-0]->org.mariadb.jdbc.util.log.Slf4JLogger->debug := execute query: SHOW CREATE TABLE `edext`.`InscripcionPrograma`
10:16:22 DEBUG [AWT-EventQueue-0]->org.mariadb.jdbc.util.log.Slf4JLogger->debug := execute query: SHOW CREATE TABLE `Usuario`
10:16:22 DEBUG [AWT-EventQueue-0]->org.mariadb.jdbc.util.log.Slf4JLogger->debug := execute query: SHOW CREATE TABLE `ProgramaFormacion`
10:16:22 DEBUG [AWT-EventQueue-0]->org.mariadb.jdbc.util.log.Slf4JLogger->debug := execute query: SELECT TABLE_SCHEMA TABLE_CAT, NULL  TABLE_SCHEM,  TABLE_NAME, IF(TABLE_TYPE='BASE TABLE' or TABLE_TYPE='SYSTEM VERSIONED', 'TABLE', IF(TABLE_TYPE='TEMPORARY', 'LOCAL TEMPORARY', TABLE_TYPE)) as TABLE_TYPE, TABLE_COMMENT REMARKS, NULL TYPE_CAT, NULL TYPE_SCHEM, NULL TYPE_NAME, NULL SELF_REFERENCING_COL_NAME,  NULL REF_GENERATION FROM INFORMATION_SCHEMA.TABLES WHERE TABLE_SCHEMA='edext' AND TABLE_NAME='ProgramaFormacion' AND  TABLE_TYPE IN ('BASE TABLE','SYSTEM VERSIONED','VIEW') ORDER BY TABLE_TYPE, TABLE_SCHEMA, TABLE_NAME
10:16:22 DEBUG [AWT-EventQueue-0]->org.mariadb.jdbc.util.log.Slf4JLogger->debug := execute query: select * from `edext`.`ProgramaFormacion` where 1=0
10:16:22 DEBUG [AWT-EventQueue-0]->org.mariadb.jdbc.util.log.Slf4JLogger->debug := execute query: SELECT TABLE_SCHEMA TABLE_CAT, NULL  TABLE_SCHEM,  TABLE_NAME, IF(TABLE_TYPE='BASE TABLE' or TABLE_TYPE='SYSTEM VERSIONED', 'TABLE', IF(TABLE_TYPE='TEMPORARY', 'LOCAL TEMPORARY', TABLE_TYPE)) as TABLE_TYPE, TABLE_COMMENT REMARKS, NULL TYPE_CAT, NULL TYPE_SCHEM, NULL TYPE_NAME, NULL SELF_REFERENCING_COL_NAME,  NULL REF_GENERATION FROM INFORMATION_SCHEMA.TABLES WHERE TABLE_SCHEMA='edext' AND TABLE_NAME='Usuario' AND  TABLE_TYPE IN ('BASE TABLE','SYSTEM VERSIONED','VIEW') ORDER BY TABLE_TYPE, TABLE_SCHEMA, TABLE_NAME
10:16:22 DEBUG [AWT-EventQueue-0]->org.mariadb.jdbc.util.log.Slf4JLogger->debug := execute query: select * from `edext`.`Usuario` where 1=0
10:16:22 DEBUG [AWT-EventQueue-0]->org.mariadb.jdbc.util.log.Slf4JLogger->debug := execute query: SHOW CREATE TABLE `edext`.`Integra`
10:16:22 DEBUG [AWT-EventQueue-0]->org.mariadb.jdbc.util.log.Slf4JLogger->debug := execute query: SHOW CREATE TABLE `ProgramaFormacion`
10:16:22 DEBUG [AWT-EventQueue-0]->org.mariadb.jdbc.util.log.Slf4JLogger->debug := execute query: SHOW CREATE TABLE `Curso`
10:16:22 DEBUG [AWT-EventQueue-0]->org.mariadb.jdbc.util.log.Slf4JLogger->debug := execute query: SELECT TABLE_SCHEMA TABLE_CAT, NULL  TABLE_SCHEM,  TABLE_NAME, IF(TABLE_TYPE='BASE TABLE' or TABLE_TYPE='SYSTEM VERSIONED', 'TABLE', IF(TABLE_TYPE='TEMPORARY', 'LOCAL TEMPORARY', TABLE_TYPE)) as TABLE_TYPE, TABLE_COMMENT REMARKS, NULL TYPE_CAT, NULL TYPE_SCHEM, NULL TYPE_NAME, NULL SELF_REFERENCING_COL_NAME,  NULL REF_GENERATION FROM INFORMATION_SCHEMA.TABLES WHERE TABLE_SCHEMA='edext' AND TABLE_NAME='Curso' AND  TABLE_TYPE IN ('BASE TABLE','SYSTEM VERSIONED','VIEW') ORDER BY TABLE_TYPE, TABLE_SCHEMA, TABLE_NAME
10:16:22 DEBUG [AWT-EventQueue-0]->org.mariadb.jdbc.util.log.Slf4JLogger->debug := execute query: select * from `edext`.`Curso` where 1=0
10:16:22 DEBUG [AWT-EventQueue-0]->org.mariadb.jdbc.util.log.Slf4JLogger->debug := execute query: SELECT TABLE_SCHEMA TABLE_CAT, NULL  TABLE_SCHEM,  TABLE_NAME, IF(TABLE_TYPE='BASE TABLE' or TABLE_TYPE='SYSTEM VERSIONED', 'TABLE', IF(TABLE_TYPE='TEMPORARY', 'LOCAL TEMPORARY', TABLE_TYPE)) as TABLE_TYPE, TABLE_COMMENT REMARKS, NULL TYPE_CAT, NULL TYPE_SCHEM, NULL TYPE_NAME, NULL SELF_REFERENCING_COL_NAME,  NULL REF_GENERATION FROM INFORMATION_SCHEMA.TABLES WHERE TABLE_SCHEMA='edext' AND TABLE_NAME='ProgramaFormacion' AND  TABLE_TYPE IN ('BASE TABLE','SYSTEM VERSIONED','VIEW') ORDER BY TABLE_TYPE, TABLE_SCHEMA, TABLE_NAME
10:16:22 DEBUG [AWT-EventQueue-0]->org.mariadb.jdbc.util.log.Slf4JLogger->debug := execute query: select * from `edext`.`ProgramaFormacion` where 1=0
10:16:22 DEBUG [AWT-EventQueue-0]->org.mariadb.jdbc.util.log.Slf4JLogger->debug := execute query: SHOW CREATE TABLE `edext`.`Organiza`
10:16:22 DEBUG [AWT-EventQueue-0]->org.mariadb.jdbc.util.log.Slf4JLogger->debug := execute query: SHOW CREATE TABLE `Edicion`
10:16:22 DEBUG [AWT-EventQueue-0]->org.mariadb.jdbc.util.log.Slf4JLogger->debug := execute query: SHOW CREATE TABLE `Usuario`
10:16:22 DEBUG [AWT-EventQueue-0]->org.mariadb.jdbc.util.log.Slf4JLogger->debug := execute query: SELECT TABLE_SCHEMA TABLE_CAT, NULL  TABLE_SCHEM,  TABLE_NAME, IF(TABLE_TYPE='BASE TABLE' or TABLE_TYPE='SYSTEM VERSIONED', 'TABLE', IF(TABLE_TYPE='TEMPORARY', 'LOCAL TEMPORARY', TABLE_TYPE)) as TABLE_TYPE, TABLE_COMMENT REMARKS, NULL TYPE_CAT, NULL TYPE_SCHEM, NULL TYPE_NAME, NULL SELF_REFERENCING_COL_NAME,  NULL REF_GENERATION FROM INFORMATION_SCHEMA.TABLES WHERE TABLE_SCHEMA='edext' AND TABLE_NAME='Edicion' AND  TABLE_TYPE IN ('BASE TABLE','SYSTEM VERSIONED','VIEW') ORDER BY TABLE_TYPE, TABLE_SCHEMA, TABLE_NAME
10:16:22 DEBUG [AWT-EventQueue-0]->org.mariadb.jdbc.util.log.Slf4JLogger->debug := execute query: select * from `edext`.`Edicion` where 1=0
10:16:22 DEBUG [AWT-EventQueue-0]->org.mariadb.jdbc.util.log.Slf4JLogger->debug := execute query: SELECT TABLE_SCHEMA TABLE_CAT, NULL  TABLE_SCHEM,  TABLE_NAME, IF(TABLE_TYPE='BASE TABLE' or TABLE_TYPE='SYSTEM VERSIONED', 'TABLE', IF(TABLE_TYPE='TEMPORARY', 'LOCAL TEMPORARY', TABLE_TYPE)) as TABLE_TYPE, TABLE_COMMENT REMARKS, NULL TYPE_CAT, NULL TYPE_SCHEM, NULL TYPE_NAME, NULL SELF_REFERENCING_COL_NAME,  NULL REF_GENERATION FROM INFORMATION_SCHEMA.TABLES WHERE TABLE_SCHEMA='edext' AND TABLE_NAME='Usuario' AND  TABLE_TYPE IN ('BASE TABLE','SYSTEM VERSIONED','VIEW') ORDER BY TABLE_TYPE, TABLE_SCHEMA, TABLE_NAME
10:16:22 DEBUG [AWT-EventQueue-0]->org.mariadb.jdbc.util.log.Slf4JLogger->debug := execute query: select * from `edext`.`Usuario` where 1=0
10:16:22 DEBUG [AWT-EventQueue-0]->org.mariadb.jdbc.util.log.Slf4JLogger->debug := execute query: SHOW CREATE TABLE `edext`.`Pertenece`
10:16:22 DEBUG [AWT-EventQueue-0]->org.mariadb.jdbc.util.log.Slf4JLogger->debug := execute query: SHOW CREATE TABLE `Usuario`
10:16:22 DEBUG [AWT-EventQueue-0]->org.mariadb.jdbc.util.log.Slf4JLogger->debug := execute query: SHOW CREATE TABLE `Instituto`
10:16:22 DEBUG [AWT-EventQueue-0]->org.mariadb.jdbc.util.log.Slf4JLogger->debug := execute query: SELECT TABLE_SCHEMA TABLE_CAT, NULL  TABLE_SCHEM,  TABLE_NAME, IF(TABLE_TYPE='BASE TABLE' or TABLE_TYPE='SYSTEM VERSIONED', 'TABLE', IF(TABLE_TYPE='TEMPORARY', 'LOCAL TEMPORARY', TABLE_TYPE)) as TABLE_TYPE, TABLE_COMMENT REMARKS, NULL TYPE_CAT, NULL TYPE_SCHEM, NULL TYPE_NAME, NULL SELF_REFERENCING_COL_NAME,  NULL REF_GENERATION FROM INFORMATION_SCHEMA.TABLES WHERE TABLE_SCHEMA='edext' AND TABLE_NAME='Instituto' AND  TABLE_TYPE IN ('BASE TABLE','SYSTEM VERSIONED','VIEW') ORDER BY TABLE_TYPE, TABLE_SCHEMA, TABLE_NAME
10:16:22 DEBUG [AWT-EventQueue-0]->org.mariadb.jdbc.util.log.Slf4JLogger->debug := execute query: select * from `edext`.`Instituto` where 1=0
10:16:22 DEBUG [AWT-EventQueue-0]->org.mariadb.jdbc.util.log.Slf4JLogger->debug := execute query: SELECT TABLE_SCHEMA TABLE_CAT, NULL  TABLE_SCHEM,  TABLE_NAME, IF(TABLE_TYPE='BASE TABLE' or TABLE_TYPE='SYSTEM VERSIONED', 'TABLE', IF(TABLE_TYPE='TEMPORARY', 'LOCAL TEMPORARY', TABLE_TYPE)) as TABLE_TYPE, TABLE_COMMENT REMARKS, NULL TYPE_CAT, NULL TYPE_SCHEM, NULL TYPE_NAME, NULL SELF_REFERENCING_COL_NAME,  NULL REF_GENERATION FROM INFORMATION_SCHEMA.TABLES WHERE TABLE_SCHEMA='edext' AND TABLE_NAME='Usuario' AND  TABLE_TYPE IN ('BASE TABLE','SYSTEM VERSIONED','VIEW') ORDER BY TABLE_TYPE, TABLE_SCHEMA, TABLE_NAME
10:16:22 DEBUG [AWT-EventQueue-0]->org.mariadb.jdbc.util.log.Slf4JLogger->debug := execute query: select * from `edext`.`Usuario` where 1=0
10:16:22 DEBUG [AWT-EventQueue-0]->org.mariadb.jdbc.util.log.Slf4JLogger->debug := execute query: SHOW CREATE TABLE `edext`.`Previas`
10:16:22 DEBUG [AWT-EventQueue-0]->org.mariadb.jdbc.util.log.Slf4JLogger->debug := execute query: SHOW CREATE TABLE `Curso`
10:16:22 DEBUG [AWT-EventQueue-0]->org.mariadb.jdbc.util.log.Slf4JLogger->debug := execute query: SHOW CREATE TABLE `Curso`
10:16:22 DEBUG [AWT-EventQueue-0]->org.mariadb.jdbc.util.log.Slf4JLogger->debug := execute query: SELECT TABLE_SCHEMA TABLE_CAT, NULL  TABLE_SCHEM,  TABLE_NAME, IF(TABLE_TYPE='BASE TABLE' or TABLE_TYPE='SYSTEM VERSIONED', 'TABLE', IF(TABLE_TYPE='TEMPORARY', 'LOCAL TEMPORARY', TABLE_TYPE)) as TABLE_TYPE, TABLE_COMMENT REMARKS, NULL TYPE_CAT, NULL TYPE_SCHEM, NULL TYPE_NAME, NULL SELF_REFERENCING_COL_NAME,  NULL REF_GENERATION FROM INFORMATION_SCHEMA.TABLES WHERE TABLE_SCHEMA='edext' AND TABLE_NAME='Curso' AND  TABLE_TYPE IN ('BASE TABLE','SYSTEM VERSIONED','VIEW') ORDER BY TABLE_TYPE, TABLE_SCHEMA, TABLE_NAME
10:16:22 DEBUG [AWT-EventQueue-0]->org.mariadb.jdbc.util.log.Slf4JLogger->debug := execute query: select * from `edext`.`Curso` where 1=0
10:16:22 DEBUG [AWT-EventQueue-0]->org.mariadb.jdbc.util.log.Slf4JLogger->debug := execute query: SELECT TABLE_SCHEMA TABLE_CAT, NULL  TABLE_SCHEM,  TABLE_NAME, IF(TABLE_TYPE='BASE TABLE' or TABLE_TYPE='SYSTEM VERSIONED', 'TABLE', IF(TABLE_TYPE='TEMPORARY', 'LOCAL TEMPORARY', TABLE_TYPE)) as TABLE_TYPE, TABLE_COMMENT REMARKS, NULL TYPE_CAT, NULL TYPE_SCHEM, NULL TYPE_NAME, NULL SELF_REFERENCING_COL_NAME,  NULL REF_GENERATION FROM INFORMATION_SCHEMA.TABLES WHERE TABLE_SCHEMA='edext' AND TABLE_NAME='Curso' AND  TABLE_TYPE IN ('BASE TABLE','SYSTEM VERSIONED','VIEW') ORDER BY TABLE_TYPE, TABLE_SCHEMA, TABLE_NAME
10:16:22 DEBUG [AWT-EventQueue-0]->org.mariadb.jdbc.util.log.Slf4JLogger->debug := execute query: select * from `edext`.`Curso` where 1=0
10:16:22 DEBUG [AWT-EventQueue-0]->org.mariadb.jdbc.util.log.Slf4JLogger->debug := execute query: set autocommit=0
10:16:22 DEBUG [AWT-EventQueue-0]->org.mariadb.jdbc.util.log.Slf4JLogger->debug := System variable change:  autocommit = OFF
10:16:22 DEBUG [AWT-EventQueue-0]->org.mariadb.jdbc.util.log.Slf4JLogger->debug := execute query: set autocommit=1
10:16:22 DEBUG [AWT-EventQueue-0]->org.mariadb.jdbc.util.log.Slf4JLogger->debug := System variable change:  autocommit = ON
10:16:22 DEBUG [AWT-EventQueue-0]->org.mariadb.jdbc.util.log.Slf4JLogger->debug := execute query: set autocommit=0
10:16:22 DEBUG [AWT-EventQueue-0]->org.mariadb.jdbc.util.log.Slf4JLogger->debug := System variable change:  autocommit = OFF
10:16:22 DEBUG [AWT-EventQueue-0]->org.mariadb.jdbc.util.log.Slf4JLogger->debug := execute query: select i1_0.nombre from Instituto i1_0
10:16:22 DEBUG [AWT-EventQueue-0]->org.mariadb.jdbc.util.log.Slf4JLogger->debug := execute query: set autocommit=1
10:16:22 DEBUG [AWT-EventQueue-0]->org.mariadb.jdbc.util.log.Slf4JLogger->debug := System variable change:  autocommit = ON
15:04:44 DEBUG [main]->org.mariadb.jdbc.util.log.Slf4JLogger->debug := execute query: CREATE DATABASE IF NOT EXISTS `edext`
15:04:44 DEBUG [main]->org.mariadb.jdbc.util.log.Slf4JLogger->debug := execute query: USE `edext`
15:04:44 DEBUG [main]->org.mariadb.jdbc.util.log.Slf4JLogger->debug := execute query: SET NAMES utf8mb4
15:04:44 DEBUG [main]->org.mariadb.jdbc.util.log.Slf4JLogger->debug := Database change: is 'edext'
15:04:44 DEBUG [main]->org.mariadb.jdbc.util.log.Slf4JLogger->debug := System variable change:  character_set_client = utf8mb4
15:04:44 DEBUG [main]->org.mariadb.jdbc.util.log.Slf4JLogger->debug := System variable change:  character_set_connection = utf8mb4
15:04:44 DEBUG [main]->org.mariadb.jdbc.util.log.Slf4JLogger->debug := System variable change:  character_set_results = utf8mb4
15:04:44 DEBUG [main]->org.mariadb.jdbc.util.log.Slf4JLogger->debug := execute query: set autocommit=0
15:04:44 DEBUG [main]->org.mariadb.jdbc.util.log.Slf4JLogger->debug := System variable change:  autocommit = OFF
15:04:45 DEBUG [main]->org.mariadb.jdbc.util.log.Slf4JLogger->debug := execute query: SELECT @@character_set_database, @@sql_mode
15:04:45 DEBUG [main]->org.mariadb.jdbc.util.log.Slf4JLogger->debug := execute query: select @@lower_case_table_names
15:04:45 DEBUG [main]->org.mariadb.jdbc.util.log.Slf4JLogger->debug := execute query: set autocommit=1
15:04:45 DEBUG [main]->org.mariadb.jdbc.util.log.Slf4JLogger->debug := System variable change:  autocommit = ON
15:04:50 DEBUG [main]->org.mariadb.jdbc.util.log.Slf4JLogger->debug := execute query: set autocommit=0
15:04:50 DEBUG [main]->org.mariadb.jdbc.util.log.Slf4JLogger->debug := System variable change:  autocommit = OFF
15:04:50 DEBUG [main]->org.mariadb.jdbc.util.log.Slf4JLogger->debug := execute query: set autocommit=1
15:04:50 DEBUG [main]->org.mariadb.jdbc.util.log.Slf4JLogger->debug := System variable change:  autocommit = ON
15:04:50 DEBUG [main]->org.mariadb.jdbc.util.log.Slf4JLogger->debug := execute query: select table_name from information_schema.TABLES where table_schema=database() and table_type='SEQUENCE'
15:04:50 DEBUG [main]->org.mariadb.jdbc.util.log.Slf4JLogger->debug := execute query: SELECT TABLE_SCHEMA TABLE_CAT, NULL  TABLE_SCHEM,  TABLE_NAME, IF(TABLE_TYPE='BASE TABLE' or TABLE_TYPE='SYSTEM VERSIONED', 'TABLE', IF(TABLE_TYPE='TEMPORARY', 'LOCAL TEMPORARY', TABLE_TYPE)) as TABLE_TYPE, TABLE_COMMENT REMARKS, NULL TYPE_CAT, NULL TYPE_SCHEM, NULL TYPE_NAME, NULL SELF_REFERENCING_COL_NAME,  NULL REF_GENERATION FROM INFORMATION_SCHEMA.TABLES WHERE TABLE_SCHEMA='edext' AND  TABLE_TYPE IN ('BASE TABLE','SYSTEM VERSIONED','VIEW') ORDER BY TABLE_TYPE, TABLE_SCHEMA, TABLE_NAME
15:04:50 DEBUG [main]->org.mariadb.jdbc.util.log.Slf4JLogger->debug := execute query: SELECT TABLE_SCHEMA TABLE_CAT, NULL TABLE_SCHEM, TABLE_NAME, COLUMN_NAME, CASE data_type WHEN 'bit' THEN -7 WHEN 'tinyblob' THEN -3 WHEN 'mediumblob' THEN -4 WHEN 'longblob' THEN -4 WHEN 'blob' THEN -4 WHEN 'tinytext' THEN 12 WHEN 'mediumtext' THEN -1 WHEN 'longtext' THEN -1 WHEN 'text' THEN -1 WHEN 'date' THEN 91 WHEN 'datetime' THEN 93 WHEN 'decimal' THEN 3 WHEN 'double' THEN 8 WHEN 'enum' THEN 12 WHEN 'float' THEN 7 WHEN 'int' THEN IF( COLUMN_TYPE like '%unsigned%', 4,4) WHEN 'bigint' THEN -5 WHEN 'mediumint' THEN 4 WHEN 'null' THEN 0 WHEN 'set' THEN 12 WHEN 'smallint' THEN IF( COLUMN_TYPE like '%unsigned%', 5,5) WHEN 'varchar' THEN 12 WHEN 'varbinary' THEN -3 WHEN 'char' THEN 1 WHEN 'binary' THEN -2 WHEN 'time' THEN 92 WHEN 'timestamp' THEN 93 WHEN 'tinyint' THEN IF(COLUMN_TYPE like 'tinyint(1)%',16,-6)  WHEN 'year' THEN 91 ELSE 1111 END  DATA_TYPE, IF(COLUMN_TYPE like 'tinyint(1)%', 'BOOLEAN',  UCASE(IF( COLUMN_TYPE LIKE '%(%)%', CONCAT(SUBSTRING( COLUMN_TYPE,1, LOCATE('(',COLUMN_TYPE) - 1 ), SUBSTRING(COLUMN_TYPE ,1+locate(')', COLUMN_TYPE))), COLUMN_TYPE))) TYPE_NAME, CASE DATA_TYPE WHEN 'date' THEN 10  WHEN 'time' THEN IF(DATETIME_PRECISION = 0, 10, CAST(11 + DATETIME_PRECISION as signed integer))  WHEN 'datetime' THEN IF(DATETIME_PRECISION = 0, 19, CAST(20 + DATETIME_PRECISION as signed integer))  WHEN 'timestamp' THEN IF(DATETIME_PRECISION = 0, 19, CAST(20 + DATETIME_PRECISION as signed integer))  ELSE   IF(NUMERIC_PRECISION IS NULL, LEAST(CHARACTER_MAXIMUM_LENGTH,2147483647), NUMERIC_PRECISION)  END COLUMN_SIZE, 65535 BUFFER_LENGTH,  CONVERT (CASE DATA_TYPE WHEN 'year' THEN NUMERIC_SCALE WHEN 'tinyint' THEN 0 ELSE NUMERIC_SCALE END, UNSIGNED INTEGER) DECIMAL_DIGITS, 10 NUM_PREC_RADIX, IF(IS_NULLABLE = 'yes',1,0) NULLABLE,COLUMN_COMMENT REMARKS, COLUMN_DEFAULT COLUMN_DEF, 0 SQL_DATA_TYPE, 0 SQL_DATETIME_SUB,   LEAST(CHARACTER_OCTET_LENGTH,2147483647) CHAR_OCTET_LENGTH, ORDINAL_POSITION, IS_NULLABLE, NULL SCOPE_CATALOG, NULL SCOPE_SCHEMA, NULL SCOPE_TABLE, NULL SOURCE_DATA_TYPE, IF(EXTRA = 'auto_increment','YES','NO') IS_AUTOINCREMENT,  IF(EXTRA in ('VIRTUAL', 'PERSISTENT', 'VIRTUAL GENERATED', 'STORED GENERATED') ,'YES','NO') IS_GENERATEDCOLUMN  FROM INFORMATION_SCHEMA.COLUMNS WHERE TABLE_SCHEMA='edext' ORDER BY TABLE_CAT, TABLE_SCHEM, TABLE_NAME, ORDINAL_POSITION
15:04:50 DEBUG [main]->org.mariadb.jdbc.util.log.Slf4JLogger->debug := execute query: SHOW CREATE TABLE `edext`.`Curso`
15:04:50 DEBUG [main]->org.mariadb.jdbc.util.log.Slf4JLogger->debug := execute query: SHOW CREATE TABLE `Instituto`
15:04:50 DEBUG [main]->org.mariadb.jdbc.util.log.Slf4JLogger->debug := execute query: SELECT TABLE_SCHEMA TABLE_CAT, NULL  TABLE_SCHEM,  TABLE_NAME, IF(TABLE_TYPE='BASE TABLE' or TABLE_TYPE='SYSTEM VERSIONED', 'TABLE', IF(TABLE_TYPE='TEMPORARY', 'LOCAL TEMPORARY', TABLE_TYPE)) as TABLE_TYPE, TABLE_COMMENT REMARKS, NULL TYPE_CAT, NULL TYPE_SCHEM, NULL TYPE_NAME, NULL SELF_REFERENCING_COL_NAME,  NULL REF_GENERATION FROM INFORMATION_SCHEMA.TABLES WHERE TABLE_SCHEMA='edext' AND TABLE_NAME='Instituto' AND  TABLE_TYPE IN ('BASE TABLE','SYSTEM VERSIONED','VIEW') ORDER BY TABLE_TYPE, TABLE_SCHEMA, TABLE_NAME
15:04:50 DEBUG [main]->org.mariadb.jdbc.util.log.Slf4JLogger->debug := execute query: select * from `edext`.`Instituto` where 1=0
15:04:50 DEBUG [main]->org.mariadb.jdbc.util.log.Slf4JLogger->debug := execute query: SHOW CREATE TABLE `edext`.`Edicion`
15:04:50 DEBUG [main]->org.mariadb.jdbc.util.log.Slf4JLogger->debug := execute query: SHOW CREATE TABLE `Curso`
15:04:50 DEBUG [main]->org.mariadb.jdbc.util.log.Slf4JLogger->debug := execute query: SELECT TABLE_SCHEMA TABLE_CAT, NULL  TABLE_SCHEM,  TABLE_NAME, IF(TABLE_TYPE='BASE TABLE' or TABLE_TYPE='SYSTEM VERSIONED', 'TABLE', IF(TABLE_TYPE='TEMPORARY', 'LOCAL TEMPORARY', TABLE_TYPE)) as TABLE_TYPE, TABLE_COMMENT REMARKS, NULL TYPE_CAT, NULL TYPE_SCHEM, NULL TYPE_NAME, NULL SELF_REFERENCING_COL_NAME,  NULL REF_GENERATION FROM INFORMATION_SCHEMA.TABLES WHERE TABLE_SCHEMA='edext' AND TABLE_NAME='Curso' AND  TABLE_TYPE IN ('BASE TABLE','SYSTEM VERSIONED','VIEW') ORDER BY TABLE_TYPE, TABLE_SCHEMA, TABLE_NAME
15:04:50 DEBUG [main]->org.mariadb.jdbc.util.log.Slf4JLogger->debug := execute query: select * from `edext`.`Curso` where 1=0
15:04:50 DEBUG [main]->org.mariadb.jdbc.util.log.Slf4JLogger->debug := execute query: SHOW CREATE TABLE `edext`.`InscripcionEdicion`
15:04:50 DEBUG [main]->org.mariadb.jdbc.util.log.Slf4JLogger->debug := execute query: SHOW CREATE TABLE `Edicion`
15:04:50 DEBUG [main]->org.mariadb.jdbc.util.log.Slf4JLogger->debug := execute query: SHOW CREATE TABLE `Usuario`
15:04:50 DEBUG [main]->org.mariadb.jdbc.util.log.Slf4JLogger->debug := execute query: SELECT TABLE_SCHEMA TABLE_CAT, NULL  TABLE_SCHEM,  TABLE_NAME, IF(TABLE_TYPE='BASE TABLE' or TABLE_TYPE='SYSTEM VERSIONED', 'TABLE', IF(TABLE_TYPE='TEMPORARY', 'LOCAL TEMPORARY', TABLE_TYPE)) as TABLE_TYPE, TABLE_COMMENT REMARKS, NULL TYPE_CAT, NULL TYPE_SCHEM, NULL TYPE_NAME, NULL SELF_REFERENCING_COL_NAME,  NULL REF_GENERATION FROM INFORMATION_SCHEMA.TABLES WHERE TABLE_SCHEMA='edext' AND TABLE_NAME='Edicion' AND  TABLE_TYPE IN ('BASE TABLE','SYSTEM VERSIONED','VIEW') ORDER BY TABLE_TYPE, TABLE_SCHEMA, TABLE_NAME
15:04:50 DEBUG [main]->org.mariadb.jdbc.util.log.Slf4JLogger->debug := execute query: select * from `edext`.`Edicion` where 1=0
15:04:50 DEBUG [main]->org.mariadb.jdbc.util.log.Slf4JLogger->debug := execute query: SELECT TABLE_SCHEMA TABLE_CAT, NULL  TABLE_SCHEM,  TABLE_NAME, IF(TABLE_TYPE='BASE TABLE' or TABLE_TYPE='SYSTEM VERSIONED', 'TABLE', IF(TABLE_TYPE='TEMPORARY', 'LOCAL TEMPORARY', TABLE_TYPE)) as TABLE_TYPE, TABLE_COMMENT REMARKS, NULL TYPE_CAT, NULL TYPE_SCHEM, NULL TYPE_NAME, NULL SELF_REFERENCING_COL_NAME,  NULL REF_GENERATION FROM INFORMATION_SCHEMA.TABLES WHERE TABLE_SCHEMA='edext' AND TABLE_NAME='Usuario' AND  TABLE_TYPE IN ('BASE TABLE','SYSTEM VERSIONED','VIEW') ORDER BY TABLE_TYPE, TABLE_SCHEMA, TABLE_NAME
15:04:50 DEBUG [main]->org.mariadb.jdbc.util.log.Slf4JLogger->debug := execute query: select * from `edext`.`Usuario` where 1=0
15:04:50 DEBUG [main]->org.mariadb.jdbc.util.log.Slf4JLogger->debug := execute query: SHOW CREATE TABLE `edext`.`InscripcionPrograma`
15:04:50 DEBUG [main]->org.mariadb.jdbc.util.log.Slf4JLogger->debug := execute query: SHOW CREATE TABLE `Usuario`
15:04:50 DEBUG [main]->org.mariadb.jdbc.util.log.Slf4JLogger->debug := execute query: SHOW CREATE TABLE `ProgramaFormacion`
15:04:50 DEBUG [main]->org.mariadb.jdbc.util.log.Slf4JLogger->debug := execute query: SELECT TABLE_SCHEMA TABLE_CAT, NULL  TABLE_SCHEM,  TABLE_NAME, IF(TABLE_TYPE='BASE TABLE' or TABLE_TYPE='SYSTEM VERSIONED', 'TABLE', IF(TABLE_TYPE='TEMPORARY', 'LOCAL TEMPORARY', TABLE_TYPE)) as TABLE_TYPE, TABLE_COMMENT REMARKS, NULL TYPE_CAT, NULL TYPE_SCHEM, NULL TYPE_NAME, NULL SELF_REFERENCING_COL_NAME,  NULL REF_GENERATION FROM INFORMATION_SCHEMA.TABLES WHERE TABLE_SCHEMA='edext' AND TABLE_NAME='ProgramaFormacion' AND  TABLE_TYPE IN ('BASE TABLE','SYSTEM VERSIONED','VIEW') ORDER BY TABLE_TYPE, TABLE_SCHEMA, TABLE_NAME
15:04:50 DEBUG [main]->org.mariadb.jdbc.util.log.Slf4JLogger->debug := execute query: select * from `edext`.`ProgramaFormacion` where 1=0
15:04:50 DEBUG [main]->org.mariadb.jdbc.util.log.Slf4JLogger->debug := execute query: SELECT TABLE_SCHEMA TABLE_CAT, NULL  TABLE_SCHEM,  TABLE_NAME, IF(TABLE_TYPE='BASE TABLE' or TABLE_TYPE='SYSTEM VERSIONED', 'TABLE', IF(TABLE_TYPE='TEMPORARY', 'LOCAL TEMPORARY', TABLE_TYPE)) as TABLE_TYPE, TABLE_COMMENT REMARKS, NULL TYPE_CAT, NULL TYPE_SCHEM, NULL TYPE_NAME, NULL SELF_REFERENCING_COL_NAME,  NULL REF_GENERATION FROM INFORMATION_SCHEMA.TABLES WHERE TABLE_SCHEMA='edext' AND TABLE_NAME='Usuario' AND  TABLE_TYPE IN ('BASE TABLE','SYSTEM VERSIONED','VIEW') ORDER BY TABLE_TYPE, TABLE_SCHEMA, TABLE_NAME
15:04:50 DEBUG [main]->org.mariadb.jdbc.util.log.Slf4JLogger->debug := execute query: select * from `edext`.`Usuario` where 1=0
15:04:50 DEBUG [main]->org.mariadb.jdbc.util.log.Slf4JLogger->debug := execute query: SHOW CREATE TABLE `edext`.`Integra`
15:04:50 DEBUG [main]->org.mariadb.jdbc.util.log.Slf4JLogger->debug := execute query: SHOW CREATE TABLE `ProgramaFormacion`
15:04:50 DEBUG [main]->org.mariadb.jdbc.util.log.Slf4JLogger->debug := execute query: SHOW CREATE TABLE `Curso`
15:04:50 DEBUG [main]->org.mariadb.jdbc.util.log.Slf4JLogger->debug := execute query: SELECT TABLE_SCHEMA TABLE_CAT, NULL  TABLE_SCHEM,  TABLE_NAME, IF(TABLE_TYPE='BASE TABLE' or TABLE_TYPE='SYSTEM VERSIONED', 'TABLE', IF(TABLE_TYPE='TEMPORARY', 'LOCAL TEMPORARY', TABLE_TYPE)) as TABLE_TYPE, TABLE_COMMENT REMARKS, NULL TYPE_CAT, NULL TYPE_SCHEM, NULL TYPE_NAME, NULL SELF_REFERENCING_COL_NAME,  NULL REF_GENERATION FROM INFORMATION_SCHEMA.TABLES WHERE TABLE_SCHEMA='edext' AND TABLE_NAME='Curso' AND  TABLE_TYPE IN ('BASE TABLE','SYSTEM VERSIONED','VIEW') ORDER BY TABLE_TYPE, TABLE_SCHEMA, TABLE_NAME
15:04:50 DEBUG [main]->org.mariadb.jdbc.util.log.Slf4JLogger->debug := execute query: select * from `edext`.`Curso` where 1=0
15:04:50 DEBUG [main]->org.mariadb.jdbc.util.log.Slf4JLogger->debug := execute query: SELECT TABLE_SCHEMA TABLE_CAT, NULL  TABLE_SCHEM,  TABLE_NAME, IF(TABLE_TYPE='BASE TABLE' or TABLE_TYPE='SYSTEM VERSIONED', 'TABLE', IF(TABLE_TYPE='TEMPORARY', 'LOCAL TEMPORARY', TABLE_TYPE)) as TABLE_TYPE, TABLE_COMMENT REMARKS, NULL TYPE_CAT, NULL TYPE_SCHEM, NULL TYPE_NAME, NULL SELF_REFERENCING_COL_NAME,  NULL REF_GENERATION FROM INFORMATION_SCHEMA.TABLES WHERE TABLE_SCHEMA='edext' AND TABLE_NAME='ProgramaFormacion' AND  TABLE_TYPE IN ('BASE TABLE','SYSTEM VERSIONED','VIEW') ORDER BY TABLE_TYPE, TABLE_SCHEMA, TABLE_NAME
15:04:50 DEBUG [main]->org.mariadb.jdbc.util.log.Slf4JLogger->debug := execute query: select * from `edext`.`ProgramaFormacion` where 1=0
15:04:50 DEBUG [main]->org.mariadb.jdbc.util.log.Slf4JLogger->debug := execute query: SHOW CREATE TABLE `edext`.`Organiza`
15:04:50 DEBUG [main]->org.mariadb.jdbc.util.log.Slf4JLogger->debug := execute query: SHOW CREATE TABLE `Edicion`
15:04:50 DEBUG [main]->org.mariadb.jdbc.util.log.Slf4JLogger->debug := execute query: SHOW CREATE TABLE `Usuario`
15:04:50 DEBUG [main]->org.mariadb.jdbc.util.log.Slf4JLogger->debug := execute query: SELECT TABLE_SCHEMA TABLE_CAT, NULL  TABLE_SCHEM,  TABLE_NAME, IF(TABLE_TYPE='BASE TABLE' or TABLE_TYPE='SYSTEM VERSIONED', 'TABLE', IF(TABLE_TYPE='TEMPORARY', 'LOCAL TEMPORARY', TABLE_TYPE)) as TABLE_TYPE, TABLE_COMMENT REMARKS, NULL TYPE_CAT, NULL TYPE_SCHEM, NULL TYPE_NAME, NULL SELF_REFERENCING_COL_NAME,  NULL REF_GENERATION FROM INFORMATION_SCHEMA.TABLES WHERE TABLE_SCHEMA='edext' AND TABLE_NAME='Edicion' AND  TABLE_TYPE IN ('BASE TABLE','SYSTEM VERSIONED','VIEW') ORDER BY TABLE_TYPE, TABLE_SCHEMA, TABLE_NAME
15:04:50 DEBUG [main]->org.mariadb.jdbc.util.log.Slf4JLogger->debug := execute query: select * from `edext`.`Edicion` where 1=0
15:04:50 DEBUG [main]->org.mariadb.jdbc.util.log.Slf4JLogger->debug := execute query: SELECT TABLE_SCHEMA TABLE_CAT, NULL  TABLE_SCHEM,  TABLE_NAME, IF(TABLE_TYPE='BASE TABLE' or TABLE_TYPE='SYSTEM VERSIONED', 'TABLE', IF(TABLE_TYPE='TEMPORARY', 'LOCAL TEMPORARY', TABLE_TYPE)) as TABLE_TYPE, TABLE_COMMENT REMARKS, NULL TYPE_CAT, NULL TYPE_SCHEM, NULL TYPE_NAME, NULL SELF_REFERENCING_COL_NAME,  NULL REF_GENERATION FROM INFORMATION_SCHEMA.TABLES WHERE TABLE_SCHEMA='edext' AND TABLE_NAME='Usuario' AND  TABLE_TYPE IN ('BASE TABLE','SYSTEM VERSIONED','VIEW') ORDER BY TABLE_TYPE, TABLE_SCHEMA, TABLE_NAME
15:04:50 DEBUG [main]->org.mariadb.jdbc.util.log.Slf4JLogger->debug := execute query: select * from `edext`.`Usuario` where 1=0
15:04:50 DEBUG [main]->org.mariadb.jdbc.util.log.Slf4JLogger->debug := execute query: SHOW CREATE TABLE `edext`.`Pertenece`
15:04:50 DEBUG [main]->org.mariadb.jdbc.util.log.Slf4JLogger->debug := execute query: SHOW CREATE TABLE `Usuario`
15:04:50 DEBUG [main]->org.mariadb.jdbc.util.log.Slf4JLogger->debug := execute query: SHOW CREATE TABLE `Instituto`
15:04:50 DEBUG [main]->org.mariadb.jdbc.util.log.Slf4JLogger->debug := execute query: SELECT TABLE_SCHEMA TABLE_CAT, NULL  TABLE_SCHEM,  TABLE_NAME, IF(TABLE_TYPE='BASE TABLE' or TABLE_TYPE='SYSTEM VERSIONED', 'TABLE', IF(TABLE_TYPE='TEMPORARY', 'LOCAL TEMPORARY', TABLE_TYPE)) as TABLE_TYPE, TABLE_COMMENT REMARKS, NULL TYPE_CAT, NULL TYPE_SCHEM, NULL TYPE_NAME, NULL SELF_REFERENCING_COL_NAME,  NULL REF_GENERATION FROM INFORMATION_SCHEMA.TABLES WHERE TABLE_SCHEMA='edext' AND TABLE_NAME='Instituto' AND  TABLE_TYPE IN ('BASE TABLE','SYSTEM VERSIONED','VIEW') ORDER BY TABLE_TYPE, TABLE_SCHEMA, TABLE_NAME
15:04:50 DEBUG [main]->org.mariadb.jdbc.util.log.Slf4JLogger->debug := execute query: select * from `edext`.`Instituto` where 1=0
15:04:50 DEBUG [main]->org.mariadb.jdbc.util.log.Slf4JLogger->debug := execute query: SELECT TABLE_SCHEMA TABLE_CAT, NULL  TABLE_SCHEM,  TABLE_NAME, IF(TABLE_TYPE='BASE TABLE' or TABLE_TYPE='SYSTEM VERSIONED', 'TABLE', IF(TABLE_TYPE='TEMPORARY', 'LOCAL TEMPORARY', TABLE_TYPE)) as TABLE_TYPE, TABLE_COMMENT REMARKS, NULL TYPE_CAT, NULL TYPE_SCHEM, NULL TYPE_NAME, NULL SELF_REFERENCING_COL_NAME,  NULL REF_GENERATION FROM INFORMATION_SCHEMA.TABLES WHERE TABLE_SCHEMA='edext' AND TABLE_NAME='Usuario' AND  TABLE_TYPE IN ('BASE TABLE','SYSTEM VERSIONED','VIEW') ORDER BY TABLE_TYPE, TABLE_SCHEMA, TABLE_NAME
15:04:50 DEBUG [main]->org.mariadb.jdbc.util.log.Slf4JLogger->debug := execute query: select * from `edext`.`Usuario` where 1=0
15:04:50 DEBUG [main]->org.mariadb.jdbc.util.log.Slf4JLogger->debug := execute query: SHOW CREATE TABLE `edext`.`Previas`
15:04:50 DEBUG [main]->org.mariadb.jdbc.util.log.Slf4JLogger->debug := execute query: SHOW CREATE TABLE `Curso`
15:04:50 DEBUG [main]->org.mariadb.jdbc.util.log.Slf4JLogger->debug := execute query: SHOW CREATE TABLE `Curso`
15:04:50 DEBUG [main]->org.mariadb.jdbc.util.log.Slf4JLogger->debug := execute query: SELECT TABLE_SCHEMA TABLE_CAT, NULL  TABLE_SCHEM,  TABLE_NAME, IF(TABLE_TYPE='BASE TABLE' or TABLE_TYPE='SYSTEM VERSIONED', 'TABLE', IF(TABLE_TYPE='TEMPORARY', 'LOCAL TEMPORARY', TABLE_TYPE)) as TABLE_TYPE, TABLE_COMMENT REMARKS, NULL TYPE_CAT, NULL TYPE_SCHEM, NULL TYPE_NAME, NULL SELF_REFERENCING_COL_NAME,  NULL REF_GENERATION FROM INFORMATION_SCHEMA.TABLES WHERE TABLE_SCHEMA='edext' AND TABLE_NAME='Curso' AND  TABLE_TYPE IN ('BASE TABLE','SYSTEM VERSIONED','VIEW') ORDER BY TABLE_TYPE, TABLE_SCHEMA, TABLE_NAME
15:04:50 DEBUG [main]->org.mariadb.jdbc.util.log.Slf4JLogger->debug := execute query: select * from `edext`.`Curso` where 1=0
15:04:50 DEBUG [main]->org.mariadb.jdbc.util.log.Slf4JLogger->debug := execute query: SELECT TABLE_SCHEMA TABLE_CAT, NULL  TABLE_SCHEM,  TABLE_NAME, IF(TABLE_TYPE='BASE TABLE' or TABLE_TYPE='SYSTEM VERSIONED', 'TABLE', IF(TABLE_TYPE='TEMPORARY', 'LOCAL TEMPORARY', TABLE_TYPE)) as TABLE_TYPE, TABLE_COMMENT REMARKS, NULL TYPE_CAT, NULL TYPE_SCHEM, NULL TYPE_NAME, NULL SELF_REFERENCING_COL_NAME,  NULL REF_GENERATION FROM INFORMATION_SCHEMA.TABLES WHERE TABLE_SCHEMA='edext' AND TABLE_NAME='Curso' AND  TABLE_TYPE IN ('BASE TABLE','SYSTEM VERSIONED','VIEW') ORDER BY TABLE_TYPE, TABLE_SCHEMA, TABLE_NAME
15:04:50 DEBUG [main]->org.mariadb.jdbc.util.log.Slf4JLogger->debug := execute query: select * from `edext`.`Curso` where 1=0
15:04:50 DEBUG [main]->org.mariadb.jdbc.util.log.Slf4JLogger->debug := execute query: set autocommit=0
15:04:50 DEBUG [main]->org.mariadb.jdbc.util.log.Slf4JLogger->debug := System variable change:  autocommit = OFF
15:04:50 DEBUG [main]->org.mariadb.jdbc.util.log.Slf4JLogger->debug := execute query: set autocommit=1
15:04:50 DEBUG [main]->org.mariadb.jdbc.util.log.Slf4JLogger->debug := System variable change:  autocommit = ON
15:04:50 DEBUG [main]->org.mariadb.jdbc.util.log.Slf4JLogger->debug := execute query: set autocommit=0
15:04:50 DEBUG [main]->org.mariadb.jdbc.util.log.Slf4JLogger->debug := System variable change:  autocommit = OFF
15:04:50 DEBUG [main]->org.mariadb.jdbc.util.log.Slf4JLogger->debug := execute query: select i1_0.nombre from Instituto i1_0 where i1_0.nombre=?
15:04:50 DEBUG [main]->org.mariadb.jdbc.util.log.Slf4JLogger->debug := execute query: select u1_0.nickname,u1_0.tipo_usuario,u1_0.apellido,u1_0.email,u1_0.fNacimiento,u1_0.imagen,u1_0.nombre,u1_0.password from Usuario u1_0 where u1_0.nickname=?
15:04:50 DEBUG [main]->org.mariadb.jdbc.util.log.Slf4JLogger->debug := execute query: ROLLBACK
15:04:50 DEBUG [main]->org.mariadb.jdbc.util.log.Slf4JLogger->debug := execute query: set autocommit=1
15:04:50 DEBUG [main]->org.mariadb.jdbc.util.log.Slf4JLogger->debug := System variable change:  autocommit = ON
15:04:50 DEBUG [main]->org.mariadb.jdbc.util.log.Slf4JLogger->debug := execute query: set autocommit=0
15:04:50 DEBUG [main]->org.mariadb.jdbc.util.log.Slf4JLogger->debug := System variable change:  autocommit = OFF
15:04:50 DEBUG [main]->org.mariadb.jdbc.util.log.Slf4JLogger->debug := execute query: select i1_0.nombre from Instituto i1_0 where i1_0.nombre=?
15:04:50 DEBUG [main]->org.mariadb.jdbc.util.log.Slf4JLogger->debug := execute query: select u1_0.nickname,u1_0.tipo_usuario,u1_0.apellido,u1_0.email,u1_0.fNacimiento,u1_0.imagen,u1_0.nombre,u1_0.password from Usuario u1_0 where u1_0.nickname=?
15:04:50 DEBUG [main]->org.mariadb.jdbc.util.log.Slf4JLogger->debug := execute query: ROLLBACK
15:04:50 DEBUG [main]->org.mariadb.jdbc.util.log.Slf4JLogger->debug := execute query: set autocommit=1
15:04:50 DEBUG [main]->org.mariadb.jdbc.util.log.Slf4JLogger->debug := System variable change:  autocommit = ON
15:04:50 DEBUG [main]->org.mariadb.jdbc.util.log.Slf4JLogger->debug := execute query: set autocommit=0
15:04:50 DEBUG [main]->org.mariadb.jdbc.util.log.Slf4JLogger->debug := System variable change:  autocommit = OFF
15:04:50 DEBUG [main]->org.mariadb.jdbc.util.log.Slf4JLogger->debug := execute query: select u1_0.nickname,u1_0.tipo_usuario,u1_0.apellido,u1_0.email,u1_0.fNacimiento,u1_0.imagen,u1_0.nombre,u1_0.password from Usuario u1_0 where u1_0.nickname=?
15:04:50 DEBUG [main]->org.mariadb.jdbc.util.log.Slf4JLogger->debug := execute query: set autocommit=1
15:04:50 DEBUG [main]->org.mariadb.jdbc.util.log.Slf4JLogger->debug := System variable change:  autocommit = ON
15:04:50 DEBUG [main]->org.mariadb.jdbc.util.log.Slf4JLogger->debug := execute query: set autocommit=0
15:04:50 DEBUG [main]->org.mariadb.jdbc.util.log.Slf4JLogger->debug := System variable change:  autocommit = OFF
15:04:50 DEBUG [main]->org.mariadb.jdbc.util.log.Slf4JLogger->debug := execute query: select u1_0.nickname,u1_0.tipo_usuario,u1_0.apellido,u1_0.email,u1_0.fNacimiento,u1_0.imagen,u1_0.nombre,u1_0.password from Usuario u1_0 where u1_0.nickname=?
15:04:51 DEBUG [main]->org.mariadb.jdbc.util.log.Slf4JLogger->debug := execute query: select u1_0.nickname,u1_0.tipo_usuario,u1_0.apellido,u1_0.email,u1_0.fNacimiento,u1_0.imagen,u1_0.nombre,u1_0.password from Usuario u1_0 where u1_0.email=?
15:04:51 DEBUG [main]->org.mariadb.jdbc.util.log.Slf4JLogger->debug := execute query: insert into Usuario (apellido,email,fNacimiento,imagen,nombre,password,tipo_usuario,nickname) values (?,?,?,?,?,?,'DOCENTE',?)
15:04:51 DEBUG [main]->org.mariadb.jdbc.util.log.Slf4JLogger->debug := execute query: COMMIT
15:04:51 DEBUG [main]->org.mariadb.jdbc.util.log.Slf4JLogger->debug := execute query: set autocommit=1
15:04:51 DEBUG [main]->org.mariadb.jdbc.util.log.Slf4JLogger->debug := System variable change:  autocommit = ON
15:04:51 DEBUG [main]->org.mariadb.jdbc.util.log.Slf4JLogger->debug := execute query: set autocommit=0
15:04:51 DEBUG [main]->org.mariadb.jdbc.util.log.Slf4JLogger->debug := System variable change:  autocommit = OFF
15:04:51 DEBUG [main]->org.mariadb.jdbc.util.log.Slf4JLogger->debug := execute query: select u1_0.nickname,u1_0.tipo_usuario,u1_0.apellido,u1_0.email,u1_0.fNacimiento,u1_0.imagen,u1_0.nombre,u1_0.password from Usuario u1_0
15:04:51 DEBUG [main]->org.mariadb.jdbc.util.log.Slf4JLogger->debug := execute query: set autocommit=1
15:04:51 DEBUG [main]->org.mariadb.jdbc.util.log.Slf4JLogger->debug := System variable change:  autocommit = ON
15:04:51 DEBUG [main]->org.mariadb.jdbc.util.log.Slf4JLogger->debug := execute query: set autocommit=0
15:04:51 DEBUG [main]->org.mariadb.jdbc.util.log.Slf4JLogger->debug := System variable change:  autocommit = OFF
15:04:51 DEBUG [main]->org.mariadb.jdbc.util.log.Slf4JLogger->debug := execute query: select i1_0.Docente_nickname,i1_1.nombre from Pertenece i1_0 join Instituto i1_1 on i1_1.nombre=i1_0.institutos_nombre where i1_0.Docente_nickname=?
15:04:51 DEBUG [main]->org.mariadb.jdbc.util.log.Slf4JLogger->debug := execute query: set autocommit=1
15:04:51 DEBUG [main]->org.mariadb.jdbc.util.log.Slf4JLogger->debug := System variable change:  autocommit = ON
15:04:51 DEBUG [main]->org.mariadb.jdbc.util.log.Slf4JLogger->debug := execute query: set autocommit=0
15:04:51 DEBUG [main]->org.mariadb.jdbc.util.log.Slf4JLogger->debug := System variable change:  autocommit = OFF
15:04:51 DEBUG [main]->org.mariadb.jdbc.util.log.Slf4JLogger->debug := execute query: select i1_0.Docente_nickname,i1_1.nombre from Pertenece i1_0 join Instituto i1_1 on i1_1.nombre=i1_0.institutos_nombre where i1_0.Docente_nickname=?
15:04:51 DEBUG [main]->org.mariadb.jdbc.util.log.Slf4JLogger->debug := execute query: set autocommit=1
15:04:51 DEBUG [main]->org.mariadb.jdbc.util.log.Slf4JLogger->debug := System variable change:  autocommit = ON
15:04:51 DEBUG [main]->org.mariadb.jdbc.util.log.Slf4JLogger->debug := execute query: set autocommit=0
15:04:51 DEBUG [main]->org.mariadb.jdbc.util.log.Slf4JLogger->debug := System variable change:  autocommit = OFF
15:04:51 DEBUG [main]->org.mariadb.jdbc.util.log.Slf4JLogger->debug := execute query: select i1_0.Docente_nickname,i1_1.nombre from Pertenece i1_0 join Instituto i1_1 on i1_1.nombre=i1_0.institutos_nombre where i1_0.Docente_nickname=?
15:04:51 DEBUG [main]->org.mariadb.jdbc.util.log.Slf4JLogger->debug := execute query: set autocommit=1
15:04:51 DEBUG [main]->org.mariadb.jdbc.util.log.Slf4JLogger->debug := System variable change:  autocommit = ON
15:04:51 DEBUG [main]->org.mariadb.jdbc.util.log.Slf4JLogger->debug := execute query: set autocommit=0
15:04:51 DEBUG [main]->org.mariadb.jdbc.util.log.Slf4JLogger->debug := System variable change:  autocommit = OFF
15:04:51 DEBUG [main]->org.mariadb.jdbc.util.log.Slf4JLogger->debug := execute query: select i1_0.Docente_nickname,i1_1.nombre from Pertenece i1_0 join Instituto i1_1 on i1_1.nombre=i1_0.institutos_nombre where i1_0.Docente_nickname=?
15:04:51 DEBUG [main]->org.mariadb.jdbc.util.log.Slf4JLogger->debug := execute query: set autocommit=1
15:04:51 DEBUG [main]->org.mariadb.jdbc.util.log.Slf4JLogger->debug := System variable change:  autocommit = ON
15:04:51 DEBUG [main]->org.mariadb.jdbc.util.log.Slf4JLogger->debug := execute query: set autocommit=0
15:04:51 DEBUG [main]->org.mariadb.jdbc.util.log.Slf4JLogger->debug := System variable change:  autocommit = OFF
15:04:51 DEBUG [main]->org.mariadb.jdbc.util.log.Slf4JLogger->debug := execute query: select i1_0.Docente_nickname,i1_1.nombre from Pertenece i1_0 join Instituto i1_1 on i1_1.nombre=i1_0.institutos_nombre where i1_0.Docente_nickname=?
15:04:51 DEBUG [main]->org.mariadb.jdbc.util.log.Slf4JLogger->debug := execute query: set autocommit=1
15:04:51 DEBUG [main]->org.mariadb.jdbc.util.log.Slf4JLogger->debug := System variable change:  autocommit = ON
15:04:51 DEBUG [main]->org.mariadb.jdbc.util.log.Slf4JLogger->debug := execute query: set autocommit=0
15:04:51 DEBUG [main]->org.mariadb.jdbc.util.log.Slf4JLogger->debug := System variable change:  autocommit = OFF
15:04:51 DEBUG [main]->org.mariadb.jdbc.util.log.Slf4JLogger->debug := execute query: select i1_0.Docente_nickname,i1_1.nombre from Pertenece i1_0 join Instituto i1_1 on i1_1.nombre=i1_0.institutos_nombre where i1_0.Docente_nickname=?
15:04:51 DEBUG [main]->org.mariadb.jdbc.util.log.Slf4JLogger->debug := execute query: set autocommit=1
15:04:52 DEBUG [main]->org.mariadb.jdbc.util.log.Slf4JLogger->debug := System variable change:  autocommit = ON
15:04:52 DEBUG [main]->org.mariadb.jdbc.util.log.Slf4JLogger->debug := execute query: set autocommit=0
15:04:52 DEBUG [main]->org.mariadb.jdbc.util.log.Slf4JLogger->debug := System variable change:  autocommit = OFF
15:04:52 DEBUG [main]->org.mariadb.jdbc.util.log.Slf4JLogger->debug := execute query: select i1_0.Docente_nickname,i1_1.nombre from Pertenece i1_0 join Instituto i1_1 on i1_1.nombre=i1_0.institutos_nombre where i1_0.Docente_nickname=?
15:04:52 DEBUG [main]->org.mariadb.jdbc.util.log.Slf4JLogger->debug := execute query: set autocommit=1
15:04:52 DEBUG [main]->org.mariadb.jdbc.util.log.Slf4JLogger->debug := System variable change:  autocommit = ON
15:04:52 DEBUG [main]->org.mariadb.jdbc.util.log.Slf4JLogger->debug := execute query: set autocommit=0
15:04:52 DEBUG [main]->org.mariadb.jdbc.util.log.Slf4JLogger->debug := System variable change:  autocommit = OFF
15:04:52 DEBUG [main]->org.mariadb.jdbc.util.log.Slf4JLogger->debug := execute query: select i1_0.Docente_nickname,i1_1.nombre from Pertenece i1_0 join Instituto i1_1 on i1_1.nombre=i1_0.institutos_nombre where i1_0.Docente_nickname=?
15:04:52 DEBUG [main]->org.mariadb.jdbc.util.log.Slf4JLogger->debug := execute query: set autocommit=1
15:04:52 DEBUG [main]->org.mariadb.jdbc.util.log.Slf4JLogger->debug := System variable change:  autocommit = ON
15:04:52 DEBUG [main]->org.mariadb.jdbc.util.log.Slf4JLogger->debug := execute query: set autocommit=0
15:04:52 DEBUG [main]->org.mariadb.jdbc.util.log.Slf4JLogger->debug := System variable change:  autocommit = OFF
15:04:52 DEBUG [main]->org.mariadb.jdbc.util.log.Slf4JLogger->debug := execute query: select i1_0.Docente_nickname,i1_1.nombre from Pertenece i1_0 join Instituto i1_1 on i1_1.nombre=i1_0.institutos_nombre where i1_0.Docente_nickname=?
15:04:52 DEBUG [main]->org.mariadb.jdbc.util.log.Slf4JLogger->debug := execute query: set autocommit=1
15:04:52 DEBUG [main]->org.mariadb.jdbc.util.log.Slf4JLogger->debug := System variable change:  autocommit = ON
15:04:52 DEBUG [main]->org.mariadb.jdbc.util.log.Slf4JLogger->debug := execute query: set autocommit=0
15:04:52 DEBUG [main]->org.mariadb.jdbc.util.log.Slf4JLogger->debug := System variable change:  autocommit = OFF
15:04:52 DEBUG [main]->org.mariadb.jdbc.util.log.Slf4JLogger->debug := execute query: select i1_0.Docente_nickname,i1_1.nombre from Pertenece i1_0 join Instituto i1_1 on i1_1.nombre=i1_0.institutos_nombre where i1_0.Docente_nickname=?
15:04:52 DEBUG [main]->org.mariadb.jdbc.util.log.Slf4JLogger->debug := execute query: set autocommit=1
15:04:52 DEBUG [main]->org.mariadb.jdbc.util.log.Slf4JLogger->debug := System variable change:  autocommit = ON
15:04:52 DEBUG [main]->org.mariadb.jdbc.util.log.Slf4JLogger->debug := execute query: set autocommit=0
15:04:52 DEBUG [main]->org.mariadb.jdbc.util.log.Slf4JLogger->debug := System variable change:  autocommit = OFF
15:04:52 DEBUG [main]->org.mariadb.jdbc.util.log.Slf4JLogger->debug := execute query: select u1_0.nickname,u1_0.tipo_usuario,u1_0.apellido,u1_0.email,u1_0.fNacimiento,u1_0.imagen,u1_0.nombre,u1_0.password from Usuario u1_0 where u1_0.nickname=?
15:04:52 DEBUG [main]->org.mariadb.jdbc.util.log.Slf4JLogger->debug := execute query: set autocommit=1
15:04:52 DEBUG [main]->org.mariadb.jdbc.util.log.Slf4JLogger->debug := System variable change:  autocommit = ON
15:04:52 DEBUG [main]->org.mariadb.jdbc.util.log.Slf4JLogger->debug := execute query: set autocommit=0
15:04:52 DEBUG [main]->org.mariadb.jdbc.util.log.Slf4JLogger->debug := System variable change:  autocommit = OFF
15:04:52 DEBUG [main]->org.mariadb.jdbc.util.log.Slf4JLogger->debug := execute query: select p1_0.nombre,p1_0.descripcion,p1_0.fechaFin,p1_0.fechaInicio,p1_0.fechaRegistro from InscripcionPrograma ip1_0 join ProgramaFormacion p1_0 on p1_0.nombre=ip1_0.programa_nombre where ip1_0.estudiante_nickname=?
15:04:52 DEBUG [main]->org.mariadb.jdbc.util.log.Slf4JLogger->debug := execute query: set autocommit=1
15:04:52 DEBUG [main]->org.mariadb.jdbc.util.log.Slf4JLogger->debug := System variable change:  autocommit = ON
15:04:52 DEBUG [main]->org.mariadb.jdbc.util.log.Slf4JLogger->debug := execute query: set autocommit=0
15:04:52 DEBUG [main]->org.mariadb.jdbc.util.log.Slf4JLogger->debug := System variable change:  autocommit = OFF
15:04:52 DEBUG [main]->org.mariadb.jdbc.util.log.Slf4JLogger->debug := execute query: select d1_0.nickname from Usuario d1_0 where d1_0.tipo_usuario='DOCENTE'
15:04:52 DEBUG [main]->org.mariadb.jdbc.util.log.Slf4JLogger->debug := execute query: set autocommit=1
15:04:52 DEBUG [main]->org.mariadb.jdbc.util.log.Slf4JLogger->debug := System variable change:  autocommit = ON
15:04:52 DEBUG [main]->org.mariadb.jdbc.util.log.Slf4JLogger->debug := execute query: set autocommit=0
15:04:52 DEBUG [main]->org.mariadb.jdbc.util.log.Slf4JLogger->debug := System variable change:  autocommit = OFF
15:04:52 DEBUG [main]->org.mariadb.jdbc.util.log.Slf4JLogger->debug := execute query: select pf1_0.nombre,pf1_0.descripcion,pf1_0.fechaFin,pf1_0.fechaInicio,pf1_0.fechaRegistro from ProgramaFormacion pf1_0 where pf1_0.nombre=?
15:04:52 DEBUG [main]->org.mariadb.jdbc.util.log.Slf4JLogger->debug := execute query: set autocommit=1
15:04:52 DEBUG [main]->org.mariadb.jdbc.util.log.Slf4JLogger->debug := System variable change:  autocommit = ON
15:04:52 DEBUG [main]->org.mariadb.jdbc.util.log.Slf4JLogger->debug := execute query: set autocommit=0
15:04:52 DEBUG [main]->org.mariadb.jdbc.util.log.Slf4JLogger->debug := System variable change:  autocommit = OFF
15:04:52 DEBUG [main]->org.mariadb.jdbc.util.log.Slf4JLogger->debug := execute query: select u1_0.nickname,u1_0.tipo_usuario,u1_0.apellido,u1_0.email,u1_0.fNacimiento,u1_0.imagen,u1_0.nombre,u1_0.password from Usuario u1_0 where u1_0.nickname=?
15:04:52 DEBUG [main]->org.mariadb.jdbc.util.log.Slf4JLogger->debug := execute query: select u1_0.nickname,u1_0.tipo_usuario,u1_0.apellido,u1_0.email,u1_0.fNacimiento,u1_0.imagen,u1_0.nombre,u1_0.password from Usuario u1_0 where u1_0.email=?
15:04:52 DEBUG [main]->org.mariadb.jdbc.util.log.Slf4JLogger->debug := execute query: insert into Usuario (apellido,email,fNacimiento,imagen,nombre,password,tipo_usuario,nickname) values (?,?,?,?,?,?,'ESTUDIANTE',?)
15:04:52 DEBUG [main]->org.mariadb.jdbc.util.log.Slf4JLogger->debug := execute query: COMMIT
15:04:52 DEBUG [main]->org.mariadb.jdbc.util.log.Slf4JLogger->debug := execute query: set autocommit=1
15:04:52 DEBUG [main]->org.mariadb.jdbc.util.log.Slf4JLogger->debug := System variable change:  autocommit = ON
15:04:52 DEBUG [main]->org.mariadb.jdbc.util.log.Slf4JLogger->debug := execute query: set autocommit=0
15:04:52 DEBUG [main]->org.mariadb.jdbc.util.log.Slf4JLogger->debug := System variable change:  autocommit = OFF
15:04:52 DEBUG [main]->org.mariadb.jdbc.util.log.Slf4JLogger->debug := execute query: select u1_0.nickname,u1_0.tipo_usuario,u1_0.apellido,u1_0.email,u1_0.fNacimiento,u1_0.imagen,u1_0.nombre,u1_0.password from Usuario u1_0
15:04:52 DEBUG [main]->org.mariadb.jdbc.util.log.Slf4JLogger->debug := execute query: set autocommit=1
15:04:52 DEBUG [main]->org.mariadb.jdbc.util.log.Slf4JLogger->debug := System variable change:  autocommit = ON
15:04:52 DEBUG [main]->org.mariadb.jdbc.util.log.Slf4JLogger->debug := execute query: set autocommit=0
15:04:52 DEBUG [main]->org.mariadb.jdbc.util.log.Slf4JLogger->debug := System variable change:  autocommit = OFF
15:04:52 DEBUG [main]->org.mariadb.jdbc.util.log.Slf4JLogger->debug := execute query: select i1_0.Docente_nickname,i1_1.nombre from Pertenece i1_0 join Instituto i1_1 on i1_1.nombre=i1_0.institutos_nombre where i1_0.Docente_nickname=?
15:04:52 DEBUG [main]->org.mariadb.jdbc.util.log.Slf4JLogger->debug := execute query: set autocommit=1
15:04:52 DEBUG [main]->org.mariadb.jdbc.util.log.Slf4JLogger->debug := System variable change:  autocommit = ON
15:04:52 DEBUG [main]->org.mariadb.jdbc.util.log.Slf4JLogger->debug := execute query: set autocommit=0
15:04:52 DEBUG [main]->org.mariadb.jdbc.util.log.Slf4JLogger->debug := System variable change:  autocommit = OFF
15:04:52 DEBUG [main]->org.mariadb.jdbc.util.log.Slf4JLogger->debug := execute query: select i1_0.Docente_nickname,i1_1.nombre from Pertenece i1_0 join Instituto i1_1 on i1_1.nombre=i1_0.institutos_nombre where i1_0.Docente_nickname=?
15:04:52 DEBUG [main]->org.mariadb.jdbc.util.log.Slf4JLogger->debug := execute query: set autocommit=1
15:04:52 DEBUG [main]->org.mariadb.jdbc.util.log.Slf4JLogger->debug := System variable change:  autocommit = ON
15:04:52 DEBUG [main]->org.mariadb.jdbc.util.log.Slf4JLogger->debug := execute query: set autocommit=0
15:04:52 DEBUG [main]->org.mariadb.jdbc.util.log.Slf4JLogger->debug := System variable change:  autocommit = OFF
15:04:52 DEBUG [main]->org.mariadb.jdbc.util.log.Slf4JLogger->debug := execute query: select i1_0.Docente_nickname,i1_1.nombre from Pertenece i1_0 join Instituto i1_1 on i1_1.nombre=i1_0.institutos_nombre where i1_0.Docente_nickname=?
15:04:52 DEBUG [main]->org.mariadb.jdbc.util.log.Slf4JLogger->debug := execute query: set autocommit=1
15:04:52 DEBUG [main]->org.mariadb.jdbc.util.log.Slf4JLogger->debug := System variable change:  autocommit = ON
15:04:52 DEBUG [main]->org.mariadb.jdbc.util.log.Slf4JLogger->debug := execute query: set autocommit=0
15:04:52 DEBUG [main]->org.mariadb.jdbc.util.log.Slf4JLogger->debug := System variable change:  autocommit = OFF
15:04:52 DEBUG [main]->org.mariadb.jdbc.util.log.Slf4JLogger->debug := execute query: select i1_0.Docente_nickname,i1_1.nombre from Pertenece i1_0 join Instituto i1_1 on i1_1.nombre=i1_0.institutos_nombre where i1_0.Docente_nickname=?
15:04:52 DEBUG [main]->org.mariadb.jdbc.util.log.Slf4JLogger->debug := execute query: set autocommit=1
15:04:52 DEBUG [main]->org.mariadb.jdbc.util.log.Slf4JLogger->debug := System variable change:  autocommit = ON
15:04:52 DEBUG [main]->org.mariadb.jdbc.util.log.Slf4JLogger->debug := execute query: set autocommit=0
15:04:52 DEBUG [main]->org.mariadb.jdbc.util.log.Slf4JLogger->debug := System variable change:  autocommit = OFF
15:04:52 DEBUG [main]->org.mariadb.jdbc.util.log.Slf4JLogger->debug := execute query: select i1_0.Docente_nickname,i1_1.nombre from Pertenece i1_0 join Instituto i1_1 on i1_1.nombre=i1_0.institutos_nombre where i1_0.Docente_nickname=?
15:04:52 DEBUG [main]->org.mariadb.jdbc.util.log.Slf4JLogger->debug := execute query: set autocommit=1
15:04:52 DEBUG [main]->org.mariadb.jdbc.util.log.Slf4JLogger->debug := System variable change:  autocommit = ON
15:04:52 DEBUG [main]->org.mariadb.jdbc.util.log.Slf4JLogger->debug := execute query: set autocommit=0
15:04:52 DEBUG [main]->org.mariadb.jdbc.util.log.Slf4JLogger->debug := System variable change:  autocommit = OFF
15:04:52 DEBUG [main]->org.mariadb.jdbc.util.log.Slf4JLogger->debug := execute query: select i1_0.Docente_nickname,i1_1.nombre from Pertenece i1_0 join Instituto i1_1 on i1_1.nombre=i1_0.institutos_nombre where i1_0.Docente_nickname=?
15:04:52 DEBUG [main]->org.mariadb.jdbc.util.log.Slf4JLogger->debug := execute query: set autocommit=1
15:04:52 DEBUG [main]->org.mariadb.jdbc.util.log.Slf4JLogger->debug := System variable change:  autocommit = ON
15:04:52 DEBUG [main]->org.mariadb.jdbc.util.log.Slf4JLogger->debug := execute query: set autocommit=0
15:04:52 DEBUG [main]->org.mariadb.jdbc.util.log.Slf4JLogger->debug := System variable change:  autocommit = OFF
15:04:52 DEBUG [main]->org.mariadb.jdbc.util.log.Slf4JLogger->debug := execute query: select i1_0.Docente_nickname,i1_1.nombre from Pertenece i1_0 join Instituto i1_1 on i1_1.nombre=i1_0.institutos_nombre where i1_0.Docente_nickname=?
15:04:52 DEBUG [main]->org.mariadb.jdbc.util.log.Slf4JLogger->debug := execute query: set autocommit=1
15:04:52 DEBUG [main]->org.mariadb.jdbc.util.log.Slf4JLogger->debug := System variable change:  autocommit = ON
15:04:52 DEBUG [main]->org.mariadb.jdbc.util.log.Slf4JLogger->debug := execute query: set autocommit=0
15:04:52 DEBUG [main]->org.mariadb.jdbc.util.log.Slf4JLogger->debug := System variable change:  autocommit = OFF
15:04:52 DEBUG [main]->org.mariadb.jdbc.util.log.Slf4JLogger->debug := execute query: select i1_0.Docente_nickname,i1_1.nombre from Pertenece i1_0 join Instituto i1_1 on i1_1.nombre=i1_0.institutos_nombre where i1_0.Docente_nickname=?
15:04:52 DEBUG [main]->org.mariadb.jdbc.util.log.Slf4JLogger->debug := execute query: set autocommit=1
15:04:52 DEBUG [main]->org.mariadb.jdbc.util.log.Slf4JLogger->debug := System variable change:  autocommit = ON
15:04:52 DEBUG [main]->org.mariadb.jdbc.util.log.Slf4JLogger->debug := execute query: set autocommit=0
15:04:52 DEBUG [main]->org.mariadb.jdbc.util.log.Slf4JLogger->debug := System variable change:  autocommit = OFF
15:04:52 DEBUG [main]->org.mariadb.jdbc.util.log.Slf4JLogger->debug := execute query: select i1_0.Docente_nickname,i1_1.nombre from Pertenece i1_0 join Instituto i1_1 on i1_1.nombre=i1_0.institutos_nombre where i1_0.Docente_nickname=?
15:04:52 DEBUG [main]->org.mariadb.jdbc.util.log.Slf4JLogger->debug := execute query: set autocommit=1
15:04:52 DEBUG [main]->org.mariadb.jdbc.util.log.Slf4JLogger->debug := System variable change:  autocommit = ON
15:04:52 DEBUG [main]->org.mariadb.jdbc.util.log.Slf4JLogger->debug := execute query: set autocommit=0
15:04:52 DEBUG [main]->org.mariadb.jdbc.util.log.Slf4JLogger->debug := System variable change:  autocommit = OFF
15:04:52 DEBUG [main]->org.mariadb.jdbc.util.log.Slf4JLogger->debug := execute query: select i1_0.Docente_nickname,i1_1.nombre from Pertenece i1_0 join Instituto i1_1 on i1_1.nombre=i1_0.institutos_nombre where i1_0.Docente_nickname=?
15:04:52 DEBUG [main]->org.mariadb.jdbc.util.log.Slf4JLogger->debug := execute query: set autocommit=1
15:04:52 DEBUG [main]->org.mariadb.jdbc.util.log.Slf4JLogger->debug := System variable change:  autocommit = ON
15:04:52 DEBUG [main]->org.mariadb.jdbc.util.log.Slf4JLogger->debug := execute query: set autocommit=0
15:04:52 DEBUG [main]->org.mariadb.jdbc.util.log.Slf4JLogger->debug := System variable change:  autocommit = OFF
15:04:52 DEBUG [main]->org.mariadb.jdbc.util.log.Slf4JLogger->debug := execute query: select e1_0.nickname from Usuario e1_0 where e1_0.nickname not in (select ie1_0.estudiante_nickname from InscripcionEdicion ie1_0 where ie1_0.edicion_nombre=?) and e1_0.tipo_usuario='ESTUDIANTE'
15:04:52 DEBUG [main]->org.mariadb.jdbc.util.log.Slf4JLogger->debug := execute query: set autocommit=1
15:04:52 DEBUG [main]->org.mariadb.jdbc.util.log.Slf4JLogger->debug := System variable change:  autocommit = ON
15:04:52 DEBUG [main]->org.mariadb.jdbc.util.log.Slf4JLogger->debug := execute query: set autocommit=0
15:04:52 DEBUG [main]->org.mariadb.jdbc.util.log.Slf4JLogger->debug := System variable change:  autocommit = OFF
15:04:52 DEBUG [main]->org.mariadb.jdbc.util.log.Slf4JLogger->debug := execute query: select pf1_0.nombre,pf1_0.descripcion,pf1_0.fechaFin,pf1_0.fechaInicio,pf1_0.fechaRegistro from ProgramaFormacion pf1_0
15:04:52 DEBUG [main]->org.mariadb.jdbc.util.log.Slf4JLogger->debug := execute query: set autocommit=1
15:04:52 DEBUG [main]->org.mariadb.jdbc.util.log.Slf4JLogger->debug := System variable change:  autocommit = ON
15:04:52 DEBUG [main]->org.mariadb.jdbc.util.log.Slf4JLogger->debug := execute query: set autocommit=0
15:04:52 DEBUG [main]->org.mariadb.jdbc.util.log.Slf4JLogger->debug := System variable change:  autocommit = OFF
15:04:52 DEBUG [main]->org.mariadb.jdbc.util.log.Slf4JLogger->debug := execute query: select pf1_0.nombre,pf1_0.descripcion,pf1_0.fechaFin,pf1_0.fechaInicio,pf1_0.fechaRegistro from ProgramaFormacion pf1_0 where pf1_0.nombre=?
15:04:52 DEBUG [main]->org.mariadb.jdbc.util.log.Slf4JLogger->debug := execute query: set autocommit=1
15:04:52 DEBUG [main]->org.mariadb.jdbc.util.log.Slf4JLogger->debug := System variable change:  autocommit = ON
15:04:52 DEBUG [main]->org.mariadb.jdbc.util.log.Slf4JLogger->debug := execute query: set autocommit=0
15:04:52 DEBUG [main]->org.mariadb.jdbc.util.log.Slf4JLogger->debug := System variable change:  autocommit = OFF
15:04:52 DEBUG [main]->org.mariadb.jdbc.util.log.Slf4JLogger->debug := execute query: select u1_0.nickname,u1_0.tipo_usuario,u1_0.apellido,u1_0.email,u1_0.fNacimiento,u1_0.imagen,u1_0.nombre,u1_0.password from Usuario u1_0 where u1_0.nickname=?
15:04:52 DEBUG [main]->org.mariadb.jdbc.util.log.Slf4JLogger->debug := execute query: set autocommit=1
15:04:52 DEBUG [main]->org.mariadb.jdbc.util.log.Slf4JLogger->debug := System variable change:  autocommit = ON
15:04:52 DEBUG [main]->org.mariadb.jdbc.util.log.Slf4JLogger->debug := execute query: set autocommit=0
15:04:52 DEBUG [main]->org.mariadb.jdbc.util.log.Slf4JLogger->debug := System variable change:  autocommit = OFF
15:04:52 DEBUG [main]->org.mariadb.jdbc.util.log.Slf4JLogger->debug := execute query: select u1_0.nickname,u1_0.tipo_usuario,u1_0.apellido,u1_0.email,u1_0.fNacimiento,u1_0.imagen,u1_0.nombre,u1_0.password from Usuario u1_0
15:04:52 DEBUG [main]->org.mariadb.jdbc.util.log.Slf4JLogger->debug := execute query: set autocommit=1
15:04:52 DEBUG [main]->org.mariadb.jdbc.util.log.Slf4JLogger->debug := System variable change:  autocommit = ON
15:04:52 DEBUG [main]->org.mariadb.jdbc.util.log.Slf4JLogger->debug := execute query: set autocommit=0
15:04:52 DEBUG [main]->org.mariadb.jdbc.util.log.Slf4JLogger->debug := System variable change:  autocommit = OFF
15:04:52 DEBUG [main]->org.mariadb.jdbc.util.log.Slf4JLogger->debug := execute query: select i1_0.Docente_nickname,i1_1.nombre from Pertenece i1_0 join Instituto i1_1 on i1_1.nombre=i1_0.institutos_nombre where i1_0.Docente_nickname=?
15:04:52 DEBUG [main]->org.mariadb.jdbc.util.log.Slf4JLogger->debug := execute query: set autocommit=1
15:04:52 DEBUG [main]->org.mariadb.jdbc.util.log.Slf4JLogger->debug := System variable change:  autocommit = ON
15:04:52 DEBUG [main]->org.mariadb.jdbc.util.log.Slf4JLogger->debug := execute query: set autocommit=0
15:04:52 DEBUG [main]->org.mariadb.jdbc.util.log.Slf4JLogger->debug := System variable change:  autocommit = OFF
15:04:52 DEBUG [main]->org.mariadb.jdbc.util.log.Slf4JLogger->debug := execute query: select i1_0.Docente_nickname,i1_1.nombre from Pertenece i1_0 join Instituto i1_1 on i1_1.nombre=i1_0.institutos_nombre where i1_0.Docente_nickname=?
15:04:52 DEBUG [main]->org.mariadb.jdbc.util.log.Slf4JLogger->debug := execute query: set autocommit=1
15:04:52 DEBUG [main]->org.mariadb.jdbc.util.log.Slf4JLogger->debug := System variable change:  autocommit = ON
15:04:52 DEBUG [main]->org.mariadb.jdbc.util.log.Slf4JLogger->debug := execute query: set autocommit=0
15:04:52 DEBUG [main]->org.mariadb.jdbc.util.log.Slf4JLogger->debug := System variable change:  autocommit = OFF
15:04:52 DEBUG [main]->org.mariadb.jdbc.util.log.Slf4JLogger->debug := execute query: select i1_0.Docente_nickname,i1_1.nombre from Pertenece i1_0 join Instituto i1_1 on i1_1.nombre=i1_0.institutos_nombre where i1_0.Docente_nickname=?
15:04:52 DEBUG [main]->org.mariadb.jdbc.util.log.Slf4JLogger->debug := execute query: set autocommit=1
15:04:52 DEBUG [main]->org.mariadb.jdbc.util.log.Slf4JLogger->debug := System variable change:  autocommit = ON
15:04:52 DEBUG [main]->org.mariadb.jdbc.util.log.Slf4JLogger->debug := execute query: set autocommit=0
15:04:52 DEBUG [main]->org.mariadb.jdbc.util.log.Slf4JLogger->debug := System variable change:  autocommit = OFF
15:04:52 DEBUG [main]->org.mariadb.jdbc.util.log.Slf4JLogger->debug := execute query: select i1_0.Docente_nickname,i1_1.nombre from Pertenece i1_0 join Instituto i1_1 on i1_1.nombre=i1_0.institutos_nombre where i1_0.Docente_nickname=?
15:04:52 DEBUG [main]->org.mariadb.jdbc.util.log.Slf4JLogger->debug := execute query: set autocommit=1
15:04:52 DEBUG [main]->org.mariadb.jdbc.util.log.Slf4JLogger->debug := System variable change:  autocommit = ON
15:04:52 DEBUG [main]->org.mariadb.jdbc.util.log.Slf4JLogger->debug := execute query: set autocommit=0
15:04:52 DEBUG [main]->org.mariadb.jdbc.util.log.Slf4JLogger->debug := System variable change:  autocommit = OFF
15:04:52 DEBUG [main]->org.mariadb.jdbc.util.log.Slf4JLogger->debug := execute query: select i1_0.Docente_nickname,i1_1.nombre from Pertenece i1_0 join Instituto i1_1 on i1_1.nombre=i1_0.institutos_nombre where i1_0.Docente_nickname=?
15:04:52 DEBUG [main]->org.mariadb.jdbc.util.log.Slf4JLogger->debug := execute query: set autocommit=1
15:04:52 DEBUG [main]->org.mariadb.jdbc.util.log.Slf4JLogger->debug := System variable change:  autocommit = ON
15:04:52 DEBUG [main]->org.mariadb.jdbc.util.log.Slf4JLogger->debug := execute query: set autocommit=0
15:04:52 DEBUG [main]->org.mariadb.jdbc.util.log.Slf4JLogger->debug := System variable change:  autocommit = OFF
15:04:52 DEBUG [main]->org.mariadb.jdbc.util.log.Slf4JLogger->debug := execute query: select i1_0.Docente_nickname,i1_1.nombre from Pertenece i1_0 join Instituto i1_1 on i1_1.nombre=i1_0.institutos_nombre where i1_0.Docente_nickname=?
15:04:52 DEBUG [main]->org.mariadb.jdbc.util.log.Slf4JLogger->debug := execute query: set autocommit=1
15:04:52 DEBUG [main]->org.mariadb.jdbc.util.log.Slf4JLogger->debug := System variable change:  autocommit = ON
15:04:52 DEBUG [main]->org.mariadb.jdbc.util.log.Slf4JLogger->debug := execute query: set autocommit=0
15:04:52 DEBUG [main]->org.mariadb.jdbc.util.log.Slf4JLogger->debug := System variable change:  autocommit = OFF
15:04:52 DEBUG [main]->org.mariadb.jdbc.util.log.Slf4JLogger->debug := execute query: select i1_0.Docente_nickname,i1_1.nombre from Pertenece i1_0 join Instituto i1_1 on i1_1.nombre=i1_0.institutos_nombre where i1_0.Docente_nickname=?
15:04:52 DEBUG [main]->org.mariadb.jdbc.util.log.Slf4JLogger->debug := execute query: set autocommit=1
15:04:52 DEBUG [main]->org.mariadb.jdbc.util.log.Slf4JLogger->debug := System variable change:  autocommit = ON
15:04:52 DEBUG [main]->org.mariadb.jdbc.util.log.Slf4JLogger->debug := execute query: set autocommit=0
15:04:52 DEBUG [main]->org.mariadb.jdbc.util.log.Slf4JLogger->debug := System variable change:  autocommit = OFF
15:04:52 DEBUG [main]->org.mariadb.jdbc.util.log.Slf4JLogger->debug := execute query: select i1_0.Docente_nickname,i1_1.nombre from Pertenece i1_0 join Instituto i1_1 on i1_1.nombre=i1_0.institutos_nombre where i1_0.Docente_nickname=?
15:04:52 DEBUG [main]->org.mariadb.jdbc.util.log.Slf4JLogger->debug := execute query: set autocommit=1
15:04:52 DEBUG [main]->org.mariadb.jdbc.util.log.Slf4JLogger->debug := System variable change:  autocommit = ON
15:04:52 DEBUG [main]->org.mariadb.jdbc.util.log.Slf4JLogger->debug := execute query: set autocommit=0
15:04:52 DEBUG [main]->org.mariadb.jdbc.util.log.Slf4JLogger->debug := System variable change:  autocommit = OFF
15:04:52 DEBUG [main]->org.mariadb.jdbc.util.log.Slf4JLogger->debug := execute query: select i1_0.Docente_nickname,i1_1.nombre from Pertenece i1_0 join Instituto i1_1 on i1_1.nombre=i1_0.institutos_nombre where i1_0.Docente_nickname=?
15:04:52 DEBUG [main]->org.mariadb.jdbc.util.log.Slf4JLogger->debug := execute query: set autocommit=1
15:04:52 DEBUG [main]->org.mariadb.jdbc.util.log.Slf4JLogger->debug := System variable change:  autocommit = ON
15:04:52 DEBUG [main]->org.mariadb.jdbc.util.log.Slf4JLogger->debug := execute query: set autocommit=0
15:04:52 DEBUG [main]->org.mariadb.jdbc.util.log.Slf4JLogger->debug := System variable change:  autocommit = OFF
15:04:52 DEBUG [main]->org.mariadb.jdbc.util.log.Slf4JLogger->debug := execute query: select i1_0.Docente_nickname,i1_1.nombre from Pertenece i1_0 join Instituto i1_1 on i1_1.nombre=i1_0.institutos_nombre where i1_0.Docente_nickname=?
15:04:52 DEBUG [main]->org.mariadb.jdbc.util.log.Slf4JLogger->debug := execute query: set autocommit=1
15:04:52 DEBUG [main]->org.mariadb.jdbc.util.log.Slf4JLogger->debug := System variable change:  autocommit = ON
15:04:52 DEBUG [main]->org.mariadb.jdbc.util.log.Slf4JLogger->debug := execute query: set autocommit=0
15:04:52 DEBUG [main]->org.mariadb.jdbc.util.log.Slf4JLogger->debug := System variable change:  autocommit = OFF
15:04:52 DEBUG [main]->org.mariadb.jdbc.util.log.Slf4JLogger->debug := execute query: select u1_0.nickname,u1_0.tipo_usuario,u1_0.apellido,u1_0.email,u1_0.fNacimiento,u1_0.imagen,u1_0.nombre,u1_0.password from Usuario u1_0 where u1_0.nickname=?
15:04:52 DEBUG [main]->org.mariadb.jdbc.util.log.Slf4JLogger->debug := execute query: select i1_0.nombre from Instituto i1_0 where i1_0.nombre=?
15:04:52 DEBUG [main]->org.mariadb.jdbc.util.log.Slf4JLogger->debug := execute query: update Usuario set apellido=?,email=?,fNacimiento=?,imagen=?,nombre=?,password=? where nickname=?
15:04:52 DEBUG [main]->org.mariadb.jdbc.util.log.Slf4JLogger->debug := execute query: delete from Pertenece where Docente_nickname=?
15:04:52 DEBUG [main]->org.mariadb.jdbc.util.log.Slf4JLogger->debug := execute query: insert into Pertenece (Docente_nickname,institutos_nombre) values (?,?)
15:04:52 DEBUG [main]->org.mariadb.jdbc.util.log.Slf4JLogger->debug := execute query: COMMIT
15:04:52 DEBUG [main]->org.mariadb.jdbc.util.log.Slf4JLogger->debug := execute query: set autocommit=1
15:04:52 DEBUG [main]->org.mariadb.jdbc.util.log.Slf4JLogger->debug := System variable change:  autocommit = ON
15:04:52 DEBUG [main]->org.mariadb.jdbc.util.log.Slf4JLogger->debug := execute query: set autocommit=0
15:04:52 DEBUG [main]->org.mariadb.jdbc.util.log.Slf4JLogger->debug := System variable change:  autocommit = OFF
15:04:52 DEBUG [main]->org.mariadb.jdbc.util.log.Slf4JLogger->debug := execute query: select u1_0.nickname,u1_0.tipo_usuario,u1_0.apellido,u1_0.email,u1_0.fNacimiento,u1_0.imagen,u1_0.nombre,u1_0.password from Usuario u1_0
15:04:52 DEBUG [main]->org.mariadb.jdbc.util.log.Slf4JLogger->debug := execute query: set autocommit=1
15:04:52 DEBUG [main]->org.mariadb.jdbc.util.log.Slf4JLogger->debug := System variable change:  autocommit = ON
15:04:52 DEBUG [main]->org.mariadb.jdbc.util.log.Slf4JLogger->debug := execute query: set autocommit=0
15:04:52 DEBUG [main]->org.mariadb.jdbc.util.log.Slf4JLogger->debug := System variable change:  autocommit = OFF
15:04:52 DEBUG [main]->org.mariadb.jdbc.util.log.Slf4JLogger->debug := execute query: select i1_0.Docente_nickname,i1_1.nombre from Pertenece i1_0 join Instituto i1_1 on i1_1.nombre=i1_0.institutos_nombre where i1_0.Docente_nickname=?
15:04:52 DEBUG [main]->org.mariadb.jdbc.util.log.Slf4JLogger->debug := execute query: set autocommit=1
15:04:52 DEBUG [main]->org.mariadb.jdbc.util.log.Slf4JLogger->debug := System variable change:  autocommit = ON
15:04:52 DEBUG [main]->org.mariadb.jdbc.util.log.Slf4JLogger->debug := execute query: set autocommit=0
15:04:52 DEBUG [main]->org.mariadb.jdbc.util.log.Slf4JLogger->debug := System variable change:  autocommit = OFF
15:04:52 DEBUG [main]->org.mariadb.jdbc.util.log.Slf4JLogger->debug := execute query: select i1_0.Docente_nickname,i1_1.nombre from Pertenece i1_0 join Instituto i1_1 on i1_1.nombre=i1_0.institutos_nombre where i1_0.Docente_nickname=?
15:04:52 DEBUG [main]->org.mariadb.jdbc.util.log.Slf4JLogger->debug := execute query: set autocommit=1
15:04:52 DEBUG [main]->org.mariadb.jdbc.util.log.Slf4JLogger->debug := System variable change:  autocommit = ON
15:04:52 DEBUG [main]->org.mariadb.jdbc.util.log.Slf4JLogger->debug := execute query: set autocommit=0
15:04:52 DEBUG [main]->org.mariadb.jdbc.util.log.Slf4JLogger->debug := System variable change:  autocommit = OFF
15:04:52 DEBUG [main]->org.mariadb.jdbc.util.log.Slf4JLogger->debug := execute query: select i1_0.Docente_nickname,i1_1.nombre from Pertenece i1_0 join Instituto i1_1 on i1_1.nombre=i1_0.institutos_nombre where i1_0.Docente_nickname=?
15:04:52 DEBUG [main]->org.mariadb.jdbc.util.log.Slf4JLogger->debug := execute query: set autocommit=1
15:04:52 DEBUG [main]->org.mariadb.jdbc.util.log.Slf4JLogger->debug := System variable change:  autocommit = ON
15:04:52 DEBUG [main]->org.mariadb.jdbc.util.log.Slf4JLogger->debug := execute query: set autocommit=0
15:04:52 DEBUG [main]->org.mariadb.jdbc.util.log.Slf4JLogger->debug := System variable change:  autocommit = OFF
15:04:52 DEBUG [main]->org.mariadb.jdbc.util.log.Slf4JLogger->debug := execute query: select i1_0.Docente_nickname,i1_1.nombre from Pertenece i1_0 join Instituto i1_1 on i1_1.nombre=i1_0.institutos_nombre where i1_0.Docente_nickname=?
15:04:52 DEBUG [main]->org.mariadb.jdbc.util.log.Slf4JLogger->debug := execute query: set autocommit=1
15:04:52 DEBUG [main]->org.mariadb.jdbc.util.log.Slf4JLogger->debug := System variable change:  autocommit = ON
15:04:52 DEBUG [main]->org.mariadb.jdbc.util.log.Slf4JLogger->debug := execute query: set autocommit=0
15:04:52 DEBUG [main]->org.mariadb.jdbc.util.log.Slf4JLogger->debug := System variable change:  autocommit = OFF
15:04:52 DEBUG [main]->org.mariadb.jdbc.util.log.Slf4JLogger->debug := execute query: select i1_0.Docente_nickname,i1_1.nombre from Pertenece i1_0 join Instituto i1_1 on i1_1.nombre=i1_0.institutos_nombre where i1_0.Docente_nickname=?
15:04:52 DEBUG [main]->org.mariadb.jdbc.util.log.Slf4JLogger->debug := execute query: set autocommit=1
15:04:52 DEBUG [main]->org.mariadb.jdbc.util.log.Slf4JLogger->debug := System variable change:  autocommit = ON
15:04:52 DEBUG [main]->org.mariadb.jdbc.util.log.Slf4JLogger->debug := execute query: set autocommit=0
15:04:52 DEBUG [main]->org.mariadb.jdbc.util.log.Slf4JLogger->debug := System variable change:  autocommit = OFF
15:04:52 DEBUG [main]->org.mariadb.jdbc.util.log.Slf4JLogger->debug := execute query: select i1_0.Docente_nickname,i1_1.nombre from Pertenece i1_0 join Instituto i1_1 on i1_1.nombre=i1_0.institutos_nombre where i1_0.Docente_nickname=?
15:04:52 DEBUG [main]->org.mariadb.jdbc.util.log.Slf4JLogger->debug := execute query: set autocommit=1
15:04:52 DEBUG [main]->org.mariadb.jdbc.util.log.Slf4JLogger->debug := System variable change:  autocommit = ON
15:04:52 DEBUG [main]->org.mariadb.jdbc.util.log.Slf4JLogger->debug := execute query: set autocommit=0
15:04:52 DEBUG [main]->org.mariadb.jdbc.util.log.Slf4JLogger->debug := System variable change:  autocommit = OFF
15:04:52 DEBUG [main]->org.mariadb.jdbc.util.log.Slf4JLogger->debug := execute query: select i1_0.Docente_nickname,i1_1.nombre from Pertenece i1_0 join Instituto i1_1 on i1_1.nombre=i1_0.institutos_nombre where i1_0.Docente_nickname=?
15:04:52 DEBUG [main]->org.mariadb.jdbc.util.log.Slf4JLogger->debug := execute query: set autocommit=1
15:04:52 DEBUG [main]->org.mariadb.jdbc.util.log.Slf4JLogger->debug := System variable change:  autocommit = ON
15:04:52 DEBUG [main]->org.mariadb.jdbc.util.log.Slf4JLogger->debug := execute query: set autocommit=0
15:04:52 DEBUG [main]->org.mariadb.jdbc.util.log.Slf4JLogger->debug := System variable change:  autocommit = OFF
15:04:52 DEBUG [main]->org.mariadb.jdbc.util.log.Slf4JLogger->debug := execute query: select i1_0.Docente_nickname,i1_1.nombre from Pertenece i1_0 join Instituto i1_1 on i1_1.nombre=i1_0.institutos_nombre where i1_0.Docente_nickname=?
15:04:52 DEBUG [main]->org.mariadb.jdbc.util.log.Slf4JLogger->debug := execute query: set autocommit=1
15:04:52 DEBUG [main]->org.mariadb.jdbc.util.log.Slf4JLogger->debug := System variable change:  autocommit = ON
15:04:52 DEBUG [main]->org.mariadb.jdbc.util.log.Slf4JLogger->debug := execute query: set autocommit=0
15:04:52 DEBUG [main]->org.mariadb.jdbc.util.log.Slf4JLogger->debug := System variable change:  autocommit = OFF
15:04:52 DEBUG [main]->org.mariadb.jdbc.util.log.Slf4JLogger->debug := execute query: select i1_0.Docente_nickname,i1_1.nombre from Pertenece i1_0 join Instituto i1_1 on i1_1.nombre=i1_0.institutos_nombre where i1_0.Docente_nickname=?
15:04:52 DEBUG [main]->org.mariadb.jdbc.util.log.Slf4JLogger->debug := execute query: set autocommit=1
15:04:52 DEBUG [main]->org.mariadb.jdbc.util.log.Slf4JLogger->debug := System variable change:  autocommit = ON
15:04:52 DEBUG [main]->org.mariadb.jdbc.util.log.Slf4JLogger->debug := execute query: set autocommit=0
15:04:52 DEBUG [main]->org.mariadb.jdbc.util.log.Slf4JLogger->debug := System variable change:  autocommit = OFF
15:04:52 DEBUG [main]->org.mariadb.jdbc.util.log.Slf4JLogger->debug := execute query: select i1_0.Docente_nickname,i1_1.nombre from Pertenece i1_0 join Instituto i1_1 on i1_1.nombre=i1_0.institutos_nombre where i1_0.Docente_nickname=?
15:04:52 DEBUG [main]->org.mariadb.jdbc.util.log.Slf4JLogger->debug := execute query: set autocommit=1
15:04:52 DEBUG [main]->org.mariadb.jdbc.util.log.Slf4JLogger->debug := System variable change:  autocommit = ON
15:04:52 DEBUG [main]->org.mariadb.jdbc.util.log.Slf4JLogger->debug := execute query: set autocommit=0
15:04:52 DEBUG [main]->org.mariadb.jdbc.util.log.Slf4JLogger->debug := System variable change:  autocommit = OFF
15:04:52 DEBUG [main]->org.mariadb.jdbc.util.log.Slf4JLogger->debug := execute query: select c1_0.nombre from Curso c1_0 where c1_0.instituto_nombre=?
15:04:52 DEBUG [main]->org.mariadb.jdbc.util.log.Slf4JLogger->debug := execute query: set autocommit=1
15:04:52 DEBUG [main]->org.mariadb.jdbc.util.log.Slf4JLogger->debug := System variable change:  autocommit = ON
15:04:52 DEBUG [main]->org.mariadb.jdbc.util.log.Slf4JLogger->debug := execute query: set autocommit=0
15:04:52 DEBUG [main]->org.mariadb.jdbc.util.log.Slf4JLogger->debug := System variable change:  autocommit = OFF
15:04:52 DEBUG [main]->org.mariadb.jdbc.util.log.Slf4JLogger->debug := execute query: select pf1_0.nombre,pf1_0.descripcion,pf1_0.fechaFin,pf1_0.fechaInicio,pf1_0.fechaRegistro from ProgramaFormacion pf1_0 where pf1_0.nombre=?
15:04:52 DEBUG [main]->org.mariadb.jdbc.util.log.Slf4JLogger->debug := execute query: set autocommit=1
15:04:52 DEBUG [main]->org.mariadb.jdbc.util.log.Slf4JLogger->debug := System variable change:  autocommit = ON
15:04:52 DEBUG [main]->org.mariadb.jdbc.util.log.Slf4JLogger->debug := execute query: set autocommit=0
15:04:52 DEBUG [main]->org.mariadb.jdbc.util.log.Slf4JLogger->debug := System variable change:  autocommit = OFF
15:04:52 DEBUG [main]->org.mariadb.jdbc.util.log.Slf4JLogger->debug := execute query: select c1_0.nombre,c1_0.cantidadHoras,c1_0.categorias,c1_0.creditos,c1_0.descripcion,c1_0.duracion,c1_0.fechaRegistro,c1_0.instituto_nombre,c1_0.url from Curso c1_0
15:04:52 DEBUG [main]->org.mariadb.jdbc.util.log.Slf4JLogger->debug := execute query: select i1_0.nombre from Instituto i1_0 where i1_0.nombre=?
15:04:52 DEBUG [main]->org.mariadb.jdbc.util.log.Slf4JLogger->debug := execute query: select i1_0.nombre from Instituto i1_0 where i1_0.nombre=?
15:04:52 DEBUG [main]->org.mariadb.jdbc.util.log.Slf4JLogger->debug := execute query: select i1_0.nombre from Instituto i1_0 where i1_0.nombre=?
15:04:52 DEBUG [main]->org.mariadb.jdbc.util.log.Slf4JLogger->debug := execute query: select i1_0.nombre from Instituto i1_0 where i1_0.nombre=?
15:04:52 DEBUG [main]->org.mariadb.jdbc.util.log.Slf4JLogger->debug := execute query: select i1_0.nombre from Instituto i1_0 where i1_0.nombre=?
15:04:52 DEBUG [main]->org.mariadb.jdbc.util.log.Slf4JLogger->debug := execute query: set autocommit=1
15:04:52 DEBUG [main]->org.mariadb.jdbc.util.log.Slf4JLogger->debug := System variable change:  autocommit = ON
15:04:52 DEBUG [main]->org.mariadb.jdbc.util.log.Slf4JLogger->debug := execute query: set autocommit=0
15:04:52 DEBUG [main]->org.mariadb.jdbc.util.log.Slf4JLogger->debug := System variable change:  autocommit = OFF
15:04:52 DEBUG [main]->org.mariadb.jdbc.util.log.Slf4JLogger->debug := execute query: select p1_0.Curso_nombre,p1_1.nombre,p1_1.cantidadHoras,p1_1.categorias,p1_1.creditos,p1_1.descripcion,p1_1.duracion,p1_1.fechaRegistro,i1_0.nombre,p1_1.url from Previas p1_0 join Curso p1_1 on p1_1.nombre=p1_0.previas_nombre left join Instituto i1_0 on i1_0.nombre=p1_1.instituto_nombre where p1_0.Curso_nombre=?
15:04:52 DEBUG [main]->org.mariadb.jdbc.util.log.Slf4JLogger->debug := execute query: set autocommit=1
15:04:52 DEBUG [main]->org.mariadb.jdbc.util.log.Slf4JLogger->debug := System variable change:  autocommit = ON
15:04:52 DEBUG [main]->org.mariadb.jdbc.util.log.Slf4JLogger->debug := execute query: set autocommit=0
15:04:52 DEBUG [main]->org.mariadb.jdbc.util.log.Slf4JLogger->debug := System variable change:  autocommit = OFF
15:04:52 DEBUG [main]->org.mariadb.jdbc.util.log.Slf4JLogger->debug := execute query: select p1_0.Curso_nombre,p1_1.nombre,p1_1.cantidadHoras,p1_1.categorias,p1_1.creditos,p1_1.descripcion,p1_1.duracion,p1_1.fechaRegistro,i1_0.nombre,p1_1.url from Previas p1_0 join Curso p1_1 on p1_1.nombre=p1_0.previas_nombre left join Instituto i1_0 on i1_0.nombre=p1_1.instituto_nombre where p1_0.Curso_nombre=?
15:04:52 DEBUG [main]->org.mariadb.jdbc.util.log.Slf4JLogger->debug := execute query: set autocommit=1
15:04:52 DEBUG [main]->org.mariadb.jdbc.util.log.Slf4JLogger->debug := System variable change:  autocommit = ON
15:04:52 DEBUG [main]->org.mariadb.jdbc.util.log.Slf4JLogger->debug := execute query: set autocommit=0
15:04:52 DEBUG [main]->org.mariadb.jdbc.util.log.Slf4JLogger->debug := System variable change:  autocommit = OFF
15:04:52 DEBUG [main]->org.mariadb.jdbc.util.log.Slf4JLogger->debug := execute query: select p1_0.Curso_nombre,p1_1.nombre,p1_1.cantidadHoras,p1_1.categorias,p1_1.creditos,p1_1.descripcion,p1_1.duracion,p1_1.fechaRegistro,i1_0.nombre,p1_1.url from Previas p1_0 join Curso p1_1 on p1_1.nombre=p1_0.previas_nombre left join Instituto i1_0 on i1_0.nombre=p1_1.instituto_nombre where p1_0.Curso_nombre=?
15:04:52 DEBUG [main]->org.mariadb.jdbc.util.log.Slf4JLogger->debug := execute query: set autocommit=1
15:04:52 DEBUG [main]->org.mariadb.jdbc.util.log.Slf4JLogger->debug := System variable change:  autocommit = ON
15:04:52 DEBUG [main]->org.mariadb.jdbc.util.log.Slf4JLogger->debug := execute query: set autocommit=0
15:04:52 DEBUG [main]->org.mariadb.jdbc.util.log.Slf4JLogger->debug := System variable change:  autocommit = OFF
15:04:52 DEBUG [main]->org.mariadb.jdbc.util.log.Slf4JLogger->debug := execute query: select p1_0.Curso_nombre,p1_1.nombre,p1_1.cantidadHoras,p1_1.categorias,p1_1.creditos,p1_1.descripcion,p1_1.duracion,p1_1.fechaRegistro,i1_0.nombre,p1_1.url from Previas p1_0 join Curso p1_1 on p1_1.nombre=p1_0.previas_nombre left join Instituto i1_0 on i1_0.nombre=p1_1.instituto_nombre where p1_0.Curso_nombre=?
15:04:52 DEBUG [main]->org.mariadb.jdbc.util.log.Slf4JLogger->debug := execute query: set autocommit=1
15:04:52 DEBUG [main]->org.mariadb.jdbc.util.log.Slf4JLogger->debug := System variable change:  autocommit = ON
15:04:52 DEBUG [main]->org.mariadb.jdbc.util.log.Slf4JLogger->debug := execute query: set autocommit=0
15:04:52 DEBUG [main]->org.mariadb.jdbc.util.log.Slf4JLogger->debug := System variable change:  autocommit = OFF
15:04:52 DEBUG [main]->org.mariadb.jdbc.util.log.Slf4JLogger->debug := execute query: select p1_0.Curso_nombre,p1_1.nombre,p1_1.cantidadHoras,p1_1.categorias,p1_1.creditos,p1_1.descripcion,p1_1.duracion,p1_1.fechaRegistro,i1_0.nombre,p1_1.url from Previas p1_0 join Curso p1_1 on p1_1.nombre=p1_0.previas_nombre left join Instituto i1_0 on i1_0.nombre=p1_1.instituto_nombre where p1_0.Curso_nombre=?
15:04:52 DEBUG [main]->org.mariadb.jdbc.util.log.Slf4JLogger->debug := execute query: set autocommit=1
15:04:52 DEBUG [main]->org.mariadb.jdbc.util.log.Slf4JLogger->debug := System variable change:  autocommit = ON
15:04:52 DEBUG [main]->org.mariadb.jdbc.util.log.Slf4JLogger->debug := execute query: set autocommit=0
15:04:52 DEBUG [main]->org.mariadb.jdbc.util.log.Slf4JLogger->debug := System variable change:  autocommit = OFF
15:04:52 DEBUG [main]->org.mariadb.jdbc.util.log.Slf4JLogger->debug := execute query: select p1_0.Curso_nombre,p1_1.nombre,p1_1.cantidadHoras,p1_1.categorias,p1_1.creditos,p1_1.descripcion,p1_1.duracion,p1_1.fechaRegistro,i1_0.nombre,p1_1.url from Previas p1_0 join Curso p1_1 on p1_1.nombre=p1_0.previas_nombre left join Instituto i1_0 on i1_0.nombre=p1_1.instituto_nombre where p1_0.Curso_nombre=?
15:04:52 DEBUG [main]->org.mariadb.jdbc.util.log.Slf4JLogger->debug := execute query: set autocommit=1
15:04:52 DEBUG [main]->org.mariadb.jdbc.util.log.Slf4JLogger->debug := System variable change:  autocommit = ON
15:04:52 DEBUG [main]->org.mariadb.jdbc.util.log.Slf4JLogger->debug := execute query: set autocommit=0
15:04:52 DEBUG [main]->org.mariadb.jdbc.util.log.Slf4JLogger->debug := System variable change:  autocommit = OFF
15:04:52 DEBUG [main]->org.mariadb.jdbc.util.log.Slf4JLogger->debug := execute query: select p1_0.Curso_nombre,p1_1.nombre,p1_1.cantidadHoras,p1_1.categorias,p1_1.creditos,p1_1.descripcion,p1_1.duracion,p1_1.fechaRegistro,i1_0.nombre,p1_1.url from Previas p1_0 join Curso p1_1 on p1_1.nombre=p1_0.previas_nombre left join Instituto i1_0 on i1_0.nombre=p1_1.instituto_nombre where p1_0.Curso_nombre=?
15:04:52 DEBUG [main]->org.mariadb.jdbc.util.log.Slf4JLogger->debug := execute query: set autocommit=1
15:04:52 DEBUG [main]->org.mariadb.jdbc.util.log.Slf4JLogger->debug := System variable change:  autocommit = ON
15:04:52 DEBUG [main]->org.mariadb.jdbc.util.log.Slf4JLogger->debug := execute query: set autocommit=0
15:04:52 DEBUG [main]->org.mariadb.jdbc.util.log.Slf4JLogger->debug := System variable change:  autocommit = OFF
15:04:52 DEBUG [main]->org.mariadb.jdbc.util.log.Slf4JLogger->debug := execute query: select p1_0.Curso_nombre,p1_1.nombre,p1_1.cantidadHoras,p1_1.categorias,p1_1.creditos,p1_1.descripcion,p1_1.duracion,p1_1.fechaRegistro,i1_0.nombre,p1_1.url from Previas p1_0 join Curso p1_1 on p1_1.nombre=p1_0.previas_nombre left join Instituto i1_0 on i1_0.nombre=p1_1.instituto_nombre where p1_0.Curso_nombre=?
15:04:52 DEBUG [main]->org.mariadb.jdbc.util.log.Slf4JLogger->debug := execute query: set autocommit=1
15:04:52 DEBUG [main]->org.mariadb.jdbc.util.log.Slf4JLogger->debug := System variable change:  autocommit = ON
15:04:52 DEBUG [main]->org.mariadb.jdbc.util.log.Slf4JLogger->debug := execute query: set autocommit=0
15:04:52 DEBUG [main]->org.mariadb.jdbc.util.log.Slf4JLogger->debug := System variable change:  autocommit = OFF
15:04:52 DEBUG [main]->org.mariadb.jdbc.util.log.Slf4JLogger->debug := execute query: select p1_0.Curso_nombre,p1_1.nombre,p1_1.cantidadHoras,p1_1.categorias,p1_1.creditos,p1_1.descripcion,p1_1.duracion,p1_1.fechaRegistro,i1_0.nombre,p1_1.url from Previas p1_0 join Curso p1_1 on p1_1.nombre=p1_0.previas_nombre left join Instituto i1_0 on i1_0.nombre=p1_1.instituto_nombre where p1_0.Curso_nombre=?
15:04:52 DEBUG [main]->org.mariadb.jdbc.util.log.Slf4JLogger->debug := execute query: set autocommit=1
15:04:52 DEBUG [main]->org.mariadb.jdbc.util.log.Slf4JLogger->debug := System variable change:  autocommit = ON
15:04:52 DEBUG [main]->org.mariadb.jdbc.util.log.Slf4JLogger->debug := execute query: set autocommit=0
15:04:52 DEBUG [main]->org.mariadb.jdbc.util.log.Slf4JLogger->debug := System variable change:  autocommit = OFF
15:04:52 DEBUG [main]->org.mariadb.jdbc.util.log.Slf4JLogger->debug := execute query: select p1_0.Curso_nombre,p1_1.nombre,p1_1.cantidadHoras,p1_1.categorias,p1_1.creditos,p1_1.descripcion,p1_1.duracion,p1_1.fechaRegistro,i1_0.nombre,p1_1.url from Previas p1_0 join Curso p1_1 on p1_1.nombre=p1_0.previas_nombre left join Instituto i1_0 on i1_0.nombre=p1_1.instituto_nombre where p1_0.Curso_nombre=?
15:04:52 DEBUG [main]->org.mariadb.jdbc.util.log.Slf4JLogger->debug := execute query: set autocommit=1
15:04:52 DEBUG [main]->org.mariadb.jdbc.util.log.Slf4JLogger->debug := System variable change:  autocommit = ON
15:04:52 DEBUG [main]->org.mariadb.jdbc.util.log.Slf4JLogger->debug := execute query: set autocommit=0
15:04:52 DEBUG [main]->org.mariadb.jdbc.util.log.Slf4JLogger->debug := System variable change:  autocommit = OFF
15:04:52 DEBUG [main]->org.mariadb.jdbc.util.log.Slf4JLogger->debug := execute query: select p1_0.Curso_nombre,p1_1.nombre,p1_1.cantidadHoras,p1_1.categorias,p1_1.creditos,p1_1.descripcion,p1_1.duracion,p1_1.fechaRegistro,i1_0.nombre,p1_1.url from Previas p1_0 join Curso p1_1 on p1_1.nombre=p1_0.previas_nombre left join Instituto i1_0 on i1_0.nombre=p1_1.instituto_nombre where p1_0.Curso_nombre=?
15:04:52 DEBUG [main]->org.mariadb.jdbc.util.log.Slf4JLogger->debug := execute query: set autocommit=1
15:04:52 DEBUG [main]->org.mariadb.jdbc.util.log.Slf4JLogger->debug := System variable change:  autocommit = ON
15:04:52 DEBUG [main]->org.mariadb.jdbc.util.log.Slf4JLogger->debug := execute query: set autocommit=0
15:04:52 DEBUG [main]->org.mariadb.jdbc.util.log.Slf4JLogger->debug := System variable change:  autocommit = OFF
15:04:52 DEBUG [main]->org.mariadb.jdbc.util.log.Slf4JLogger->debug := execute query: select e1_0.nombre,e1_0.cupo,e1_0.curso_nombre,c1_0.nombre,c1_0.cantidadHoras,c1_0.categorias,c1_0.creditos,c1_0.descripcion,c1_0.duracion,c1_0.fechaRegistro,i1_0.nombre,c1_0.url,e1_0.fechaFin,e1_0.fechaInicio,e1_0.fechaPublicacion from Edicion e1_0 join Curso c1_0 on c1_0.nombre=e1_0.curso_nombre left join Instituto i1_0 on i1_0.nombre=c1_0.instituto_nombre where e1_0.nombre=?
15:04:52 DEBUG [main]->org.mariadb.jdbc.util.log.Slf4JLogger->debug := execute query: select c1_0.nombre,c1_0.cantidadHoras,c1_0.categorias,c1_0.creditos,c1_0.descripcion,c1_0.duracion,c1_0.fechaRegistro,i1_0.nombre,c1_0.url from Curso c1_0 left join Instituto i1_0 on i1_0.nombre=c1_0.instituto_nombre where c1_0.nombre=?
15:04:52 DEBUG [main]->org.mariadb.jdbc.util.log.Slf4JLogger->debug := execute query: select d1_0.nickname,d1_0.apellido,d1_0.email,d1_0.fNacimiento,d1_0.imagen,d1_0.nombre,d1_0.password from Usuario d1_0 where d1_0.tipo_usuario='DOCENTE' and d1_0.nickname=?
15:04:52 DEBUG [main]->org.mariadb.jdbc.util.log.Slf4JLogger->debug := execute query: insert into Edicion (cupo,curso_nombre,fechaFin,fechaInicio,fechaPublicacion,nombre) values (?,?,?,?,?,?)
15:04:52 DEBUG [main]->org.mariadb.jdbc.util.log.Slf4JLogger->debug := execute query: insert into Organiza (edicion_nombre,docente_nickname) values (?,?)
15:04:52 DEBUG [main]->org.mariadb.jdbc.util.log.Slf4JLogger->debug := execute query: COMMIT
15:04:52 DEBUG [main]->org.mariadb.jdbc.util.log.Slf4JLogger->debug := execute query: set autocommit=1
15:04:52 DEBUG [main]->org.mariadb.jdbc.util.log.Slf4JLogger->debug := System variable change:  autocommit = ON
15:04:52 DEBUG [main]->org.mariadb.jdbc.util.log.Slf4JLogger->debug := execute query: set autocommit=0
15:04:52 DEBUG [main]->org.mariadb.jdbc.util.log.Slf4JLogger->debug := System variable change:  autocommit = OFF
15:04:52 DEBUG [main]->org.mariadb.jdbc.util.log.Slf4JLogger->debug := execute query: select e1_0.nombre,e1_0.cupo,e1_0.curso_nombre,c1_0.nombre,c1_0.cantidadHoras,c1_0.categorias,c1_0.creditos,c1_0.descripcion,c1_0.duracion,c1_0.fechaRegistro,i1_0.nombre,c1_0.url,e1_0.fechaFin,e1_0.fechaInicio,e1_0.fechaPublicacion from Edicion e1_0 join Curso c1_0 on c1_0.nombre=e1_0.curso_nombre left join Instituto i1_0 on i1_0.nombre=c1_0.instituto_nombre where e1_0.nombre=?
15:04:52 DEBUG [main]->org.mariadb.jdbc.util.log.Slf4JLogger->debug := execute query: ROLLBACK
15:04:52 DEBUG [main]->org.mariadb.jdbc.util.log.Slf4JLogger->debug := execute query: set autocommit=1
15:04:52 DEBUG [main]->org.mariadb.jdbc.util.log.Slf4JLogger->debug := System variable change:  autocommit = ON
15:04:52 DEBUG [main]->org.mariadb.jdbc.util.log.Slf4JLogger->debug := execute query: set autocommit=0
15:04:52 DEBUG [main]->org.mariadb.jdbc.util.log.Slf4JLogger->debug := System variable change:  autocommit = OFF
15:04:52 DEBUG [main]->org.mariadb.jdbc.util.log.Slf4JLogger->debug := execute query: select e1_0.nombre,e1_0.cupo,e1_0.curso_nombre,c1_0.nombre,c1_0.cantidadHoras,c1_0.categorias,c1_0.creditos,c1_0.descripcion,c1_0.duracion,c1_0.fechaRegistro,i1_0.nombre,c1_0.url,e1_0.fechaFin,e1_0.fechaInicio,e1_0.fechaPublicacion from Edicion e1_0 join Curso c1_0 on c1_0.nombre=e1_0.curso_nombre left join Instituto i1_0 on i1_0.nombre=c1_0.instituto_nombre where e1_0.nombre=?
15:04:52 DEBUG [main]->org.mariadb.jdbc.util.log.Slf4JLogger->debug := execute query: set autocommit=1
15:04:52 DEBUG [main]->org.mariadb.jdbc.util.log.Slf4JLogger->debug := System variable change:  autocommit = ON
15:04:52 DEBUG [main]->org.mariadb.jdbc.util.log.Slf4JLogger->debug := execute query: set autocommit=0
15:04:52 DEBUG [main]->org.mariadb.jdbc.util.log.Slf4JLogger->debug := System variable change:  autocommit = OFF
15:04:52 DEBUG [main]->org.mariadb.jdbc.util.log.Slf4JLogger->debug := execute query: select d1_0.edicion_nombre,d1_1.nickname,d1_1.apellido,d1_1.email,d1_1.fNacimiento,d1_1.imagen,d1_1.nombre,d1_1.password from Organiza d1_0 join Usuario d1_1 on d1_1.nickname=d1_0.docente_nickname where d1_0.edicion_nombre=?
15:04:52 DEBUG [main]->org.mariadb.jdbc.util.log.Slf4JLogger->debug := execute query: set autocommit=1
15:04:52 DEBUG [main]->org.mariadb.jdbc.util.log.Slf4JLogger->debug := System variable change:  autocommit = ON
15:04:52 DEBUG [main]->org.mariadb.jdbc.util.log.Slf4JLogger->debug := execute query: set autocommit=0
15:04:52 DEBUG [main]->org.mariadb.jdbc.util.log.Slf4JLogger->debug := System variable change:  autocommit = OFF
15:04:52 DEBUG [main]->org.mariadb.jdbc.util.log.Slf4JLogger->debug := execute query: select ie1_0.estudiante_nickname from InscripcionEdicion ie1_0 where ie1_0.edicion_nombre=?
15:04:52 DEBUG [main]->org.mariadb.jdbc.util.log.Slf4JLogger->debug := execute query: set autocommit=1
15:04:52 DEBUG [main]->org.mariadb.jdbc.util.log.Slf4JLogger->debug := System variable change:  autocommit = ON
15:04:52 DEBUG [main]->org.mariadb.jdbc.util.log.Slf4JLogger->debug := execute query: set autocommit=0
15:04:52 DEBUG [main]->org.mariadb.jdbc.util.log.Slf4JLogger->debug := System variable change:  autocommit = OFF
15:04:52 DEBUG [main]->org.mariadb.jdbc.util.log.Slf4JLogger->debug := execute query: select c1_0.nombre,c1_0.cantidadHoras,c1_0.categorias,c1_0.creditos,c1_0.descripcion,c1_0.duracion,c1_0.fechaRegistro,i1_0.nombre,c1_0.url from Curso c1_0 left join Instituto i1_0 on i1_0.nombre=c1_0.instituto_nombre where c1_0.nombre=?
15:04:52 DEBUG [main]->org.mariadb.jdbc.util.log.Slf4JLogger->debug := execute query: set autocommit=1
15:04:52 DEBUG [main]->org.mariadb.jdbc.util.log.Slf4JLogger->debug := System variable change:  autocommit = ON
15:04:52 DEBUG [main]->org.mariadb.jdbc.util.log.Slf4JLogger->debug := execute query: set autocommit=0
15:04:52 DEBUG [main]->org.mariadb.jdbc.util.log.Slf4JLogger->debug := System variable change:  autocommit = OFF
15:04:52 DEBUG [main]->org.mariadb.jdbc.util.log.Slf4JLogger->debug := execute query: select u1_0.nickname,u1_0.tipo_usuario,u1_0.apellido,u1_0.email,u1_0.fNacimiento,u1_0.imagen,u1_0.nombre,u1_0.password from Usuario u1_0 where u1_0.nickname=?
15:04:52 DEBUG [main]->org.mariadb.jdbc.util.log.Slf4JLogger->debug := execute query: set autocommit=1
15:04:52 DEBUG [main]->org.mariadb.jdbc.util.log.Slf4JLogger->debug := System variable change:  autocommit = ON
15:04:52 DEBUG [main]->org.mariadb.jdbc.util.log.Slf4JLogger->debug := execute query: set autocommit=0
15:04:52 DEBUG [main]->org.mariadb.jdbc.util.log.Slf4JLogger->debug := System variable change:  autocommit = OFF
15:04:52 DEBUG [main]->org.mariadb.jdbc.util.log.Slf4JLogger->debug := execute query: select e1_0.nombre,e1_0.cupo,e1_0.curso_nombre,e1_0.fechaFin,e1_0.fechaInicio,e1_0.fechaPublicacion from InscripcionEdicion ie1_0 join Edicion e1_0 on e1_0.nombre=ie1_0.edicion_nombre where ie1_0.estudiante_nickname=?
15:04:52 DEBUG [main]->org.mariadb.jdbc.util.log.Slf4JLogger->debug := execute query: select c1_0.nombre,c1_0.cantidadHoras,c1_0.categorias,c1_0.creditos,c1_0.descripcion,c1_0.duracion,c1_0.fechaRegistro,i1_0.nombre,c1_0.url from Curso c1_0 left join Instituto i1_0 on i1_0.nombre=c1_0.instituto_nombre where c1_0.nombre=?
15:04:52 DEBUG [main]->org.mariadb.jdbc.util.log.Slf4JLogger->debug := execute query: select c1_0.nombre,c1_0.cantidadHoras,c1_0.categorias,c1_0.creditos,c1_0.descripcion,c1_0.duracion,c1_0.fechaRegistro,i1_0.nombre,c1_0.url from Curso c1_0 left join Instituto i1_0 on i1_0.nombre=c1_0.instituto_nombre where c1_0.nombre=?
15:04:52 DEBUG [main]->org.mariadb.jdbc.util.log.Slf4JLogger->debug := execute query: select c1_0.nombre,c1_0.cantidadHoras,c1_0.categorias,c1_0.creditos,c1_0.descripcion,c1_0.duracion,c1_0.fechaRegistro,i1_0.nombre,c1_0.url from Curso c1_0 left join Instituto i1_0 on i1_0.nombre=c1_0.instituto_nombre where c1_0.nombre=?
15:04:52 DEBUG [main]->org.mariadb.jdbc.util.log.Slf4JLogger->debug := execute query: select c1_0.nombre,c1_0.cantidadHoras,c1_0.categorias,c1_0.creditos,c1_0.descripcion,c1_0.duracion,c1_0.fechaRegistro,i1_0.nombre,c1_0.url from Curso c1_0 left join Instituto i1_0 on i1_0.nombre=c1_0.instituto_nombre where c1_0.nombre=?
15:04:52 DEBUG [main]->org.mariadb.jdbc.util.log.Slf4JLogger->debug := execute query: select c1_0.nombre,c1_0.cantidadHoras,c1_0.categorias,c1_0.creditos,c1_0.descripcion,c1_0.duracion,c1_0.fechaRegistro,i1_0.nombre,c1_0.url from Curso c1_0 left join Instituto i1_0 on i1_0.nombre=c1_0.instituto_nombre where c1_0.nombre=?
15:04:52 DEBUG [main]->org.mariadb.jdbc.util.log.Slf4JLogger->debug := execute query: select c1_0.nombre,c1_0.cantidadHoras,c1_0.categorias,c1_0.creditos,c1_0.descripcion,c1_0.duracion,c1_0.fechaRegistro,i1_0.nombre,c1_0.url from Curso c1_0 left join Instituto i1_0 on i1_0.nombre=c1_0.instituto_nombre where c1_0.nombre=?
15:04:52 DEBUG [main]->org.mariadb.jdbc.util.log.Slf4JLogger->debug := execute query: select c1_0.nombre,c1_0.cantidadHoras,c1_0.categorias,c1_0.creditos,c1_0.descripcion,c1_0.duracion,c1_0.fechaRegistro,i1_0.nombre,c1_0.url from Curso c1_0 left join Instituto i1_0 on i1_0.nombre=c1_0.instituto_nombre where c1_0.nombre=?
15:04:52 DEBUG [main]->org.mariadb.jdbc.util.log.Slf4JLogger->debug := execute query: select c1_0.nombre,c1_0.cantidadHoras,c1_0.categorias,c1_0.creditos,c1_0.descripcion,c1_0.duracion,c1_0.fechaRegistro,i1_0.nombre,c1_0.url from Curso c1_0 left join Instituto i1_0 on i1_0.nombre=c1_0.instituto_nombre where c1_0.nombre=?
15:04:52 DEBUG [main]->org.mariadb.jdbc.util.log.Slf4JLogger->debug := execute query: set autocommit=1
15:04:52 DEBUG [main]->org.mariadb.jdbc.util.log.Slf4JLogger->debug := System variable change:  autocommit = ON
15:04:52 DEBUG [main]->org.mariadb.jdbc.util.log.Slf4JLogger->debug := execute query: set autocommit=0
15:04:52 DEBUG [main]->org.mariadb.jdbc.util.log.Slf4JLogger->debug := System variable change:  autocommit = OFF
15:04:52 DEBUG [main]->org.mariadb.jdbc.util.log.Slf4JLogger->debug := execute query: select p1_0.Curso_nombre,p1_1.nombre,p1_1.cantidadHoras,p1_1.categorias,p1_1.creditos,p1_1.descripcion,p1_1.duracion,p1_1.fechaRegistro,i1_0.nombre,p1_1.url from Previas p1_0 join Curso p1_1 on p1_1.nombre=p1_0.previas_nombre left join Instituto i1_0 on i1_0.nombre=p1_1.instituto_nombre where p1_0.Curso_nombre=?
15:04:52 DEBUG [main]->org.mariadb.jdbc.util.log.Slf4JLogger->debug := execute query: set autocommit=1
15:04:52 DEBUG [main]->org.mariadb.jdbc.util.log.Slf4JLogger->debug := System variable change:  autocommit = ON
15:04:52 DEBUG [main]->org.mariadb.jdbc.util.log.Slf4JLogger->debug := execute query: set autocommit=0
15:04:52 DEBUG [main]->org.mariadb.jdbc.util.log.Slf4JLogger->debug := System variable change:  autocommit = OFF
15:04:52 DEBUG [main]->org.mariadb.jdbc.util.log.Slf4JLogger->debug := execute query: select d1_0.edicion_nombre,d1_1.nickname,d1_1.apellido,d1_1.email,d1_1.fNacimiento,d1_1.imagen,d1_1.nombre,d1_1.password from Organiza d1_0 join Usuario d1_1 on d1_1.nickname=d1_0.docente_nickname where d1_0.edicion_nombre=?
15:04:52 DEBUG [main]->org.mariadb.jdbc.util.log.Slf4JLogger->debug := execute query: set autocommit=1
15:04:52 DEBUG [main]->org.mariadb.jdbc.util.log.Slf4JLogger->debug := System variable change:  autocommit = ON
15:04:52 DEBUG [main]->org.mariadb.jdbc.util.log.Slf4JLogger->debug := execute query: set autocommit=0
15:04:52 DEBUG [main]->org.mariadb.jdbc.util.log.Slf4JLogger->debug := System variable change:  autocommit = OFF
15:04:52 DEBUG [main]->org.mariadb.jdbc.util.log.Slf4JLogger->debug := execute query: select p1_0.Curso_nombre,p1_1.nombre,p1_1.cantidadHoras,p1_1.categorias,p1_1.creditos,p1_1.descripcion,p1_1.duracion,p1_1.fechaRegistro,i1_0.nombre,p1_1.url from Previas p1_0 join Curso p1_1 on p1_1.nombre=p1_0.previas_nombre left join Instituto i1_0 on i1_0.nombre=p1_1.instituto_nombre where p1_0.Curso_nombre=?
15:04:52 DEBUG [main]->org.mariadb.jdbc.util.log.Slf4JLogger->debug := execute query: set autocommit=1
15:04:52 DEBUG [main]->org.mariadb.jdbc.util.log.Slf4JLogger->debug := System variable change:  autocommit = ON
15:04:52 DEBUG [main]->org.mariadb.jdbc.util.log.Slf4JLogger->debug := execute query: set autocommit=0
15:04:52 DEBUG [main]->org.mariadb.jdbc.util.log.Slf4JLogger->debug := System variable change:  autocommit = OFF
15:04:52 DEBUG [main]->org.mariadb.jdbc.util.log.Slf4JLogger->debug := execute query: select d1_0.edicion_nombre,d1_1.nickname,d1_1.apellido,d1_1.email,d1_1.fNacimiento,d1_1.imagen,d1_1.nombre,d1_1.password from Organiza d1_0 join Usuario d1_1 on d1_1.nickname=d1_0.docente_nickname where d1_0.edicion_nombre=?
15:04:52 DEBUG [main]->org.mariadb.jdbc.util.log.Slf4JLogger->debug := execute query: set autocommit=1
15:04:52 DEBUG [main]->org.mariadb.jdbc.util.log.Slf4JLogger->debug := System variable change:  autocommit = ON
15:04:52 DEBUG [main]->org.mariadb.jdbc.util.log.Slf4JLogger->debug := execute query: set autocommit=0
15:04:52 DEBUG [main]->org.mariadb.jdbc.util.log.Slf4JLogger->debug := System variable change:  autocommit = OFF
15:04:52 DEBUG [main]->org.mariadb.jdbc.util.log.Slf4JLogger->debug := execute query: select d1_0.edicion_nombre,d1_1.nickname,d1_1.apellido,d1_1.email,d1_1.fNacimiento,d1_1.imagen,d1_1.nombre,d1_1.password from Organiza d1_0 join Usuario d1_1 on d1_1.nickname=d1_0.docente_nickname where d1_0.edicion_nombre=?
15:04:52 DEBUG [main]->org.mariadb.jdbc.util.log.Slf4JLogger->debug := execute query: set autocommit=1
15:04:52 DEBUG [main]->org.mariadb.jdbc.util.log.Slf4JLogger->debug := System variable change:  autocommit = ON
15:04:52 DEBUG [main]->org.mariadb.jdbc.util.log.Slf4JLogger->debug := execute query: set autocommit=0
15:04:52 DEBUG [main]->org.mariadb.jdbc.util.log.Slf4JLogger->debug := System variable change:  autocommit = OFF
15:04:52 DEBUG [main]->org.mariadb.jdbc.util.log.Slf4JLogger->debug := execute query: select p1_0.Curso_nombre,p1_1.nombre,p1_1.cantidadHoras,p1_1.categorias,p1_1.creditos,p1_1.descripcion,p1_1.duracion,p1_1.fechaRegistro,i1_0.nombre,p1_1.url from Previas p1_0 join Curso p1_1 on p1_1.nombre=p1_0.previas_nombre left join Instituto i1_0 on i1_0.nombre=p1_1.instituto_nombre where p1_0.Curso_nombre=?
15:04:52 DEBUG [main]->org.mariadb.jdbc.util.log.Slf4JLogger->debug := execute query: set autocommit=1
15:04:52 DEBUG [main]->org.mariadb.jdbc.util.log.Slf4JLogger->debug := System variable change:  autocommit = ON
15:04:52 DEBUG [main]->org.mariadb.jdbc.util.log.Slf4JLogger->debug := execute query: set autocommit=0
15:04:52 DEBUG [main]->org.mariadb.jdbc.util.log.Slf4JLogger->debug := System variable change:  autocommit = OFF
15:04:52 DEBUG [main]->org.mariadb.jdbc.util.log.Slf4JLogger->debug := execute query: select d1_0.edicion_nombre,d1_1.nickname,d1_1.apellido,d1_1.email,d1_1.fNacimiento,d1_1.imagen,d1_1.nombre,d1_1.password from Organiza d1_0 join Usuario d1_1 on d1_1.nickname=d1_0.docente_nickname where d1_0.edicion_nombre=?
15:04:52 DEBUG [main]->org.mariadb.jdbc.util.log.Slf4JLogger->debug := execute query: set autocommit=1
15:04:52 DEBUG [main]->org.mariadb.jdbc.util.log.Slf4JLogger->debug := System variable change:  autocommit = ON
15:04:52 DEBUG [main]->org.mariadb.jdbc.util.log.Slf4JLogger->debug := execute query: set autocommit=0
15:04:52 DEBUG [main]->org.mariadb.jdbc.util.log.Slf4JLogger->debug := System variable change:  autocommit = OFF
15:04:52 DEBUG [main]->org.mariadb.jdbc.util.log.Slf4JLogger->debug := execute query: select p1_0.Curso_nombre,p1_1.nombre,p1_1.cantidadHoras,p1_1.categorias,p1_1.creditos,p1_1.descripcion,p1_1.duracion,p1_1.fechaRegistro,i1_0.nombre,p1_1.url from Previas p1_0 join Curso p1_1 on p1_1.nombre=p1_0.previas_nombre left join Instituto i1_0 on i1_0.nombre=p1_1.instituto_nombre where p1_0.Curso_nombre=?
15:04:52 DEBUG [main]->org.mariadb.jdbc.util.log.Slf4JLogger->debug := execute query: set autocommit=1
15:04:52 DEBUG [main]->org.mariadb.jdbc.util.log.Slf4JLogger->debug := System variable change:  autocommit = ON
15:04:52 DEBUG [main]->org.mariadb.jdbc.util.log.Slf4JLogger->debug := execute query: set autocommit=0
15:04:52 DEBUG [main]->org.mariadb.jdbc.util.log.Slf4JLogger->debug := System variable change:  autocommit = OFF
15:04:52 DEBUG [main]->org.mariadb.jdbc.util.log.Slf4JLogger->debug := execute query: select d1_0.edicion_nombre,d1_1.nickname,d1_1.apellido,d1_1.email,d1_1.fNacimiento,d1_1.imagen,d1_1.nombre,d1_1.password from Organiza d1_0 join Usuario d1_1 on d1_1.nickname=d1_0.docente_nickname where d1_0.edicion_nombre=?
15:04:52 DEBUG [main]->org.mariadb.jdbc.util.log.Slf4JLogger->debug := execute query: set autocommit=1
15:04:52 DEBUG [main]->org.mariadb.jdbc.util.log.Slf4JLogger->debug := System variable change:  autocommit = ON
15:04:52 DEBUG [main]->org.mariadb.jdbc.util.log.Slf4JLogger->debug := execute query: set autocommit=0
15:04:52 DEBUG [main]->org.mariadb.jdbc.util.log.Slf4JLogger->debug := System variable change:  autocommit = OFF
15:04:52 DEBUG [main]->org.mariadb.jdbc.util.log.Slf4JLogger->debug := execute query: select p1_0.Curso_nombre,p1_1.nombre,p1_1.cantidadHoras,p1_1.categorias,p1_1.creditos,p1_1.descripcion,p1_1.duracion,p1_1.fechaRegistro,i1_0.nombre,p1_1.url from Previas p1_0 join Curso p1_1 on p1_1.nombre=p1_0.previas_nombre left join Instituto i1_0 on i1_0.nombre=p1_1.instituto_nombre where p1_0.Curso_nombre=?
15:04:52 DEBUG [main]->org.mariadb.jdbc.util.log.Slf4JLogger->debug := execute query: set autocommit=1
15:04:52 DEBUG [main]->org.mariadb.jdbc.util.log.Slf4JLogger->debug := System variable change:  autocommit = ON
15:04:52 DEBUG [main]->org.mariadb.jdbc.util.log.Slf4JLogger->debug := execute query: set autocommit=0
15:04:52 DEBUG [main]->org.mariadb.jdbc.util.log.Slf4JLogger->debug := System variable change:  autocommit = OFF
15:04:52 DEBUG [main]->org.mariadb.jdbc.util.log.Slf4JLogger->debug := execute query: select d1_0.edicion_nombre,d1_1.nickname,d1_1.apellido,d1_1.email,d1_1.fNacimiento,d1_1.imagen,d1_1.nombre,d1_1.password from Organiza d1_0 join Usuario d1_1 on d1_1.nickname=d1_0.docente_nickname where d1_0.edicion_nombre=?
15:04:52 DEBUG [main]->org.mariadb.jdbc.util.log.Slf4JLogger->debug := execute query: set autocommit=1
15:04:52 DEBUG [main]->org.mariadb.jdbc.util.log.Slf4JLogger->debug := System variable change:  autocommit = ON
15:04:52 DEBUG [main]->org.mariadb.jdbc.util.log.Slf4JLogger->debug := execute query: set autocommit=0
15:04:52 DEBUG [main]->org.mariadb.jdbc.util.log.Slf4JLogger->debug := System variable change:  autocommit = OFF
15:04:52 DEBUG [main]->org.mariadb.jdbc.util.log.Slf4JLogger->debug := execute query: select p1_0.Curso_nombre,p1_1.nombre,p1_1.cantidadHoras,p1_1.categorias,p1_1.creditos,p1_1.descripcion,p1_1.duracion,p1_1.fechaRegistro,i1_0.nombre,p1_1.url from Previas p1_0 join Curso p1_1 on p1_1.nombre=p1_0.previas_nombre left join Instituto i1_0 on i1_0.nombre=p1_1.instituto_nombre where p1_0.Curso_nombre=?
15:04:52 DEBUG [main]->org.mariadb.jdbc.util.log.Slf4JLogger->debug := execute query: set autocommit=1
15:04:52 DEBUG [main]->org.mariadb.jdbc.util.log.Slf4JLogger->debug := System variable change:  autocommit = ON
15:04:52 DEBUG [main]->org.mariadb.jdbc.util.log.Slf4JLogger->debug := execute query: set autocommit=0
15:04:52 DEBUG [main]->org.mariadb.jdbc.util.log.Slf4JLogger->debug := System variable change:  autocommit = OFF
15:04:52 DEBUG [main]->org.mariadb.jdbc.util.log.Slf4JLogger->debug := execute query: select d1_0.edicion_nombre,d1_1.nickname,d1_1.apellido,d1_1.email,d1_1.fNacimiento,d1_1.imagen,d1_1.nombre,d1_1.password from Organiza d1_0 join Usuario d1_1 on d1_1.nickname=d1_0.docente_nickname where d1_0.edicion_nombre=?
15:04:52 DEBUG [main]->org.mariadb.jdbc.util.log.Slf4JLogger->debug := execute query: set autocommit=1
15:04:52 DEBUG [main]->org.mariadb.jdbc.util.log.Slf4JLogger->debug := System variable change:  autocommit = ON
15:04:52 DEBUG [main]->org.mariadb.jdbc.util.log.Slf4JLogger->debug := execute query: set autocommit=0
15:04:52 DEBUG [main]->org.mariadb.jdbc.util.log.Slf4JLogger->debug := System variable change:  autocommit = OFF
15:04:52 DEBUG [main]->org.mariadb.jdbc.util.log.Slf4JLogger->debug := execute query: select p1_0.Curso_nombre,p1_1.nombre,p1_1.cantidadHoras,p1_1.categorias,p1_1.creditos,p1_1.descripcion,p1_1.duracion,p1_1.fechaRegistro,i1_0.nombre,p1_1.url from Previas p1_0 join Curso p1_1 on p1_1.nombre=p1_0.previas_nombre left join Instituto i1_0 on i1_0.nombre=p1_1.instituto_nombre where p1_0.Curso_nombre=?
15:04:52 DEBUG [main]->org.mariadb.jdbc.util.log.Slf4JLogger->debug := execute query: set autocommit=1
15:04:52 DEBUG [main]->org.mariadb.jdbc.util.log.Slf4JLogger->debug := System variable change:  autocommit = ON
15:04:52 DEBUG [main]->org.mariadb.jdbc.util.log.Slf4JLogger->debug := execute query: set autocommit=0
15:04:52 DEBUG [main]->org.mariadb.jdbc.util.log.Slf4JLogger->debug := System variable change:  autocommit = OFF
15:04:52 DEBUG [main]->org.mariadb.jdbc.util.log.Slf4JLogger->debug := execute query: select d1_0.edicion_nombre,d1_1.nickname,d1_1.apellido,d1_1.email,d1_1.fNacimiento,d1_1.imagen,d1_1.nombre,d1_1.password from Organiza d1_0 join Usuario d1_1 on d1_1.nickname=d1_0.docente_nickname where d1_0.edicion_nombre=?
15:04:52 DEBUG [main]->org.mariadb.jdbc.util.log.Slf4JLogger->debug := execute query: set autocommit=1
15:04:52 DEBUG [main]->org.mariadb.jdbc.util.log.Slf4JLogger->debug := System variable change:  autocommit = ON
15:04:52 DEBUG [main]->org.mariadb.jdbc.util.log.Slf4JLogger->debug := execute query: set autocommit=0
15:04:52 DEBUG [main]->org.mariadb.jdbc.util.log.Slf4JLogger->debug := System variable change:  autocommit = OFF
15:04:52 DEBUG [main]->org.mariadb.jdbc.util.log.Slf4JLogger->debug := execute query: select d1_0.edicion_nombre,d1_1.nickname,d1_1.apellido,d1_1.email,d1_1.fNacimiento,d1_1.imagen,d1_1.nombre,d1_1.password from Organiza d1_0 join Usuario d1_1 on d1_1.nickname=d1_0.docente_nickname where d1_0.edicion_nombre=?
15:04:52 DEBUG [main]->org.mariadb.jdbc.util.log.Slf4JLogger->debug := execute query: set autocommit=1
15:04:52 DEBUG [main]->org.mariadb.jdbc.util.log.Slf4JLogger->debug := System variable change:  autocommit = ON
15:04:52 DEBUG [main]->org.mariadb.jdbc.util.log.Slf4JLogger->debug := execute query: set autocommit=0
15:04:52 DEBUG [main]->org.mariadb.jdbc.util.log.Slf4JLogger->debug := System variable change:  autocommit = OFF
15:04:52 DEBUG [main]->org.mariadb.jdbc.util.log.Slf4JLogger->debug := execute query: select p1_0.Curso_nombre,p1_1.nombre,p1_1.cantidadHoras,p1_1.categorias,p1_1.creditos,p1_1.descripcion,p1_1.duracion,p1_1.fechaRegistro,i1_0.nombre,p1_1.url from Previas p1_0 join Curso p1_1 on p1_1.nombre=p1_0.previas_nombre left join Instituto i1_0 on i1_0.nombre=p1_1.instituto_nombre where p1_0.Curso_nombre=?
15:04:52 DEBUG [main]->org.mariadb.jdbc.util.log.Slf4JLogger->debug := execute query: set autocommit=1
15:04:52 DEBUG [main]->org.mariadb.jdbc.util.log.Slf4JLogger->debug := System variable change:  autocommit = ON
15:04:52 DEBUG [main]->org.mariadb.jdbc.util.log.Slf4JLogger->debug := execute query: set autocommit=0
15:04:52 DEBUG [main]->org.mariadb.jdbc.util.log.Slf4JLogger->debug := System variable change:  autocommit = OFF
15:04:52 DEBUG [main]->org.mariadb.jdbc.util.log.Slf4JLogger->debug := execute query: select d1_0.edicion_nombre,d1_1.nickname,d1_1.apellido,d1_1.email,d1_1.fNacimiento,d1_1.imagen,d1_1.nombre,d1_1.password from Organiza d1_0 join Usuario d1_1 on d1_1.nickname=d1_0.docente_nickname where d1_0.edicion_nombre=?
15:04:52 DEBUG [main]->org.mariadb.jdbc.util.log.Slf4JLogger->debug := execute query: set autocommit=1
15:04:52 DEBUG [main]->org.mariadb.jdbc.util.log.Slf4JLogger->debug := System variable change:  autocommit = ON
15:04:52 DEBUG [main]->org.mariadb.jdbc.util.log.Slf4JLogger->debug := execute query: set autocommit=0
15:04:52 DEBUG [main]->org.mariadb.jdbc.util.log.Slf4JLogger->debug := System variable change:  autocommit = OFF
15:04:52 DEBUG [main]->org.mariadb.jdbc.util.log.Slf4JLogger->debug := execute query: select e1_0.nickname,e1_0.apellido,e1_0.email,e1_0.fNacimiento,e1_0.imagen,e1_0.nombre,e1_0.password from Usuario e1_0 where e1_0.tipo_usuario='ESTUDIANTE' and e1_0.nickname=?
15:04:52 DEBUG [main]->org.mariadb.jdbc.util.log.Slf4JLogger->debug := execute query: select e1_0.nombre,e1_0.cupo,e1_0.curso_nombre,c1_0.nombre,c1_0.cantidadHoras,c1_0.categorias,c1_0.creditos,c1_0.descripcion,c1_0.duracion,c1_0.fechaRegistro,i1_0.nombre,c1_0.url,e1_0.fechaFin,e1_0.fechaInicio,e1_0.fechaPublicacion from Edicion e1_0 join Curso c1_0 on c1_0.nombre=e1_0.curso_nombre left join Instituto i1_0 on i1_0.nombre=c1_0.instituto_nombre where e1_0.nombre=?
15:04:52 DEBUG [main]->org.mariadb.jdbc.util.log.Slf4JLogger->debug := execute query: select ie1_0.edicion_nombre,e1_0.nombre,e1_0.cupo,e1_0.curso_nombre,c1_0.nombre,c1_0.cantidadHoras,c1_0.categorias,c1_0.creditos,c1_0.descripcion,c1_0.duracion,c1_0.fechaRegistro,c1_0.instituto_nombre,c1_0.url,e1_0.fechaFin,e1_0.fechaInicio,e1_0.fechaPublicacion,ie1_0.estudiante_nickname,e2_0.nickname,e2_0.apellido,e2_0.email,e2_0.fNacimiento,e2_0.imagen,e2_0.nombre,e2_0.password,ie1_0.estado,ie1_0.fechaInscripcion from InscripcionEdicion ie1_0 join Edicion e1_0 on e1_0.nombre=ie1_0.edicion_nombre left join Curso c1_0 on c1_0.nombre=e1_0.curso_nombre join (select * from Usuario t where t.tipo_usuario='ESTUDIANTE') e2_0 on e2_0.nickname=ie1_0.estudiante_nickname where (ie1_0.edicion_nombre,ie1_0.estudiante_nickname) in ((?,?))
15:04:52 DEBUG [main]->org.mariadb.jdbc.util.log.Slf4JLogger->debug := execute query: insert into InscripcionEdicion (estado,fechaInscripcion,edicion_nombre,estudiante_nickname) values (?,?,?,?)
15:04:52 DEBUG [main]->org.mariadb.jdbc.util.log.Slf4JLogger->debug := execute query: COMMIT
15:04:52 DEBUG [main]->org.mariadb.jdbc.util.log.Slf4JLogger->debug := execute query: set autocommit=1
15:04:52 DEBUG [main]->org.mariadb.jdbc.util.log.Slf4JLogger->debug := System variable change:  autocommit = ON
15:04:52 INFO [main]->edu.edext.logica.InscripcionEdicionHelper->inscribirEstudiante := Se Inscribio el Estudiante weiss en la edicion MicroBit - 2026
15:04:52 DEBUG [main]->org.mariadb.jdbc.util.log.Slf4JLogger->debug := execute query: set autocommit=0
15:04:52 DEBUG [main]->org.mariadb.jdbc.util.log.Slf4JLogger->debug := System variable change:  autocommit = OFF
15:04:52 DEBUG [main]->org.mariadb.jdbc.util.log.Slf4JLogger->debug := execute query: select ie1_0.edicion_nombre,e1_0.nombre,e1_0.cupo,e1_0.curso_nombre,c1_0.nombre,c1_0.cantidadHoras,c1_0.categorias,c1_0.creditos,c1_0.descripcion,c1_0.duracion,c1_0.fechaRegistro,c1_0.instituto_nombre,c1_0.url,e1_0.fechaFin,e1_0.fechaInicio,e1_0.fechaPublicacion,ie1_0.estudiante_nickname,e2_0.nickname,e2_0.apellido,e2_0.email,e2_0.fNacimiento,e2_0.imagen,e2_0.nombre,e2_0.password,ie1_0.estado,ie1_0.fechaInscripcion from InscripcionEdicion ie1_0 join Edicion e1_0 on e1_0.nombre=ie1_0.edicion_nombre left join Curso c1_0 on c1_0.nombre=e1_0.curso_nombre join (select * from Usuario t where t.tipo_usuario='ESTUDIANTE') e2_0 on e2_0.nickname=ie1_0.estudiante_nickname where (ie1_0.edicion_nombre,ie1_0.estudiante_nickname) in ((?,?))
15:04:52 DEBUG [main]->org.mariadb.jdbc.util.log.Slf4JLogger->debug := execute query: select i1_0.nombre from Instituto i1_0 where i1_0.nombre=?
15:04:52 DEBUG [main]->org.mariadb.jdbc.util.log.Slf4JLogger->debug := execute query: delete from InscripcionEdicion where edicion_nombre=? and estudiante_nickname=?
15:04:52 DEBUG [main]->org.mariadb.jdbc.util.log.Slf4JLogger->debug := execute query: COMMIT
15:04:52 DEBUG [main]->org.mariadb.jdbc.util.log.Slf4JLogger->debug := execute query: set autocommit=1
15:04:52 DEBUG [main]->org.mariadb.jdbc.util.log.Slf4JLogger->debug := System variable change:  autocommit = ON
15:04:52 INFO [main]->edu.edext.logica.InscripcionEdicionHelper->cancelarInscripcion := Se Cancelo la Incripcion del Estudiante weiss a la Edicion MicroBit - 2026
15:04:52 DEBUG [main]->org.mariadb.jdbc.util.log.Slf4JLogger->debug := execute query: set autocommit=0
15:04:52 DEBUG [main]->org.mariadb.jdbc.util.log.Slf4JLogger->debug := System variable change:  autocommit = OFF
15:04:52 DEBUG [main]->org.mariadb.jdbc.util.log.Slf4JLogger->debug := execute query: select ie1_0.estudiante_nickname from InscripcionEdicion ie1_0 where ie1_0.edicion_nombre=?
15:04:52 DEBUG [main]->org.mariadb.jdbc.util.log.Slf4JLogger->debug := execute query: set autocommit=1
15:04:52 DEBUG [main]->org.mariadb.jdbc.util.log.Slf4JLogger->debug := System variable change:  autocommit = ON
15:04:52 DEBUG [main]->org.mariadb.jdbc.util.log.Slf4JLogger->debug := execute query: set autocommit=0
15:04:52 DEBUG [main]->org.mariadb.jdbc.util.log.Slf4JLogger->debug := System variable change:  autocommit = OFF
15:04:52 DEBUG [main]->org.mariadb.jdbc.util.log.Slf4JLogger->debug := execute query: select i1_0.nombre from Instituto i1_0
15:04:52 DEBUG [main]->org.mariadb.jdbc.util.log.Slf4JLogger->debug := execute query: set autocommit=1
15:04:52 DEBUG [main]->org.mariadb.jdbc.util.log.Slf4JLogger->debug := System variable change:  autocommit = ON
15:04:52 DEBUG [main]->org.mariadb.jdbc.util.log.Slf4JLogger->debug := execute query: set autocommit=0
15:04:52 DEBUG [main]->org.mariadb.jdbc.util.log.Slf4JLogger->debug := System variable change:  autocommit = OFF
15:04:52 DEBUG [main]->org.mariadb.jdbc.util.log.Slf4JLogger->debug := execute query: select u1_0.nickname,u1_0.tipo_usuario,u1_0.apellido,u1_0.email,u1_0.fNacimiento,u1_0.imagen,u1_0.nombre,u1_0.password from Usuario u1_0 where u1_0.nickname=?
15:04:52 DEBUG [main]->org.mariadb.jdbc.util.log.Slf4JLogger->debug := execute query: set autocommit=1
15:04:52 DEBUG [main]->org.mariadb.jdbc.util.log.Slf4JLogger->debug := System variable change:  autocommit = ON
15:04:52 DEBUG [main]->org.mariadb.jdbc.util.log.Slf4JLogger->debug := execute query: set autocommit=0
15:04:52 DEBUG [main]->org.mariadb.jdbc.util.log.Slf4JLogger->debug := System variable change:  autocommit = OFF
15:04:52 DEBUG [main]->org.mariadb.jdbc.util.log.Slf4JLogger->debug := execute query: select distinct c1_0.nombre,c1_0.cantidadHoras,c1_0.categorias,c1_0.creditos,c1_0.descripcion,c1_0.duracion,c1_0.fechaRegistro,c1_0.instituto_nombre,c1_0.url from Edicion e1_0 join Organiza d1_0 on e1_0.nombre=d1_0.edicion_nombre join Curso c1_0 on c1_0.nombre=e1_0.curso_nombre where d1_0.docente_nickname=?
15:04:52 DEBUG [main]->org.mariadb.jdbc.util.log.Slf4JLogger->debug := execute query: select i1_0.nombre from Instituto i1_0 where i1_0.nombre=?
15:04:52 DEBUG [main]->org.mariadb.jdbc.util.log.Slf4JLogger->debug := execute query: select i1_0.nombre from Instituto i1_0 where i1_0.nombre=?
15:04:52 DEBUG [main]->org.mariadb.jdbc.util.log.Slf4JLogger->debug := execute query: set autocommit=1
15:04:52 DEBUG [main]->org.mariadb.jdbc.util.log.Slf4JLogger->debug := System variable change:  autocommit = ON
15:04:52 DEBUG [main]->org.mariadb.jdbc.util.log.Slf4JLogger->debug := execute query: set autocommit=0
15:04:52 DEBUG [main]->org.mariadb.jdbc.util.log.Slf4JLogger->debug := System variable change:  autocommit = OFF
15:04:52 DEBUG [main]->org.mariadb.jdbc.util.log.Slf4JLogger->debug := execute query: select p1_0.Curso_nombre,p1_1.nombre,p1_1.cantidadHoras,p1_1.categorias,p1_1.creditos,p1_1.descripcion,p1_1.duracion,p1_1.fechaRegistro,i1_0.nombre,p1_1.url from Previas p1_0 join Curso p1_1 on p1_1.nombre=p1_0.previas_nombre left join Instituto i1_0 on i1_0.nombre=p1_1.instituto_nombre where p1_0.Curso_nombre=?
15:04:52 DEBUG [main]->org.mariadb.jdbc.util.log.Slf4JLogger->debug := execute query: set autocommit=1
15:04:52 DEBUG [main]->org.mariadb.jdbc.util.log.Slf4JLogger->debug := System variable change:  autocommit = ON
15:04:52 DEBUG [main]->org.mariadb.jdbc.util.log.Slf4JLogger->debug := execute query: set autocommit=0
15:04:52 DEBUG [main]->org.mariadb.jdbc.util.log.Slf4JLogger->debug := System variable change:  autocommit = OFF
15:04:52 DEBUG [main]->org.mariadb.jdbc.util.log.Slf4JLogger->debug := execute query: select p1_0.Curso_nombre,p1_1.nombre,p1_1.cantidadHoras,p1_1.categorias,p1_1.creditos,p1_1.descripcion,p1_1.duracion,p1_1.fechaRegistro,i1_0.nombre,p1_1.url from Previas p1_0 join Curso p1_1 on p1_1.nombre=p1_0.previas_nombre left join Instituto i1_0 on i1_0.nombre=p1_1.instituto_nombre where p1_0.Curso_nombre=?
15:04:52 DEBUG [main]->org.mariadb.jdbc.util.log.Slf4JLogger->debug := execute query: set autocommit=1
15:04:52 DEBUG [main]->org.mariadb.jdbc.util.log.Slf4JLogger->debug := System variable change:  autocommit = ON
15:04:52 DEBUG [main]->org.mariadb.jdbc.util.log.Slf4JLogger->debug := execute query: set autocommit=0
15:04:52 DEBUG [main]->org.mariadb.jdbc.util.log.Slf4JLogger->debug := System variable change:  autocommit = OFF
15:04:52 DEBUG [main]->org.mariadb.jdbc.util.log.Slf4JLogger->debug := execute query: select p1_0.Curso_nombre,p1_1.nombre,p1_1.cantidadHoras,p1_1.categorias,p1_1.creditos,p1_1.descripcion,p1_1.duracion,p1_1.fechaRegistro,i1_0.nombre,p1_1.url from Previas p1_0 join Curso p1_1 on p1_1.nombre=p1_0.previas_nombre left join Instituto i1_0 on i1_0.nombre=p1_1.instituto_nombre where p1_0.Curso_nombre=?
15:04:52 DEBUG [main]->org.mariadb.jdbc.util.log.Slf4JLogger->debug := execute query: set autocommit=1
15:04:52 DEBUG [main]->org.mariadb.jdbc.util.log.Slf4JLogger->debug := System variable change:  autocommit = ON
15:04:52 DEBUG [main]->org.mariadb.jdbc.util.log.Slf4JLogger->debug := execute query: set autocommit=0
15:04:52 DEBUG [main]->org.mariadb.jdbc.util.log.Slf4JLogger->debug := System variable change:  autocommit = OFF
15:04:52 DEBUG [main]->org.mariadb.jdbc.util.log.Slf4JLogger->debug := execute query: select c1_0.nombre,c1_0.cantidadHoras,c1_0.categorias,c1_0.creditos,c1_0.descripcion,c1_0.duracion,c1_0.fechaRegistro,i1_0.nombre,c1_0.url from Curso c1_0 left join Instituto i1_0 on i1_0.nombre=c1_0.instituto_nombre where c1_0.nombre=?
15:04:52 DEBUG [main]->org.mariadb.jdbc.util.log.Slf4JLogger->debug := execute query: select i1_0.nombre from Instituto i1_0 where i1_0.nombre=?
15:04:52 DEBUG [main]->org.mariadb.jdbc.util.log.Slf4JLogger->debug := execute query: select c1_0.nombre,c1_0.cantidadHoras,c1_0.categorias,c1_0.creditos,c1_0.descripcion,c1_0.duracion,c1_0.fechaRegistro,i1_0.nombre,c1_0.url from Curso c1_0 left join Instituto i1_0 on i1_0.nombre=c1_0.instituto_nombre where c1_0.nombre=?
15:04:52 DEBUG [main]->org.mariadb.jdbc.util.log.Slf4JLogger->debug := execute query: select c1_0.nombre,c1_0.cantidadHoras,c1_0.categorias,c1_0.creditos,c1_0.descripcion,c1_0.duracion,c1_0.fechaRegistro,i1_0.nombre,c1_0.url from Curso c1_0 left join Instituto i1_0 on i1_0.nombre=c1_0.instituto_nombre where c1_0.nombre=?
15:04:52 DEBUG [main]->org.mariadb.jdbc.util.log.Slf4JLogger->debug := execute query: select c1_0.nombre,c1_0.cantidadHoras,c1_0.categorias,c1_0.creditos,c1_0.descripcion,c1_0.duracion,c1_0.fechaRegistro,i1_0.nombre,c1_0.url from Curso c1_0 left join Instituto i1_0 on i1_0.nombre=c1_0.instituto_nombre where c1_0.nombre=?
15:04:52 DEBUG [main]->org.mariadb.jdbc.util.log.Slf4JLogger->debug := execute query: insert into Curso (cantidadHoras,categorias,creditos,descripcion,duracion,fechaRegistro,instituto_nombre,url,nombre) values (?,?,?,?,?,?,?,?,?)
15:04:52 DEBUG [main]->org.mariadb.jdbc.util.log.Slf4JLogger->debug := execute query: insert into Previas (Curso_nombre,previas_nombre) values (?,?)
15:04:52 DEBUG [main]->org.mariadb.jdbc.util.log.Slf4JLogger->debug := execute query: insert into Previas (Curso_nombre,previas_nombre) values (?,?)
15:04:52 DEBUG [main]->org.mariadb.jdbc.util.log.Slf4JLogger->debug := execute query: insert into Previas (Curso_nombre,previas_nombre) values (?,?)
15:04:52 DEBUG [main]->org.mariadb.jdbc.util.log.Slf4JLogger->debug := execute query: COMMIT
15:04:52 DEBUG [main]->org.mariadb.jdbc.util.log.Slf4JLogger->debug := execute query: set autocommit=1
15:04:52 DEBUG [main]->org.mariadb.jdbc.util.log.Slf4JLogger->debug := System variable change:  autocommit = ON
15:04:52 DEBUG [main]->org.mariadb.jdbc.util.log.Slf4JLogger->debug := execute query: set autocommit=0
15:04:52 DEBUG [main]->org.mariadb.jdbc.util.log.Slf4JLogger->debug := System variable change:  autocommit = OFF
15:04:52 DEBUG [main]->org.mariadb.jdbc.util.log.Slf4JLogger->debug := execute query: select c1_0.nombre,c1_0.cantidadHoras,c1_0.categorias,c1_0.creditos,c1_0.descripcion,c1_0.duracion,c1_0.fechaRegistro,c1_0.instituto_nombre,c1_0.url from Curso c1_0
15:04:52 DEBUG [main]->org.mariadb.jdbc.util.log.Slf4JLogger->debug := execute query: select i1_0.nombre from Instituto i1_0 where i1_0.nombre=?
15:04:52 DEBUG [main]->org.mariadb.jdbc.util.log.Slf4JLogger->debug := execute query: select i1_0.nombre from Instituto i1_0 where i1_0.nombre=?
15:04:52 DEBUG [main]->org.mariadb.jdbc.util.log.Slf4JLogger->debug := execute query: select i1_0.nombre from Instituto i1_0 where i1_0.nombre=?
15:04:52 DEBUG [main]->org.mariadb.jdbc.util.log.Slf4JLogger->debug := execute query: select i1_0.nombre from Instituto i1_0 where i1_0.nombre=?
15:04:52 DEBUG [main]->org.mariadb.jdbc.util.log.Slf4JLogger->debug := execute query: select i1_0.nombre from Instituto i1_0 where i1_0.nombre=?
15:04:52 DEBUG [main]->org.mariadb.jdbc.util.log.Slf4JLogger->debug := execute query: set autocommit=1
15:04:52 DEBUG [main]->org.mariadb.jdbc.util.log.Slf4JLogger->debug := System variable change:  autocommit = ON
15:04:52 DEBUG [main]->org.mariadb.jdbc.util.log.Slf4JLogger->debug := execute query: set autocommit=0
15:04:52 DEBUG [main]->org.mariadb.jdbc.util.log.Slf4JLogger->debug := System variable change:  autocommit = OFF
15:04:52 DEBUG [main]->org.mariadb.jdbc.util.log.Slf4JLogger->debug := execute query: select p1_0.Curso_nombre,p1_1.nombre,p1_1.cantidadHoras,p1_1.categorias,p1_1.creditos,p1_1.descripcion,p1_1.duracion,p1_1.fechaRegistro,i1_0.nombre,p1_1.url from Previas p1_0 join Curso p1_1 on p1_1.nombre=p1_0.previas_nombre left join Instituto i1_0 on i1_0.nombre=p1_1.instituto_nombre where p1_0.Curso_nombre=?
15:04:52 DEBUG [main]->org.mariadb.jdbc.util.log.Slf4JLogger->debug := execute query: set autocommit=1
15:04:52 DEBUG [main]->org.mariadb.jdbc.util.log.Slf4JLogger->debug := System variable change:  autocommit = ON
15:04:52 DEBUG [main]->org.mariadb.jdbc.util.log.Slf4JLogger->debug := execute query: set autocommit=0
15:04:52 DEBUG [main]->org.mariadb.jdbc.util.log.Slf4JLogger->debug := System variable change:  autocommit = OFF
15:04:52 DEBUG [main]->org.mariadb.jdbc.util.log.Slf4JLogger->debug := execute query: select p1_0.Curso_nombre,p1_1.nombre,p1_1.cantidadHoras,p1_1.categorias,p1_1.creditos,p1_1.descripcion,p1_1.duracion,p1_1.fechaRegistro,i1_0.nombre,p1_1.url from Previas p1_0 join Curso p1_1 on p1_1.nombre=p1_0.previas_nombre left join Instituto i1_0 on i1_0.nombre=p1_1.instituto_nombre where p1_0.Curso_nombre=?
15:04:52 DEBUG [main]->org.mariadb.jdbc.util.log.Slf4JLogger->debug := execute query: set autocommit=1
15:04:52 DEBUG [main]->org.mariadb.jdbc.util.log.Slf4JLogger->debug := System variable change:  autocommit = ON
15:04:52 DEBUG [main]->org.mariadb.jdbc.util.log.Slf4JLogger->debug := execute query: set autocommit=0
15:04:52 DEBUG [main]->org.mariadb.jdbc.util.log.Slf4JLogger->debug := System variable change:  autocommit = OFF
15:04:52 DEBUG [main]->org.mariadb.jdbc.util.log.Slf4JLogger->debug := execute query: select p1_0.Curso_nombre,p1_1.nombre,p1_1.cantidadHoras,p1_1.categorias,p1_1.creditos,p1_1.descripcion,p1_1.duracion,p1_1.fechaRegistro,i1_0.nombre,p1_1.url from Previas p1_0 join Curso p1_1 on p1_1.nombre=p1_0.previas_nombre left join Instituto i1_0 on i1_0.nombre=p1_1.instituto_nombre where p1_0.Curso_nombre=?
15:04:52 DEBUG [main]->org.mariadb.jdbc.util.log.Slf4JLogger->debug := execute query: set autocommit=1
15:04:52 DEBUG [main]->org.mariadb.jdbc.util.log.Slf4JLogger->debug := System variable change:  autocommit = ON
15:04:52 DEBUG [main]->org.mariadb.jdbc.util.log.Slf4JLogger->debug := execute query: set autocommit=0
15:04:52 DEBUG [main]->org.mariadb.jdbc.util.log.Slf4JLogger->debug := System variable change:  autocommit = OFF
15:04:52 DEBUG [main]->org.mariadb.jdbc.util.log.Slf4JLogger->debug := execute query: select p1_0.Curso_nombre,p1_1.nombre,p1_1.cantidadHoras,p1_1.categorias,p1_1.creditos,p1_1.descripcion,p1_1.duracion,p1_1.fechaRegistro,i1_0.nombre,p1_1.url from Previas p1_0 join Curso p1_1 on p1_1.nombre=p1_0.previas_nombre left join Instituto i1_0 on i1_0.nombre=p1_1.instituto_nombre where p1_0.Curso_nombre=?
15:04:52 DEBUG [main]->org.mariadb.jdbc.util.log.Slf4JLogger->debug := execute query: set autocommit=1
15:04:52 DEBUG [main]->org.mariadb.jdbc.util.log.Slf4JLogger->debug := System variable change:  autocommit = ON
15:04:52 DEBUG [main]->org.mariadb.jdbc.util.log.Slf4JLogger->debug := execute query: set autocommit=0
15:04:52 DEBUG [main]->org.mariadb.jdbc.util.log.Slf4JLogger->debug := System variable change:  autocommit = OFF
15:04:52 DEBUG [main]->org.mariadb.jdbc.util.log.Slf4JLogger->debug := execute query: select p1_0.Curso_nombre,p1_1.nombre,p1_1.cantidadHoras,p1_1.categorias,p1_1.creditos,p1_1.descripcion,p1_1.duracion,p1_1.fechaRegistro,i1_0.nombre,p1_1.url from Previas p1_0 join Curso p1_1 on p1_1.nombre=p1_0.previas_nombre left join Instituto i1_0 on i1_0.nombre=p1_1.instituto_nombre where p1_0.Curso_nombre=?
15:04:52 DEBUG [main]->org.mariadb.jdbc.util.log.Slf4JLogger->debug := execute query: set autocommit=1
15:04:52 DEBUG [main]->org.mariadb.jdbc.util.log.Slf4JLogger->debug := System variable change:  autocommit = ON
15:04:52 DEBUG [main]->org.mariadb.jdbc.util.log.Slf4JLogger->debug := execute query: set autocommit=0
15:04:52 DEBUG [main]->org.mariadb.jdbc.util.log.Slf4JLogger->debug := System variable change:  autocommit = OFF
15:04:52 DEBUG [main]->org.mariadb.jdbc.util.log.Slf4JLogger->debug := execute query: select p1_0.Curso_nombre,p1_1.nombre,p1_1.cantidadHoras,p1_1.categorias,p1_1.creditos,p1_1.descripcion,p1_1.duracion,p1_1.fechaRegistro,i1_0.nombre,p1_1.url from Previas p1_0 join Curso p1_1 on p1_1.nombre=p1_0.previas_nombre left join Instituto i1_0 on i1_0.nombre=p1_1.instituto_nombre where p1_0.Curso_nombre=?
15:04:52 DEBUG [main]->org.mariadb.jdbc.util.log.Slf4JLogger->debug := execute query: set autocommit=1
15:04:52 DEBUG [main]->org.mariadb.jdbc.util.log.Slf4JLogger->debug := System variable change:  autocommit = ON
15:04:52 DEBUG [main]->org.mariadb.jdbc.util.log.Slf4JLogger->debug := execute query: set autocommit=0
15:04:52 DEBUG [main]->org.mariadb.jdbc.util.log.Slf4JLogger->debug := System variable change:  autocommit = OFF
15:04:52 DEBUG [main]->org.mariadb.jdbc.util.log.Slf4JLogger->debug := execute query: select p1_0.Curso_nombre,p1_1.nombre,p1_1.cantidadHoras,p1_1.categorias,p1_1.creditos,p1_1.descripcion,p1_1.duracion,p1_1.fechaRegistro,i1_0.nombre,p1_1.url from Previas p1_0 join Curso p1_1 on p1_1.nombre=p1_0.previas_nombre left join Instituto i1_0 on i1_0.nombre=p1_1.instituto_nombre where p1_0.Curso_nombre=?
15:04:52 DEBUG [main]->org.mariadb.jdbc.util.log.Slf4JLogger->debug := execute query: set autocommit=1
15:04:52 DEBUG [main]->org.mariadb.jdbc.util.log.Slf4JLogger->debug := System variable change:  autocommit = ON
15:04:52 DEBUG [main]->org.mariadb.jdbc.util.log.Slf4JLogger->debug := execute query: set autocommit=0
15:04:52 DEBUG [main]->org.mariadb.jdbc.util.log.Slf4JLogger->debug := System variable change:  autocommit = OFF
15:04:52 DEBUG [main]->org.mariadb.jdbc.util.log.Slf4JLogger->debug := execute query: select p1_0.Curso_nombre,p1_1.nombre,p1_1.cantidadHoras,p1_1.categorias,p1_1.creditos,p1_1.descripcion,p1_1.duracion,p1_1.fechaRegistro,i1_0.nombre,p1_1.url from Previas p1_0 join Curso p1_1 on p1_1.nombre=p1_0.previas_nombre left join Instituto i1_0 on i1_0.nombre=p1_1.instituto_nombre where p1_0.Curso_nombre=?
15:04:52 DEBUG [main]->org.mariadb.jdbc.util.log.Slf4JLogger->debug := execute query: set autocommit=1
15:04:52 DEBUG [main]->org.mariadb.jdbc.util.log.Slf4JLogger->debug := System variable change:  autocommit = ON
15:04:52 DEBUG [main]->org.mariadb.jdbc.util.log.Slf4JLogger->debug := execute query: set autocommit=0
15:04:52 DEBUG [main]->org.mariadb.jdbc.util.log.Slf4JLogger->debug := System variable change:  autocommit = OFF
15:04:52 DEBUG [main]->org.mariadb.jdbc.util.log.Slf4JLogger->debug := execute query: select p1_0.Curso_nombre,p1_1.nombre,p1_1.cantidadHoras,p1_1.categorias,p1_1.creditos,p1_1.descripcion,p1_1.duracion,p1_1.fechaRegistro,i1_0.nombre,p1_1.url from Previas p1_0 join Curso p1_1 on p1_1.nombre=p1_0.previas_nombre left join Instituto i1_0 on i1_0.nombre=p1_1.instituto_nombre where p1_0.Curso_nombre=?
15:04:52 DEBUG [main]->org.mariadb.jdbc.util.log.Slf4JLogger->debug := execute query: set autocommit=1
15:04:52 DEBUG [main]->org.mariadb.jdbc.util.log.Slf4JLogger->debug := System variable change:  autocommit = ON
15:04:52 DEBUG [main]->org.mariadb.jdbc.util.log.Slf4JLogger->debug := execute query: set autocommit=0
15:04:52 DEBUG [main]->org.mariadb.jdbc.util.log.Slf4JLogger->debug := System variable change:  autocommit = OFF
15:04:52 DEBUG [main]->org.mariadb.jdbc.util.log.Slf4JLogger->debug := execute query: select p1_0.Curso_nombre,p1_1.nombre,p1_1.cantidadHoras,p1_1.categorias,p1_1.creditos,p1_1.descripcion,p1_1.duracion,p1_1.fechaRegistro,i1_0.nombre,p1_1.url from Previas p1_0 join Curso p1_1 on p1_1.nombre=p1_0.previas_nombre left join Instituto i1_0 on i1_0.nombre=p1_1.instituto_nombre where p1_0.Curso_nombre=?
15:04:52 DEBUG [main]->org.mariadb.jdbc.util.log.Slf4JLogger->debug := execute query: set autocommit=1
15:04:52 DEBUG [main]->org.mariadb.jdbc.util.log.Slf4JLogger->debug := System variable change:  autocommit = ON
15:04:52 DEBUG [main]->org.mariadb.jdbc.util.log.Slf4JLogger->debug := execute query: set autocommit=0
15:04:52 DEBUG [main]->org.mariadb.jdbc.util.log.Slf4JLogger->debug := System variable change:  autocommit = OFF
15:04:52 DEBUG [main]->org.mariadb.jdbc.util.log.Slf4JLogger->debug := execute query: select p1_0.Curso_nombre,p1_1.nombre,p1_1.cantidadHoras,p1_1.categorias,p1_1.creditos,p1_1.descripcion,p1_1.duracion,p1_1.fechaRegistro,i1_0.nombre,p1_1.url from Previas p1_0 join Curso p1_1 on p1_1.nombre=p1_0.previas_nombre left join Instituto i1_0 on i1_0.nombre=p1_1.instituto_nombre where p1_0.Curso_nombre=?
15:04:52 DEBUG [main]->org.mariadb.jdbc.util.log.Slf4JLogger->debug := execute query: set autocommit=1
15:04:52 DEBUG [main]->org.mariadb.jdbc.util.log.Slf4JLogger->debug := System variable change:  autocommit = ON
15:04:52 DEBUG [main]->org.mariadb.jdbc.util.log.Slf4JLogger->debug := execute query: set autocommit=0
15:04:52 DEBUG [main]->org.mariadb.jdbc.util.log.Slf4JLogger->debug := System variable change:  autocommit = OFF
15:04:52 DEBUG [main]->org.mariadb.jdbc.util.log.Slf4JLogger->debug := execute query: select p1_0.Curso_nombre,p1_1.nombre,p1_1.cantidadHoras,p1_1.categorias,p1_1.creditos,p1_1.descripcion,p1_1.duracion,p1_1.fechaRegistro,i1_0.nombre,p1_1.url from Previas p1_0 join Curso p1_1 on p1_1.nombre=p1_0.previas_nombre left join Instituto i1_0 on i1_0.nombre=p1_1.instituto_nombre where p1_0.Curso_nombre=?
15:04:52 DEBUG [main]->org.mariadb.jdbc.util.log.Slf4JLogger->debug := execute query: set autocommit=1
15:04:52 DEBUG [main]->org.mariadb.jdbc.util.log.Slf4JLogger->debug := System variable change:  autocommit = ON
15:04:52 DEBUG [main]->org.mariadb.jdbc.util.log.Slf4JLogger->debug := execute query: set autocommit=0
15:04:52 DEBUG [main]->org.mariadb.jdbc.util.log.Slf4JLogger->debug := System variable change:  autocommit = OFF
15:04:52 DEBUG [main]->org.mariadb.jdbc.util.log.Slf4JLogger->debug := execute query: select u1_0.nickname,u1_0.tipo_usuario,u1_0.apellido,u1_0.email,u1_0.fNacimiento,u1_0.imagen,u1_0.nombre,u1_0.password from Usuario u1_0 where u1_0.nickname=?
15:04:52 DEBUG [main]->org.mariadb.jdbc.util.log.Slf4JLogger->debug := execute query: set autocommit=1
15:04:52 DEBUG [main]->org.mariadb.jdbc.util.log.Slf4JLogger->debug := System variable change:  autocommit = ON
15:04:52 DEBUG [main]->org.mariadb.jdbc.util.log.Slf4JLogger->debug := execute query: set autocommit=0
15:04:52 DEBUG [main]->org.mariadb.jdbc.util.log.Slf4JLogger->debug := System variable change:  autocommit = OFF
15:04:52 DEBUG [main]->org.mariadb.jdbc.util.log.Slf4JLogger->debug := execute query: select distinct e1_0.nombre,e1_0.cupo,e1_0.curso_nombre,e1_0.fechaFin,e1_0.fechaInicio,e1_0.fechaPublicacion from Edicion e1_0 join Organiza d1_0 on e1_0.nombre=d1_0.edicion_nombre where d1_0.docente_nickname=?
15:04:52 DEBUG [main]->org.mariadb.jdbc.util.log.Slf4JLogger->debug := execute query: select c1_0.nombre,c1_0.cantidadHoras,c1_0.categorias,c1_0.creditos,c1_0.descripcion,c1_0.duracion,c1_0.fechaRegistro,i1_0.nombre,c1_0.url from Curso c1_0 left join Instituto i1_0 on i1_0.nombre=c1_0.instituto_nombre where c1_0.nombre=?
15:04:52 DEBUG [main]->org.mariadb.jdbc.util.log.Slf4JLogger->debug := execute query: select c1_0.nombre,c1_0.cantidadHoras,c1_0.categorias,c1_0.creditos,c1_0.descripcion,c1_0.duracion,c1_0.fechaRegistro,i1_0.nombre,c1_0.url from Curso c1_0 left join Instituto i1_0 on i1_0.nombre=c1_0.instituto_nombre where c1_0.nombre=?
15:04:52 DEBUG [main]->org.mariadb.jdbc.util.log.Slf4JLogger->debug := execute query: select c1_0.nombre,c1_0.cantidadHoras,c1_0.categorias,c1_0.creditos,c1_0.descripcion,c1_0.duracion,c1_0.fechaRegistro,i1_0.nombre,c1_0.url from Curso c1_0 left join Instituto i1_0 on i1_0.nombre=c1_0.instituto_nombre where c1_0.nombre=?
15:04:52 DEBUG [main]->org.mariadb.jdbc.util.log.Slf4JLogger->debug := execute query: set autocommit=1
15:04:52 DEBUG [main]->org.mariadb.jdbc.util.log.Slf4JLogger->debug := System variable change:  autocommit = ON
15:04:52 DEBUG [main]->org.mariadb.jdbc.util.log.Slf4JLogger->debug := execute query: set autocommit=0
15:04:52 DEBUG [main]->org.mariadb.jdbc.util.log.Slf4JLogger->debug := System variable change:  autocommit = OFF
15:04:52 DEBUG [main]->org.mariadb.jdbc.util.log.Slf4JLogger->debug := execute query: select p1_0.Curso_nombre,p1_1.nombre,p1_1.cantidadHoras,p1_1.categorias,p1_1.creditos,p1_1.descripcion,p1_1.duracion,p1_1.fechaRegistro,i1_0.nombre,p1_1.url from Previas p1_0 join Curso p1_1 on p1_1.nombre=p1_0.previas_nombre left join Instituto i1_0 on i1_0.nombre=p1_1.instituto_nombre where p1_0.Curso_nombre=?
15:04:52 DEBUG [main]->org.mariadb.jdbc.util.log.Slf4JLogger->debug := execute query: set autocommit=1
15:04:52 DEBUG [main]->org.mariadb.jdbc.util.log.Slf4JLogger->debug := System variable change:  autocommit = ON
15:04:52 DEBUG [main]->org.mariadb.jdbc.util.log.Slf4JLogger->debug := execute query: set autocommit=0
15:04:52 DEBUG [main]->org.mariadb.jdbc.util.log.Slf4JLogger->debug := System variable change:  autocommit = OFF
15:04:52 DEBUG [main]->org.mariadb.jdbc.util.log.Slf4JLogger->debug := execute query: select d1_0.edicion_nombre,d1_1.nickname,d1_1.apellido,d1_1.email,d1_1.fNacimiento,d1_1.imagen,d1_1.nombre,d1_1.password from Organiza d1_0 join Usuario d1_1 on d1_1.nickname=d1_0.docente_nickname where d1_0.edicion_nombre=?
15:04:52 DEBUG [main]->org.mariadb.jdbc.util.log.Slf4JLogger->debug := execute query: set autocommit=1
15:04:52 DEBUG [main]->org.mariadb.jdbc.util.log.Slf4JLogger->debug := System variable change:  autocommit = ON
15:04:52 DEBUG [main]->org.mariadb.jdbc.util.log.Slf4JLogger->debug := execute query: set autocommit=0
15:04:52 DEBUG [main]->org.mariadb.jdbc.util.log.Slf4JLogger->debug := System variable change:  autocommit = OFF
15:04:52 DEBUG [main]->org.mariadb.jdbc.util.log.Slf4JLogger->debug := execute query: select p1_0.Curso_nombre,p1_1.nombre,p1_1.cantidadHoras,p1_1.categorias,p1_1.creditos,p1_1.descripcion,p1_1.duracion,p1_1.fechaRegistro,i1_0.nombre,p1_1.url from Previas p1_0 join Curso p1_1 on p1_1.nombre=p1_0.previas_nombre left join Instituto i1_0 on i1_0.nombre=p1_1.instituto_nombre where p1_0.Curso_nombre=?
15:04:52 DEBUG [main]->org.mariadb.jdbc.util.log.Slf4JLogger->debug := execute query: set autocommit=1
15:04:52 DEBUG [main]->org.mariadb.jdbc.util.log.Slf4JLogger->debug := System variable change:  autocommit = ON
15:04:52 DEBUG [main]->org.mariadb.jdbc.util.log.Slf4JLogger->debug := execute query: set autocommit=0
15:04:52 DEBUG [main]->org.mariadb.jdbc.util.log.Slf4JLogger->debug := System variable change:  autocommit = OFF
15:04:52 DEBUG [main]->org.mariadb.jdbc.util.log.Slf4JLogger->debug := execute query: select d1_0.edicion_nombre,d1_1.nickname,d1_1.apellido,d1_1.email,d1_1.fNacimiento,d1_1.imagen,d1_1.nombre,d1_1.password from Organiza d1_0 join Usuario d1_1 on d1_1.nickname=d1_0.docente_nickname where d1_0.edicion_nombre=?
15:04:52 DEBUG [main]->org.mariadb.jdbc.util.log.Slf4JLogger->debug := execute query: set autocommit=1
15:04:52 DEBUG [main]->org.mariadb.jdbc.util.log.Slf4JLogger->debug := System variable change:  autocommit = ON
15:04:52 DEBUG [main]->org.mariadb.jdbc.util.log.Slf4JLogger->debug := execute query: set autocommit=0
15:04:52 DEBUG [main]->org.mariadb.jdbc.util.log.Slf4JLogger->debug := System variable change:  autocommit = OFF
15:04:52 DEBUG [main]->org.mariadb.jdbc.util.log.Slf4JLogger->debug := execute query: select p1_0.Curso_nombre,p1_1.nombre,p1_1.cantidadHoras,p1_1.categorias,p1_1.creditos,p1_1.descripcion,p1_1.duracion,p1_1.fechaRegistro,i1_0.nombre,p1_1.url from Previas p1_0 join Curso p1_1 on p1_1.nombre=p1_0.previas_nombre left join Instituto i1_0 on i1_0.nombre=p1_1.instituto_nombre where p1_0.Curso_nombre=?
15:04:52 DEBUG [main]->org.mariadb.jdbc.util.log.Slf4JLogger->debug := execute query: set autocommit=1
15:04:53 DEBUG [main]->org.mariadb.jdbc.util.log.Slf4JLogger->debug := System variable change:  autocommit = ON
15:04:53 DEBUG [main]->org.mariadb.jdbc.util.log.Slf4JLogger->debug := execute query: set autocommit=0
15:04:53 DEBUG [main]->org.mariadb.jdbc.util.log.Slf4JLogger->debug := System variable change:  autocommit = OFF
15:04:53 DEBUG [main]->org.mariadb.jdbc.util.log.Slf4JLogger->debug := execute query: select d1_0.edicion_nombre,d1_1.nickname,d1_1.apellido,d1_1.email,d1_1.fNacimiento,d1_1.imagen,d1_1.nombre,d1_1.password from Organiza d1_0 join Usuario d1_1 on d1_1.nickname=d1_0.docente_nickname where d1_0.edicion_nombre=?
15:04:53 DEBUG [main]->org.mariadb.jdbc.util.log.Slf4JLogger->debug := execute query: set autocommit=1
15:04:53 DEBUG [main]->org.mariadb.jdbc.util.log.Slf4JLogger->debug := System variable change:  autocommit = ON
15:04:53 DEBUG [main]->org.mariadb.jdbc.util.log.Slf4JLogger->debug := execute query: set autocommit=0
15:04:53 DEBUG [main]->org.mariadb.jdbc.util.log.Slf4JLogger->debug := System variable change:  autocommit = OFF
15:04:53 DEBUG [main]->org.mariadb.jdbc.util.log.Slf4JLogger->debug := execute query: select d1_0.edicion_nombre,d1_1.nickname,d1_1.apellido,d1_1.email,d1_1.fNacimiento,d1_1.imagen,d1_1.nombre,d1_1.password from Organiza d1_0 join Usuario d1_1 on d1_1.nickname=d1_0.docente_nickname where d1_0.edicion_nombre=?
15:04:53 DEBUG [main]->org.mariadb.jdbc.util.log.Slf4JLogger->debug := execute query: set autocommit=1
15:04:53 DEBUG [main]->org.mariadb.jdbc.util.log.Slf4JLogger->debug := System variable change:  autocommit = ON
15:04:53 DEBUG [main]->org.mariadb.jdbc.util.log.Slf4JLogger->debug := execute query: set autocommit=0
15:04:53 DEBUG [main]->org.mariadb.jdbc.util.log.Slf4JLogger->debug := System variable change:  autocommit = OFF
15:04:53 DEBUG [main]->org.mariadb.jdbc.util.log.Slf4JLogger->debug := execute query: select u1_0.nickname,u1_0.tipo_usuario,u1_0.apellido,u1_0.email,u1_0.fNacimiento,u1_0.imagen,u1_0.nombre,u1_0.password from Usuario u1_0 where u1_0.nickname=?
15:04:53 DEBUG [main]->org.mariadb.jdbc.util.log.Slf4JLogger->debug := execute query: ROLLBACK
15:04:53 DEBUG [main]->org.mariadb.jdbc.util.log.Slf4JLogger->debug := execute query: set autocommit=1
15:04:53 DEBUG [main]->org.mariadb.jdbc.util.log.Slf4JLogger->debug := System variable change:  autocommit = ON
15:04:53 DEBUG [main]->org.mariadb.jdbc.util.log.Slf4JLogger->debug := execute query: set autocommit=0
15:04:53 DEBUG [main]->org.mariadb.jdbc.util.log.Slf4JLogger->debug := System variable change:  autocommit = OFF
15:04:53 DEBUG [main]->org.mariadb.jdbc.util.log.Slf4JLogger->debug := execute query: select c1_0.nombre,c1_0.cantidadHoras,c1_0.categorias,c1_0.creditos,c1_0.descripcion,c1_0.duracion,c1_0.fechaRegistro,c1_0.instituto_nombre,c1_0.url from Curso c1_0
15:04:53 DEBUG [main]->org.mariadb.jdbc.util.log.Slf4JLogger->debug := execute query: select i1_0.nombre from Instituto i1_0 where i1_0.nombre=?
15:04:53 DEBUG [main]->org.mariadb.jdbc.util.log.Slf4JLogger->debug := execute query: select i1_0.nombre from Instituto i1_0 where i1_0.nombre=?
15:04:53 DEBUG [main]->org.mariadb.jdbc.util.log.Slf4JLogger->debug := execute query: select i1_0.nombre from Instituto i1_0 where i1_0.nombre=?
15:04:53 DEBUG [main]->org.mariadb.jdbc.util.log.Slf4JLogger->debug := execute query: select i1_0.nombre from Instituto i1_0 where i1_0.nombre=?
15:04:53 DEBUG [main]->org.mariadb.jdbc.util.log.Slf4JLogger->debug := execute query: select i1_0.nombre from Instituto i1_0 where i1_0.nombre=?
15:04:53 DEBUG [main]->org.mariadb.jdbc.util.log.Slf4JLogger->debug := execute query: set autocommit=1
15:04:53 DEBUG [main]->org.mariadb.jdbc.util.log.Slf4JLogger->debug := System variable change:  autocommit = ON
15:04:53 DEBUG [main]->org.mariadb.jdbc.util.log.Slf4JLogger->debug := execute query: set autocommit=0
15:04:53 DEBUG [main]->org.mariadb.jdbc.util.log.Slf4JLogger->debug := System variable change:  autocommit = OFF
15:04:53 DEBUG [main]->org.mariadb.jdbc.util.log.Slf4JLogger->debug := execute query: select p1_0.Curso_nombre,p1_1.nombre,p1_1.cantidadHoras,p1_1.categorias,p1_1.creditos,p1_1.descripcion,p1_1.duracion,p1_1.fechaRegistro,i1_0.nombre,p1_1.url from Previas p1_0 join Curso p1_1 on p1_1.nombre=p1_0.previas_nombre left join Instituto i1_0 on i1_0.nombre=p1_1.instituto_nombre where p1_0.Curso_nombre=?
15:04:53 DEBUG [main]->org.mariadb.jdbc.util.log.Slf4JLogger->debug := execute query: set autocommit=1
15:04:53 DEBUG [main]->org.mariadb.jdbc.util.log.Slf4JLogger->debug := System variable change:  autocommit = ON
15:04:53 DEBUG [main]->org.mariadb.jdbc.util.log.Slf4JLogger->debug := execute query: set autocommit=0
15:04:53 DEBUG [main]->org.mariadb.jdbc.util.log.Slf4JLogger->debug := System variable change:  autocommit = OFF
15:04:53 DEBUG [main]->org.mariadb.jdbc.util.log.Slf4JLogger->debug := execute query: select p1_0.Curso_nombre,p1_1.nombre,p1_1.cantidadHoras,p1_1.categorias,p1_1.creditos,p1_1.descripcion,p1_1.duracion,p1_1.fechaRegistro,i1_0.nombre,p1_1.url from Previas p1_0 join Curso p1_1 on p1_1.nombre=p1_0.previas_nombre left join Instituto i1_0 on i1_0.nombre=p1_1.instituto_nombre where p1_0.Curso_nombre=?
15:04:53 DEBUG [main]->org.mariadb.jdbc.util.log.Slf4JLogger->debug := execute query: set autocommit=1
15:04:53 DEBUG [main]->org.mariadb.jdbc.util.log.Slf4JLogger->debug := System variable change:  autocommit = ON
15:04:53 DEBUG [main]->org.mariadb.jdbc.util.log.Slf4JLogger->debug := execute query: set autocommit=0
15:04:53 DEBUG [main]->org.mariadb.jdbc.util.log.Slf4JLogger->debug := System variable change:  autocommit = OFF
15:04:53 DEBUG [main]->org.mariadb.jdbc.util.log.Slf4JLogger->debug := execute query: select p1_0.Curso_nombre,p1_1.nombre,p1_1.cantidadHoras,p1_1.categorias,p1_1.creditos,p1_1.descripcion,p1_1.duracion,p1_1.fechaRegistro,i1_0.nombre,p1_1.url from Previas p1_0 join Curso p1_1 on p1_1.nombre=p1_0.previas_nombre left join Instituto i1_0 on i1_0.nombre=p1_1.instituto_nombre where p1_0.Curso_nombre=?
15:04:53 DEBUG [main]->org.mariadb.jdbc.util.log.Slf4JLogger->debug := execute query: set autocommit=1
15:04:53 DEBUG [main]->org.mariadb.jdbc.util.log.Slf4JLogger->debug := System variable change:  autocommit = ON
15:04:53 DEBUG [main]->org.mariadb.jdbc.util.log.Slf4JLogger->debug := execute query: set autocommit=0
15:04:53 DEBUG [main]->org.mariadb.jdbc.util.log.Slf4JLogger->debug := System variable change:  autocommit = OFF
15:04:53 DEBUG [main]->org.mariadb.jdbc.util.log.Slf4JLogger->debug := execute query: select p1_0.Curso_nombre,p1_1.nombre,p1_1.cantidadHoras,p1_1.categorias,p1_1.creditos,p1_1.descripcion,p1_1.duracion,p1_1.fechaRegistro,i1_0.nombre,p1_1.url from Previas p1_0 join Curso p1_1 on p1_1.nombre=p1_0.previas_nombre left join Instituto i1_0 on i1_0.nombre=p1_1.instituto_nombre where p1_0.Curso_nombre=?
15:04:53 DEBUG [main]->org.mariadb.jdbc.util.log.Slf4JLogger->debug := execute query: set autocommit=1
15:04:53 DEBUG [main]->org.mariadb.jdbc.util.log.Slf4JLogger->debug := System variable change:  autocommit = ON
15:04:53 DEBUG [main]->org.mariadb.jdbc.util.log.Slf4JLogger->debug := execute query: set autocommit=0
15:04:53 DEBUG [main]->org.mariadb.jdbc.util.log.Slf4JLogger->debug := System variable change:  autocommit = OFF
15:04:53 DEBUG [main]->org.mariadb.jdbc.util.log.Slf4JLogger->debug := execute query: select p1_0.Curso_nombre,p1_1.nombre,p1_1.cantidadHoras,p1_1.categorias,p1_1.creditos,p1_1.descripcion,p1_1.duracion,p1_1.fechaRegistro,i1_0.nombre,p1_1.url from Previas p1_0 join Curso p1_1 on p1_1.nombre=p1_0.previas_nombre left join Instituto i1_0 on i1_0.nombre=p1_1.instituto_nombre where p1_0.Curso_nombre=?
15:04:53 DEBUG [main]->org.mariadb.jdbc.util.log.Slf4JLogger->debug := execute query: set autocommit=1
15:04:53 DEBUG [main]->org.mariadb.jdbc.util.log.Slf4JLogger->debug := System variable change:  autocommit = ON
15:04:53 DEBUG [main]->org.mariadb.jdbc.util.log.Slf4JLogger->debug := execute query: set autocommit=0
15:04:53 DEBUG [main]->org.mariadb.jdbc.util.log.Slf4JLogger->debug := System variable change:  autocommit = OFF
15:04:53 DEBUG [main]->org.mariadb.jdbc.util.log.Slf4JLogger->debug := execute query: select p1_0.Curso_nombre,p1_1.nombre,p1_1.cantidadHoras,p1_1.categorias,p1_1.creditos,p1_1.descripcion,p1_1.duracion,p1_1.fechaRegistro,i1_0.nombre,p1_1.url from Previas p1_0 join Curso p1_1 on p1_1.nombre=p1_0.previas_nombre left join Instituto i1_0 on i1_0.nombre=p1_1.instituto_nombre where p1_0.Curso_nombre=?
15:04:53 DEBUG [main]->org.mariadb.jdbc.util.log.Slf4JLogger->debug := execute query: set autocommit=1
15:04:53 DEBUG [main]->org.mariadb.jdbc.util.log.Slf4JLogger->debug := System variable change:  autocommit = ON
15:04:53 DEBUG [main]->org.mariadb.jdbc.util.log.Slf4JLogger->debug := execute query: set autocommit=0
15:04:53 DEBUG [main]->org.mariadb.jdbc.util.log.Slf4JLogger->debug := System variable change:  autocommit = OFF
15:04:53 DEBUG [main]->org.mariadb.jdbc.util.log.Slf4JLogger->debug := execute query: select p1_0.Curso_nombre,p1_1.nombre,p1_1.cantidadHoras,p1_1.categorias,p1_1.creditos,p1_1.descripcion,p1_1.duracion,p1_1.fechaRegistro,i1_0.nombre,p1_1.url from Previas p1_0 join Curso p1_1 on p1_1.nombre=p1_0.previas_nombre left join Instituto i1_0 on i1_0.nombre=p1_1.instituto_nombre where p1_0.Curso_nombre=?
15:04:53 DEBUG [main]->org.mariadb.jdbc.util.log.Slf4JLogger->debug := execute query: set autocommit=1
15:04:53 DEBUG [main]->org.mariadb.jdbc.util.log.Slf4JLogger->debug := System variable change:  autocommit = ON
15:04:53 DEBUG [main]->org.mariadb.jdbc.util.log.Slf4JLogger->debug := execute query: set autocommit=0
15:04:53 DEBUG [main]->org.mariadb.jdbc.util.log.Slf4JLogger->debug := System variable change:  autocommit = OFF
15:04:53 DEBUG [main]->org.mariadb.jdbc.util.log.Slf4JLogger->debug := execute query: select p1_0.Curso_nombre,p1_1.nombre,p1_1.cantidadHoras,p1_1.categorias,p1_1.creditos,p1_1.descripcion,p1_1.duracion,p1_1.fechaRegistro,i1_0.nombre,p1_1.url from Previas p1_0 join Curso p1_1 on p1_1.nombre=p1_0.previas_nombre left join Instituto i1_0 on i1_0.nombre=p1_1.instituto_nombre where p1_0.Curso_nombre=?
15:04:53 DEBUG [main]->org.mariadb.jdbc.util.log.Slf4JLogger->debug := execute query: set autocommit=1
15:04:53 DEBUG [main]->org.mariadb.jdbc.util.log.Slf4JLogger->debug := System variable change:  autocommit = ON
15:04:53 DEBUG [main]->org.mariadb.jdbc.util.log.Slf4JLogger->debug := execute query: set autocommit=0
15:04:53 DEBUG [main]->org.mariadb.jdbc.util.log.Slf4JLogger->debug := System variable change:  autocommit = OFF
15:04:53 DEBUG [main]->org.mariadb.jdbc.util.log.Slf4JLogger->debug := execute query: select p1_0.Curso_nombre,p1_1.nombre,p1_1.cantidadHoras,p1_1.categorias,p1_1.creditos,p1_1.descripcion,p1_1.duracion,p1_1.fechaRegistro,i1_0.nombre,p1_1.url from Previas p1_0 join Curso p1_1 on p1_1.nombre=p1_0.previas_nombre left join Instituto i1_0 on i1_0.nombre=p1_1.instituto_nombre where p1_0.Curso_nombre=?
15:04:53 DEBUG [main]->org.mariadb.jdbc.util.log.Slf4JLogger->debug := execute query: set autocommit=1
15:04:53 DEBUG [main]->org.mariadb.jdbc.util.log.Slf4JLogger->debug := System variable change:  autocommit = ON
15:04:53 DEBUG [main]->org.mariadb.jdbc.util.log.Slf4JLogger->debug := execute query: set autocommit=0
15:04:53 DEBUG [main]->org.mariadb.jdbc.util.log.Slf4JLogger->debug := System variable change:  autocommit = OFF
15:04:53 DEBUG [main]->org.mariadb.jdbc.util.log.Slf4JLogger->debug := execute query: select p1_0.Curso_nombre,p1_1.nombre,p1_1.cantidadHoras,p1_1.categorias,p1_1.creditos,p1_1.descripcion,p1_1.duracion,p1_1.fechaRegistro,i1_0.nombre,p1_1.url from Previas p1_0 join Curso p1_1 on p1_1.nombre=p1_0.previas_nombre left join Instituto i1_0 on i1_0.nombre=p1_1.instituto_nombre where p1_0.Curso_nombre=?
15:04:53 DEBUG [main]->org.mariadb.jdbc.util.log.Slf4JLogger->debug := execute query: set autocommit=1
15:04:53 DEBUG [main]->org.mariadb.jdbc.util.log.Slf4JLogger->debug := System variable change:  autocommit = ON
15:04:53 DEBUG [main]->org.mariadb.jdbc.util.log.Slf4JLogger->debug := execute query: set autocommit=0
15:04:53 DEBUG [main]->org.mariadb.jdbc.util.log.Slf4JLogger->debug := System variable change:  autocommit = OFF
15:04:53 DEBUG [main]->org.mariadb.jdbc.util.log.Slf4JLogger->debug := execute query: select p1_0.Curso_nombre,p1_1.nombre,p1_1.cantidadHoras,p1_1.categorias,p1_1.creditos,p1_1.descripcion,p1_1.duracion,p1_1.fechaRegistro,i1_0.nombre,p1_1.url from Previas p1_0 join Curso p1_1 on p1_1.nombre=p1_0.previas_nombre left join Instituto i1_0 on i1_0.nombre=p1_1.instituto_nombre where p1_0.Curso_nombre=?
15:04:53 DEBUG [main]->org.mariadb.jdbc.util.log.Slf4JLogger->debug := execute query: set autocommit=1
15:04:53 DEBUG [main]->org.mariadb.jdbc.util.log.Slf4JLogger->debug := System variable change:  autocommit = ON
15:04:53 DEBUG [main]->org.mariadb.jdbc.util.log.Slf4JLogger->debug := execute query: set autocommit=0
15:04:53 DEBUG [main]->org.mariadb.jdbc.util.log.Slf4JLogger->debug := System variable change:  autocommit = OFF
15:04:53 DEBUG [main]->org.mariadb.jdbc.util.log.Slf4JLogger->debug := execute query: select p1_0.Curso_nombre,p1_1.nombre,p1_1.cantidadHoras,p1_1.categorias,p1_1.creditos,p1_1.descripcion,p1_1.duracion,p1_1.fechaRegistro,i1_0.nombre,p1_1.url from Previas p1_0 join Curso p1_1 on p1_1.nombre=p1_0.previas_nombre left join Instituto i1_0 on i1_0.nombre=p1_1.instituto_nombre where p1_0.Curso_nombre=?
15:04:53 DEBUG [main]->org.mariadb.jdbc.util.log.Slf4JLogger->debug := execute query: set autocommit=1
15:04:53 DEBUG [main]->org.mariadb.jdbc.util.log.Slf4JLogger->debug := System variable change:  autocommit = ON
15:04:53 DEBUG [main]->org.mariadb.jdbc.util.log.Slf4JLogger->debug := execute query: set autocommit=0
15:04:53 DEBUG [main]->org.mariadb.jdbc.util.log.Slf4JLogger->debug := System variable change:  autocommit = OFF
15:04:53 DEBUG [main]->org.mariadb.jdbc.util.log.Slf4JLogger->debug := execute query: select e1_0.nombre,e1_0.cupo,e1_0.curso_nombre,c1_0.nombre,c1_0.cantidadHoras,c1_0.categorias,c1_0.creditos,c1_0.descripcion,c1_0.duracion,c1_0.fechaRegistro,i1_0.nombre,c1_0.url,e1_0.fechaFin,e1_0.fechaInicio,e1_0.fechaPublicacion from Edicion e1_0 join Curso c1_0 on c1_0.nombre=e1_0.curso_nombre left join Instituto i1_0 on i1_0.nombre=c1_0.instituto_nombre where e1_0.nombre=?
15:04:53 DEBUG [main]->org.mariadb.jdbc.util.log.Slf4JLogger->debug := execute query: select c1_0.nombre,c1_0.cantidadHoras,c1_0.categorias,c1_0.creditos,c1_0.descripcion,c1_0.duracion,c1_0.fechaRegistro,i1_0.nombre,c1_0.url from Curso c1_0 left join Instituto i1_0 on i1_0.nombre=c1_0.instituto_nombre where c1_0.nombre=?
15:04:53 DEBUG [main]->org.mariadb.jdbc.util.log.Slf4JLogger->debug := execute query: select d1_0.nickname,d1_0.apellido,d1_0.email,d1_0.fNacimiento,d1_0.imagen,d1_0.nombre,d1_0.password from Usuario d1_0 where d1_0.tipo_usuario='DOCENTE' and d1_0.nickname=?
15:04:53 DEBUG [main]->org.mariadb.jdbc.util.log.Slf4JLogger->debug := execute query: insert into Edicion (cupo,curso_nombre,fechaFin,fechaInicio,fechaPublicacion,nombre) values (?,?,?,?,?,?)
15:04:53 DEBUG [main]->org.mariadb.jdbc.util.log.Slf4JLogger->debug := execute query: insert into Organiza (edicion_nombre,docente_nickname) values (?,?)
15:04:53 DEBUG [main]->org.mariadb.jdbc.util.log.Slf4JLogger->debug := execute query: COMMIT
15:04:53 DEBUG [main]->org.mariadb.jdbc.util.log.Slf4JLogger->debug := execute query: set autocommit=1
15:04:53 DEBUG [main]->org.mariadb.jdbc.util.log.Slf4JLogger->debug := System variable change:  autocommit = ON
15:04:53 DEBUG [main]->org.mariadb.jdbc.util.log.Slf4JLogger->debug := execute query: set autocommit=0
15:04:53 DEBUG [main]->org.mariadb.jdbc.util.log.Slf4JLogger->debug := System variable change:  autocommit = OFF
15:04:53 DEBUG [main]->org.mariadb.jdbc.util.log.Slf4JLogger->debug := execute query: select e1_0.nombre from Edicion e1_0 where e1_0.curso_nombre=?
15:04:53 DEBUG [main]->org.mariadb.jdbc.util.log.Slf4JLogger->debug := execute query: set autocommit=1
15:04:53 DEBUG [main]->org.mariadb.jdbc.util.log.Slf4JLogger->debug := System variable change:  autocommit = ON
15:04:53 DEBUG [main]->org.mariadb.jdbc.util.log.Slf4JLogger->debug := execute query: set autocommit=0
15:04:53 DEBUG [main]->org.mariadb.jdbc.util.log.Slf4JLogger->debug := System variable change:  autocommit = OFF
15:04:53 DEBUG [main]->org.mariadb.jdbc.util.log.Slf4JLogger->debug := execute query: select pf1_0.nombre,pf1_0.descripcion,pf1_0.fechaFin,pf1_0.fechaInicio,pf1_0.fechaRegistro from ProgramaFormacion pf1_0 where pf1_0.nombre=?
15:04:53 DEBUG [main]->org.mariadb.jdbc.util.log.Slf4JLogger->debug := execute query: select c1_0.nombre,c1_0.cantidadHoras,c1_0.categorias,c1_0.creditos,c1_0.descripcion,c1_0.duracion,c1_0.fechaRegistro,i1_0.nombre,c1_0.url from Curso c1_0 left join Instituto i1_0 on i1_0.nombre=c1_0.instituto_nombre where c1_0.nombre=?
15:04:53 DEBUG [main]->org.mariadb.jdbc.util.log.Slf4JLogger->debug := execute query: select c1_0.programa,c1_1.nombre,c1_1.cantidadHoras,c1_1.categorias,c1_1.creditos,c1_1.descripcion,c1_1.duracion,c1_1.fechaRegistro,i1_0.nombre,c1_1.url from Integra c1_0 join Curso c1_1 on c1_1.nombre=c1_0.curso left join Instituto i1_0 on i1_0.nombre=c1_1.instituto_nombre where c1_0.programa=?
15:04:53 DEBUG [main]->org.mariadb.jdbc.util.log.Slf4JLogger->debug := execute query: ROLLBACK
15:04:53 DEBUG [main]->org.mariadb.jdbc.util.log.Slf4JLogger->debug := execute query: set autocommit=1
15:04:53 DEBUG [main]->org.mariadb.jdbc.util.log.Slf4JLogger->debug := System variable change:  autocommit = ON
15:04:53 DEBUG [main]->org.mariadb.jdbc.util.log.Slf4JLogger->debug := execute query: set autocommit=0
15:04:53 DEBUG [main]->org.mariadb.jdbc.util.log.Slf4JLogger->debug := System variable change:  autocommit = OFF
15:04:53 DEBUG [main]->org.mariadb.jdbc.util.log.Slf4JLogger->debug := execute query: select c1_0.instituto_nombre from Curso c1_0 where c1_0.nombre=?
15:04:53 DEBUG [main]->org.mariadb.jdbc.util.log.Slf4JLogger->debug := execute query: set autocommit=1
15:04:53 DEBUG [main]->org.mariadb.jdbc.util.log.Slf4JLogger->debug := System variable change:  autocommit = ON
15:04:53 DEBUG [main]->org.mariadb.jdbc.util.log.Slf4JLogger->debug := execute query: set autocommit=0
15:04:53 DEBUG [main]->org.mariadb.jdbc.util.log.Slf4JLogger->debug := System variable change:  autocommit = OFF
15:04:53 DEBUG [main]->org.mariadb.jdbc.util.log.Slf4JLogger->debug := execute query: select c1_0.nombre,c1_0.cantidadHoras,c1_0.categorias,c1_0.creditos,c1_0.descripcion,c1_0.duracion,c1_0.fechaRegistro,c1_0.instituto_nombre,c1_0.url from Curso c1_0
15:04:53 DEBUG [main]->org.mariadb.jdbc.util.log.Slf4JLogger->debug := execute query: select i1_0.nombre from Instituto i1_0 where i1_0.nombre=?
15:04:53 DEBUG [main]->org.mariadb.jdbc.util.log.Slf4JLogger->debug := execute query: select i1_0.nombre from Instituto i1_0 where i1_0.nombre=?
15:04:53 DEBUG [main]->org.mariadb.jdbc.util.log.Slf4JLogger->debug := execute query: select i1_0.nombre from Instituto i1_0 where i1_0.nombre=?
15:04:53 DEBUG [main]->org.mariadb.jdbc.util.log.Slf4JLogger->debug := execute query: select i1_0.nombre from Instituto i1_0 where i1_0.nombre=?
15:04:53 DEBUG [main]->org.mariadb.jdbc.util.log.Slf4JLogger->debug := execute query: select i1_0.nombre from Instituto i1_0 where i1_0.nombre=?
15:04:53 DEBUG [main]->org.mariadb.jdbc.util.log.Slf4JLogger->debug := execute query: set autocommit=1
15:04:53 DEBUG [main]->org.mariadb.jdbc.util.log.Slf4JLogger->debug := System variable change:  autocommit = ON
15:04:53 DEBUG [main]->org.mariadb.jdbc.util.log.Slf4JLogger->debug := execute query: set autocommit=0
15:04:53 DEBUG [main]->org.mariadb.jdbc.util.log.Slf4JLogger->debug := System variable change:  autocommit = OFF
15:04:53 DEBUG [main]->org.mariadb.jdbc.util.log.Slf4JLogger->debug := execute query: select p1_0.Curso_nombre,p1_1.nombre,p1_1.cantidadHoras,p1_1.categorias,p1_1.creditos,p1_1.descripcion,p1_1.duracion,p1_1.fechaRegistro,i1_0.nombre,p1_1.url from Previas p1_0 join Curso p1_1 on p1_1.nombre=p1_0.previas_nombre left join Instituto i1_0 on i1_0.nombre=p1_1.instituto_nombre where p1_0.Curso_nombre=?
15:04:53 DEBUG [main]->org.mariadb.jdbc.util.log.Slf4JLogger->debug := execute query: set autocommit=1
15:04:53 DEBUG [main]->org.mariadb.jdbc.util.log.Slf4JLogger->debug := System variable change:  autocommit = ON
15:04:53 DEBUG [main]->org.mariadb.jdbc.util.log.Slf4JLogger->debug := execute query: set autocommit=0
15:04:53 DEBUG [main]->org.mariadb.jdbc.util.log.Slf4JLogger->debug := System variable change:  autocommit = OFF
15:04:53 DEBUG [main]->org.mariadb.jdbc.util.log.Slf4JLogger->debug := execute query: select p1_0.Curso_nombre,p1_1.nombre,p1_1.cantidadHoras,p1_1.categorias,p1_1.creditos,p1_1.descripcion,p1_1.duracion,p1_1.fechaRegistro,i1_0.nombre,p1_1.url from Previas p1_0 join Curso p1_1 on p1_1.nombre=p1_0.previas_nombre left join Instituto i1_0 on i1_0.nombre=p1_1.instituto_nombre where p1_0.Curso_nombre=?
15:04:53 DEBUG [main]->org.mariadb.jdbc.util.log.Slf4JLogger->debug := execute query: set autocommit=1
15:04:53 DEBUG [main]->org.mariadb.jdbc.util.log.Slf4JLogger->debug := System variable change:  autocommit = ON
15:04:53 DEBUG [main]->org.mariadb.jdbc.util.log.Slf4JLogger->debug := execute query: set autocommit=0
15:04:53 DEBUG [main]->org.mariadb.jdbc.util.log.Slf4JLogger->debug := System variable change:  autocommit = OFF
15:04:53 DEBUG [main]->org.mariadb.jdbc.util.log.Slf4JLogger->debug := execute query: select p1_0.Curso_nombre,p1_1.nombre,p1_1.cantidadHoras,p1_1.categorias,p1_1.creditos,p1_1.descripcion,p1_1.duracion,p1_1.fechaRegistro,i1_0.nombre,p1_1.url from Previas p1_0 join Curso p1_1 on p1_1.nombre=p1_0.previas_nombre left join Instituto i1_0 on i1_0.nombre=p1_1.instituto_nombre where p1_0.Curso_nombre=?
15:04:53 DEBUG [main]->org.mariadb.jdbc.util.log.Slf4JLogger->debug := execute query: set autocommit=1
15:04:53 DEBUG [main]->org.mariadb.jdbc.util.log.Slf4JLogger->debug := System variable change:  autocommit = ON
15:04:53 DEBUG [main]->org.mariadb.jdbc.util.log.Slf4JLogger->debug := execute query: set autocommit=0
15:04:53 DEBUG [main]->org.mariadb.jdbc.util.log.Slf4JLogger->debug := System variable change:  autocommit = OFF
15:04:53 DEBUG [main]->org.mariadb.jdbc.util.log.Slf4JLogger->debug := execute query: select p1_0.Curso_nombre,p1_1.nombre,p1_1.cantidadHoras,p1_1.categorias,p1_1.creditos,p1_1.descripcion,p1_1.duracion,p1_1.fechaRegistro,i1_0.nombre,p1_1.url from Previas p1_0 join Curso p1_1 on p1_1.nombre=p1_0.previas_nombre left join Instituto i1_0 on i1_0.nombre=p1_1.instituto_nombre where p1_0.Curso_nombre=?
15:04:53 DEBUG [main]->org.mariadb.jdbc.util.log.Slf4JLogger->debug := execute query: set autocommit=1
15:04:53 DEBUG [main]->org.mariadb.jdbc.util.log.Slf4JLogger->debug := System variable change:  autocommit = ON
15:04:53 DEBUG [main]->org.mariadb.jdbc.util.log.Slf4JLogger->debug := execute query: set autocommit=0
15:04:53 DEBUG [main]->org.mariadb.jdbc.util.log.Slf4JLogger->debug := System variable change:  autocommit = OFF
15:04:53 DEBUG [main]->org.mariadb.jdbc.util.log.Slf4JLogger->debug := execute query: select p1_0.Curso_nombre,p1_1.nombre,p1_1.cantidadHoras,p1_1.categorias,p1_1.creditos,p1_1.descripcion,p1_1.duracion,p1_1.fechaRegistro,i1_0.nombre,p1_1.url from Previas p1_0 join Curso p1_1 on p1_1.nombre=p1_0.previas_nombre left join Instituto i1_0 on i1_0.nombre=p1_1.instituto_nombre where p1_0.Curso_nombre=?
15:04:53 DEBUG [main]->org.mariadb.jdbc.util.log.Slf4JLogger->debug := execute query: set autocommit=1
15:04:53 DEBUG [main]->org.mariadb.jdbc.util.log.Slf4JLogger->debug := System variable change:  autocommit = ON
15:04:53 DEBUG [main]->org.mariadb.jdbc.util.log.Slf4JLogger->debug := execute query: set autocommit=0
15:04:53 DEBUG [main]->org.mariadb.jdbc.util.log.Slf4JLogger->debug := System variable change:  autocommit = OFF
15:04:53 DEBUG [main]->org.mariadb.jdbc.util.log.Slf4JLogger->debug := execute query: select p1_0.Curso_nombre,p1_1.nombre,p1_1.cantidadHoras,p1_1.categorias,p1_1.creditos,p1_1.descripcion,p1_1.duracion,p1_1.fechaRegistro,i1_0.nombre,p1_1.url from Previas p1_0 join Curso p1_1 on p1_1.nombre=p1_0.previas_nombre left join Instituto i1_0 on i1_0.nombre=p1_1.instituto_nombre where p1_0.Curso_nombre=?
15:04:53 DEBUG [main]->org.mariadb.jdbc.util.log.Slf4JLogger->debug := execute query: set autocommit=1
15:04:53 DEBUG [main]->org.mariadb.jdbc.util.log.Slf4JLogger->debug := System variable change:  autocommit = ON
15:04:53 DEBUG [main]->org.mariadb.jdbc.util.log.Slf4JLogger->debug := execute query: set autocommit=0
15:04:53 DEBUG [main]->org.mariadb.jdbc.util.log.Slf4JLogger->debug := System variable change:  autocommit = OFF
15:04:53 DEBUG [main]->org.mariadb.jdbc.util.log.Slf4JLogger->debug := execute query: select p1_0.Curso_nombre,p1_1.nombre,p1_1.cantidadHoras,p1_1.categorias,p1_1.creditos,p1_1.descripcion,p1_1.duracion,p1_1.fechaRegistro,i1_0.nombre,p1_1.url from Previas p1_0 join Curso p1_1 on p1_1.nombre=p1_0.previas_nombre left join Instituto i1_0 on i1_0.nombre=p1_1.instituto_nombre where p1_0.Curso_nombre=?
15:04:53 DEBUG [main]->org.mariadb.jdbc.util.log.Slf4JLogger->debug := execute query: set autocommit=1
15:04:53 DEBUG [main]->org.mariadb.jdbc.util.log.Slf4JLogger->debug := System variable change:  autocommit = ON
15:04:53 DEBUG [main]->org.mariadb.jdbc.util.log.Slf4JLogger->debug := execute query: set autocommit=0
15:04:53 DEBUG [main]->org.mariadb.jdbc.util.log.Slf4JLogger->debug := System variable change:  autocommit = OFF
15:04:53 DEBUG [main]->org.mariadb.jdbc.util.log.Slf4JLogger->debug := execute query: select p1_0.Curso_nombre,p1_1.nombre,p1_1.cantidadHoras,p1_1.categorias,p1_1.creditos,p1_1.descripcion,p1_1.duracion,p1_1.fechaRegistro,i1_0.nombre,p1_1.url from Previas p1_0 join Curso p1_1 on p1_1.nombre=p1_0.previas_nombre left join Instituto i1_0 on i1_0.nombre=p1_1.instituto_nombre where p1_0.Curso_nombre=?
15:04:53 DEBUG [main]->org.mariadb.jdbc.util.log.Slf4JLogger->debug := execute query: set autocommit=1
15:04:53 DEBUG [main]->org.mariadb.jdbc.util.log.Slf4JLogger->debug := System variable change:  autocommit = ON
15:04:53 DEBUG [main]->org.mariadb.jdbc.util.log.Slf4JLogger->debug := execute query: set autocommit=0
15:04:53 DEBUG [main]->org.mariadb.jdbc.util.log.Slf4JLogger->debug := System variable change:  autocommit = OFF
15:04:53 DEBUG [main]->org.mariadb.jdbc.util.log.Slf4JLogger->debug := execute query: select p1_0.Curso_nombre,p1_1.nombre,p1_1.cantidadHoras,p1_1.categorias,p1_1.creditos,p1_1.descripcion,p1_1.duracion,p1_1.fechaRegistro,i1_0.nombre,p1_1.url from Previas p1_0 join Curso p1_1 on p1_1.nombre=p1_0.previas_nombre left join Instituto i1_0 on i1_0.nombre=p1_1.instituto_nombre where p1_0.Curso_nombre=?
15:04:53 DEBUG [main]->org.mariadb.jdbc.util.log.Slf4JLogger->debug := execute query: set autocommit=1
15:04:53 DEBUG [main]->org.mariadb.jdbc.util.log.Slf4JLogger->debug := System variable change:  autocommit = ON
15:04:53 DEBUG [main]->org.mariadb.jdbc.util.log.Slf4JLogger->debug := execute query: set autocommit=0
15:04:53 DEBUG [main]->org.mariadb.jdbc.util.log.Slf4JLogger->debug := System variable change:  autocommit = OFF
15:04:53 DEBUG [main]->org.mariadb.jdbc.util.log.Slf4JLogger->debug := execute query: select p1_0.Curso_nombre,p1_1.nombre,p1_1.cantidadHoras,p1_1.categorias,p1_1.creditos,p1_1.descripcion,p1_1.duracion,p1_1.fechaRegistro,i1_0.nombre,p1_1.url from Previas p1_0 join Curso p1_1 on p1_1.nombre=p1_0.previas_nombre left join Instituto i1_0 on i1_0.nombre=p1_1.instituto_nombre where p1_0.Curso_nombre=?
15:04:53 DEBUG [main]->org.mariadb.jdbc.util.log.Slf4JLogger->debug := execute query: set autocommit=1
15:04:53 DEBUG [main]->org.mariadb.jdbc.util.log.Slf4JLogger->debug := System variable change:  autocommit = ON
15:04:53 DEBUG [main]->org.mariadb.jdbc.util.log.Slf4JLogger->debug := execute query: set autocommit=0
15:04:53 DEBUG [main]->org.mariadb.jdbc.util.log.Slf4JLogger->debug := System variable change:  autocommit = OFF
15:04:53 DEBUG [main]->org.mariadb.jdbc.util.log.Slf4JLogger->debug := execute query: select p1_0.Curso_nombre,p1_1.nombre,p1_1.cantidadHoras,p1_1.categorias,p1_1.creditos,p1_1.descripcion,p1_1.duracion,p1_1.fechaRegistro,i1_0.nombre,p1_1.url from Previas p1_0 join Curso p1_1 on p1_1.nombre=p1_0.previas_nombre left join Instituto i1_0 on i1_0.nombre=p1_1.instituto_nombre where p1_0.Curso_nombre=?
15:04:53 DEBUG [main]->org.mariadb.jdbc.util.log.Slf4JLogger->debug := execute query: set autocommit=1
15:04:53 DEBUG [main]->org.mariadb.jdbc.util.log.Slf4JLogger->debug := System variable change:  autocommit = ON
15:04:53 DEBUG [main]->org.mariadb.jdbc.util.log.Slf4JLogger->debug := execute query: set autocommit=0
15:04:53 DEBUG [main]->org.mariadb.jdbc.util.log.Slf4JLogger->debug := System variable change:  autocommit = OFF
15:04:53 DEBUG [main]->org.mariadb.jdbc.util.log.Slf4JLogger->debug := execute query: select p1_0.Curso_nombre,p1_1.nombre,p1_1.cantidadHoras,p1_1.categorias,p1_1.creditos,p1_1.descripcion,p1_1.duracion,p1_1.fechaRegistro,i1_0.nombre,p1_1.url from Previas p1_0 join Curso p1_1 on p1_1.nombre=p1_0.previas_nombre left join Instituto i1_0 on i1_0.nombre=p1_1.instituto_nombre where p1_0.Curso_nombre=?
15:04:53 DEBUG [main]->org.mariadb.jdbc.util.log.Slf4JLogger->debug := execute query: set autocommit=1
15:04:53 DEBUG [main]->org.mariadb.jdbc.util.log.Slf4JLogger->debug := System variable change:  autocommit = ON
15:04:53 DEBUG [main]->org.mariadb.jdbc.util.log.Slf4JLogger->debug := execute query: set autocommit=0
15:04:53 DEBUG [main]->org.mariadb.jdbc.util.log.Slf4JLogger->debug := System variable change:  autocommit = OFF
15:04:53 DEBUG [main]->org.mariadb.jdbc.util.log.Slf4JLogger->debug := execute query: select e1_0.nombre,e1_0.cupo,e1_0.curso_nombre,c1_0.nombre,c1_0.cantidadHoras,c1_0.categorias,c1_0.creditos,c1_0.descripcion,c1_0.duracion,c1_0.fechaRegistro,i1_0.nombre,c1_0.url,e1_0.fechaFin,e1_0.fechaInicio,e1_0.fechaPublicacion from Edicion e1_0 join Curso c1_0 on c1_0.nombre=e1_0.curso_nombre left join Instituto i1_0 on i1_0.nombre=c1_0.instituto_nombre where e1_0.nombre=?
15:04:53 DEBUG [main]->org.mariadb.jdbc.util.log.Slf4JLogger->debug := execute query: select c1_0.nombre,c1_0.cantidadHoras,c1_0.categorias,c1_0.creditos,c1_0.descripcion,c1_0.duracion,c1_0.fechaRegistro,i1_0.nombre,c1_0.url from Curso c1_0 left join Instituto i1_0 on i1_0.nombre=c1_0.instituto_nombre where c1_0.nombre=?
15:04:53 DEBUG [main]->org.mariadb.jdbc.util.log.Slf4JLogger->debug := execute query: ROLLBACK
15:04:53 DEBUG [main]->org.mariadb.jdbc.util.log.Slf4JLogger->debug := execute query: set autocommit=1
15:04:53 DEBUG [main]->org.mariadb.jdbc.util.log.Slf4JLogger->debug := System variable change:  autocommit = ON
15:04:53 DEBUG [main]->org.mariadb.jdbc.util.log.Slf4JLogger->debug := execute query: set autocommit=0
15:04:53 DEBUG [main]->org.mariadb.jdbc.util.log.Slf4JLogger->debug := System variable change:  autocommit = OFF
15:04:53 DEBUG [main]->org.mariadb.jdbc.util.log.Slf4JLogger->debug := execute query: select i1_0.nombre from Instituto i1_0 where i1_0.nombre=?
15:04:53 DEBUG [main]->org.mariadb.jdbc.util.log.Slf4JLogger->debug := execute query: insert into Instituto (nombre) values (?)
15:04:53 DEBUG [main]->org.mariadb.jdbc.util.log.Slf4JLogger->debug := execute query: COMMIT
15:04:53 DEBUG [main]->org.mariadb.jdbc.util.log.Slf4JLogger->debug := execute query: set autocommit=1
15:04:53 DEBUG [main]->org.mariadb.jdbc.util.log.Slf4JLogger->debug := System variable change:  autocommit = ON
15:04:53 DEBUG [main]->org.mariadb.jdbc.util.log.Slf4JLogger->debug := execute query: set autocommit=0
15:04:53 DEBUG [main]->org.mariadb.jdbc.util.log.Slf4JLogger->debug := System variable change:  autocommit = OFF
15:04:53 DEBUG [main]->org.mariadb.jdbc.util.log.Slf4JLogger->debug := execute query: select i1_0.nombre from Instituto i1_0 where i1_0.nombre=?
15:04:53 DEBUG [main]->org.mariadb.jdbc.util.log.Slf4JLogger->debug := execute query: delete from Instituto where nombre=?
15:04:53 DEBUG [main]->org.mariadb.jdbc.util.log.Slf4JLogger->debug := execute query: COMMIT
15:04:53 DEBUG [main]->org.mariadb.jdbc.util.log.Slf4JLogger->debug := execute query: set autocommit=1
15:04:53 DEBUG [main]->org.mariadb.jdbc.util.log.Slf4JLogger->debug := System variable change:  autocommit = ON
15:04:53 DEBUG [main]->org.mariadb.jdbc.util.log.Slf4JLogger->debug := execute query: set autocommit=0
15:04:53 DEBUG [main]->org.mariadb.jdbc.util.log.Slf4JLogger->debug := System variable change:  autocommit = OFF
15:04:53 DEBUG [main]->org.mariadb.jdbc.util.log.Slf4JLogger->debug := execute query: select i1_0.nombre from Instituto i1_0
15:04:53 DEBUG [main]->org.mariadb.jdbc.util.log.Slf4JLogger->debug := execute query: set autocommit=1
15:04:53 DEBUG [main]->org.mariadb.jdbc.util.log.Slf4JLogger->debug := System variable change:  autocommit = ON
15:04:53 DEBUG [main]->org.mariadb.jdbc.util.log.Slf4JLogger->debug := execute query: set autocommit=0
15:04:53 DEBUG [main]->org.mariadb.jdbc.util.log.Slf4JLogger->debug := System variable change:  autocommit = OFF
15:04:53 DEBUG [main]->org.mariadb.jdbc.util.log.Slf4JLogger->debug := execute query: select i1_0.nombre from Instituto i1_0 where i1_0.nombre=?
15:04:53 DEBUG [main]->org.mariadb.jdbc.util.log.Slf4JLogger->debug := execute query: insert into Instituto (nombre) values (?)
15:04:53 DEBUG [main]->org.mariadb.jdbc.util.log.Slf4JLogger->debug := execute query: COMMIT
15:04:53 DEBUG [main]->org.mariadb.jdbc.util.log.Slf4JLogger->debug := execute query: set autocommit=1
15:04:53 DEBUG [main]->org.mariadb.jdbc.util.log.Slf4JLogger->debug := System variable change:  autocommit = ON
15:04:53 DEBUG [main]->org.mariadb.jdbc.util.log.Slf4JLogger->debug := execute query: set autocommit=0
15:04:53 DEBUG [main]->org.mariadb.jdbc.util.log.Slf4JLogger->debug := System variable change:  autocommit = OFF
15:04:53 DEBUG [main]->org.mariadb.jdbc.util.log.Slf4JLogger->debug := execute query: select i1_0.nombre from Instituto i1_0
15:04:53 DEBUG [main]->org.mariadb.jdbc.util.log.Slf4JLogger->debug := execute query: set autocommit=1
15:04:53 DEBUG [main]->org.mariadb.jdbc.util.log.Slf4JLogger->debug := System variable change:  autocommit = ON
15:04:53 DEBUG [main]->org.mariadb.jdbc.util.log.Slf4JLogger->debug := execute query: set autocommit=0
15:04:53 DEBUG [main]->org.mariadb.jdbc.util.log.Slf4JLogger->debug := System variable change:  autocommit = OFF
15:04:53 DEBUG [main]->org.mariadb.jdbc.util.log.Slf4JLogger->debug := execute query: select e1_0.nombre,e1_0.cupo,e1_0.curso_nombre,c1_0.nombre,c1_0.cantidadHoras,c1_0.categorias,c1_0.creditos,c1_0.descripcion,c1_0.duracion,c1_0.fechaRegistro,i1_0.nombre,c1_0.url,e1_0.fechaFin,e1_0.fechaInicio,e1_0.fechaPublicacion from Edicion e1_0 join Curso c1_0 on c1_0.nombre=e1_0.curso_nombre left join Instituto i1_0 on i1_0.nombre=c1_0.instituto_nombre where e1_0.nombre=?
15:04:53 DEBUG [main]->org.mariadb.jdbc.util.log.Slf4JLogger->debug := execute query: set autocommit=1
15:04:53 DEBUG [main]->org.mariadb.jdbc.util.log.Slf4JLogger->debug := System variable change:  autocommit = ON
15:04:53 DEBUG [main]->org.mariadb.jdbc.util.log.Slf4JLogger->debug := execute query: set autocommit=0
15:04:53 DEBUG [main]->org.mariadb.jdbc.util.log.Slf4JLogger->debug := System variable change:  autocommit = OFF
15:04:53 DEBUG [main]->org.mariadb.jdbc.util.log.Slf4JLogger->debug := execute query: select d1_0.edicion_nombre,d1_1.nickname,d1_1.apellido,d1_1.email,d1_1.fNacimiento,d1_1.imagen,d1_1.nombre,d1_1.password from Organiza d1_0 join Usuario d1_1 on d1_1.nickname=d1_0.docente_nickname where d1_0.edicion_nombre=?
15:04:53 DEBUG [main]->org.mariadb.jdbc.util.log.Slf4JLogger->debug := execute query: set autocommit=1
15:04:53 DEBUG [main]->org.mariadb.jdbc.util.log.Slf4JLogger->debug := System variable change:  autocommit = ON
15:04:53 DEBUG [main]->org.mariadb.jdbc.util.log.Slf4JLogger->debug := execute query: set autocommit=0
15:04:53 DEBUG [main]->org.mariadb.jdbc.util.log.Slf4JLogger->debug := System variable change:  autocommit = OFF
15:04:53 DEBUG [main]->org.mariadb.jdbc.util.log.Slf4JLogger->debug := execute query: select i1_0.nombre from Instituto i1_0 where i1_0.nombre=?
15:04:53 DEBUG [main]->org.mariadb.jdbc.util.log.Slf4JLogger->debug := execute query: insert into Instituto (nombre) values (?)
15:04:53 DEBUG [main]->org.mariadb.jdbc.util.log.Slf4JLogger->debug := execute query: COMMIT
15:04:53 DEBUG [main]->org.mariadb.jdbc.util.log.Slf4JLogger->debug := execute query: set autocommit=1
15:04:53 DEBUG [main]->org.mariadb.jdbc.util.log.Slf4JLogger->debug := System variable change:  autocommit = ON
15:04:53 DEBUG [main]->org.mariadb.jdbc.util.log.Slf4JLogger->debug := execute query: set autocommit=0
15:04:53 DEBUG [main]->org.mariadb.jdbc.util.log.Slf4JLogger->debug := System variable change:  autocommit = OFF
15:04:53 DEBUG [main]->org.mariadb.jdbc.util.log.Slf4JLogger->debug := execute query: select i1_0.nombre from Instituto i1_0 where i1_0.nombre=?
15:04:53 DEBUG [main]->org.mariadb.jdbc.util.log.Slf4JLogger->debug := execute query: ROLLBACK
15:04:53 DEBUG [main]->org.mariadb.jdbc.util.log.Slf4JLogger->debug := execute query: set autocommit=1
15:04:53 DEBUG [main]->org.mariadb.jdbc.util.log.Slf4JLogger->debug := System variable change:  autocommit = ON
15:04:53 DEBUG [main]->org.mariadb.jdbc.util.log.Slf4JLogger->debug := execute query: set autocommit=0
15:04:53 DEBUG [main]->org.mariadb.jdbc.util.log.Slf4JLogger->debug := System variable change:  autocommit = OFF
15:04:53 DEBUG [main]->org.mariadb.jdbc.util.log.Slf4JLogger->debug := execute query: select ie1_0.estudiante_nickname from InscripcionEdicion ie1_0 where ie1_0.edicion_nombre=?
15:04:53 DEBUG [main]->org.mariadb.jdbc.util.log.Slf4JLogger->debug := execute query: set autocommit=1
15:04:53 DEBUG [main]->org.mariadb.jdbc.util.log.Slf4JLogger->debug := System variable change:  autocommit = ON
15:04:53 DEBUG [main]->org.mariadb.jdbc.util.log.Slf4JLogger->debug := execute query: set autocommit=0
15:04:53 DEBUG [main]->org.mariadb.jdbc.util.log.Slf4JLogger->debug := System variable change:  autocommit = OFF
15:04:53 DEBUG [main]->org.mariadb.jdbc.util.log.Slf4JLogger->debug := execute query: select e1_0.nickname,e1_0.apellido,e1_0.email,e1_0.fNacimiento,e1_0.imagen,e1_0.nombre,e1_0.password from Usuario e1_0 where e1_0.tipo_usuario='ESTUDIANTE' and e1_0.nickname=?
15:04:53 DEBUG [main]->org.mariadb.jdbc.util.log.Slf4JLogger->debug := execute query: select e1_0.nombre,e1_0.cupo,e1_0.curso_nombre,c1_0.nombre,c1_0.cantidadHoras,c1_0.categorias,c1_0.creditos,c1_0.descripcion,c1_0.duracion,c1_0.fechaRegistro,i1_0.nombre,c1_0.url,e1_0.fechaFin,e1_0.fechaInicio,e1_0.fechaPublicacion from Edicion e1_0 join Curso c1_0 on c1_0.nombre=e1_0.curso_nombre left join Instituto i1_0 on i1_0.nombre=c1_0.instituto_nombre where e1_0.nombre=?
15:04:53 DEBUG [main]->org.mariadb.jdbc.util.log.Slf4JLogger->debug := execute query: CREATE DATABASE IF NOT EXISTS `edext`
15:04:53 DEBUG [main]->org.mariadb.jdbc.util.log.Slf4JLogger->debug := execute query: USE `edext`
15:04:53 DEBUG [main]->org.mariadb.jdbc.util.log.Slf4JLogger->debug := execute query: SET NAMES utf8mb4
15:04:53 DEBUG [main]->org.mariadb.jdbc.util.log.Slf4JLogger->debug := Database change: is 'edext'
15:04:53 DEBUG [main]->org.mariadb.jdbc.util.log.Slf4JLogger->debug := System variable change:  character_set_client = utf8mb4
15:04:53 DEBUG [main]->org.mariadb.jdbc.util.log.Slf4JLogger->debug := System variable change:  character_set_connection = utf8mb4
15:04:53 DEBUG [main]->org.mariadb.jdbc.util.log.Slf4JLogger->debug := System variable change:  character_set_results = utf8mb4
15:04:53 DEBUG [main]->org.mariadb.jdbc.util.log.Slf4JLogger->debug := execute query: set autocommit=0
15:04:53 DEBUG [main]->org.mariadb.jdbc.util.log.Slf4JLogger->debug := System variable change:  autocommit = OFF
15:04:53 DEBUG [main]->org.mariadb.jdbc.util.log.Slf4JLogger->debug := execute query: select i1_0.nombre from Instituto i1_0
15:04:53 DEBUG [main]->org.mariadb.jdbc.util.log.Slf4JLogger->debug := execute query: set autocommit=1
15:04:53 DEBUG [main]->org.mariadb.jdbc.util.log.Slf4JLogger->debug := System variable change:  autocommit = ON
15:04:53 DEBUG [main]->org.mariadb.jdbc.util.log.Slf4JLogger->debug := execute query: set autocommit=0
15:04:53 DEBUG [main]->org.mariadb.jdbc.util.log.Slf4JLogger->debug := System variable change:  autocommit = OFF
15:04:53 DEBUG [main]->org.mariadb.jdbc.util.log.Slf4JLogger->debug := execute query: select u1_0.nickname,u1_0.tipo_usuario,u1_0.apellido,u1_0.email,u1_0.fNacimiento,u1_0.imagen,u1_0.nombre,u1_0.password from Usuario u1_0 where u1_0.nickname=?
15:04:53 DEBUG [main]->org.mariadb.jdbc.util.log.Slf4JLogger->debug := execute query: set autocommit=1
15:04:53 DEBUG [main]->org.mariadb.jdbc.util.log.Slf4JLogger->debug := System variable change:  autocommit = ON
15:04:53 DEBUG [main]->org.mariadb.jdbc.util.log.Slf4JLogger->debug := execute query: set autocommit=0
15:04:53 DEBUG [main]->org.mariadb.jdbc.util.log.Slf4JLogger->debug := System variable change:  autocommit = OFF
15:04:53 DEBUG [main]->org.mariadb.jdbc.util.log.Slf4JLogger->debug := execute query: select distinct c1_0.nombre,c1_0.cantidadHoras,c1_0.categorias,c1_0.creditos,c1_0.descripcion,c1_0.duracion,c1_0.fechaRegistro,c1_0.instituto_nombre,c1_0.url from Edicion e1_0 join Organiza d1_0 on e1_0.nombre=d1_0.edicion_nombre join Curso c1_0 on c1_0.nombre=e1_0.curso_nombre where d1_0.docente_nickname=?
15:04:53 DEBUG [main]->org.mariadb.jdbc.util.log.Slf4JLogger->debug := execute query: select i1_0.nombre from Instituto i1_0 where i1_0.nombre=?
15:04:53 DEBUG [main]->org.mariadb.jdbc.util.log.Slf4JLogger->debug := execute query: select i1_0.nombre from Instituto i1_0 where i1_0.nombre=?
15:04:53 DEBUG [main]->org.mariadb.jdbc.util.log.Slf4JLogger->debug := execute query: set autocommit=1
15:04:53 DEBUG [main]->org.mariadb.jdbc.util.log.Slf4JLogger->debug := System variable change:  autocommit = ON
15:04:53 DEBUG [main]->org.mariadb.jdbc.util.log.Slf4JLogger->debug := execute query: set autocommit=0
15:04:53 DEBUG [main]->org.mariadb.jdbc.util.log.Slf4JLogger->debug := System variable change:  autocommit = OFF
15:04:53 DEBUG [main]->org.mariadb.jdbc.util.log.Slf4JLogger->debug := execute query: select p1_0.Curso_nombre,p1_1.nombre,p1_1.cantidadHoras,p1_1.categorias,p1_1.creditos,p1_1.descripcion,p1_1.duracion,p1_1.fechaRegistro,i1_0.nombre,p1_1.url from Previas p1_0 join Curso p1_1 on p1_1.nombre=p1_0.previas_nombre left join Instituto i1_0 on i1_0.nombre=p1_1.instituto_nombre where p1_0.Curso_nombre=?
15:04:53 DEBUG [main]->org.mariadb.jdbc.util.log.Slf4JLogger->debug := execute query: set autocommit=1
15:04:53 DEBUG [main]->org.mariadb.jdbc.util.log.Slf4JLogger->debug := System variable change:  autocommit = ON
15:04:53 DEBUG [main]->org.mariadb.jdbc.util.log.Slf4JLogger->debug := execute query: set autocommit=0
15:04:53 DEBUG [main]->org.mariadb.jdbc.util.log.Slf4JLogger->debug := System variable change:  autocommit = OFF
15:04:53 DEBUG [main]->org.mariadb.jdbc.util.log.Slf4JLogger->debug := execute query: select p1_0.Curso_nombre,p1_1.nombre,p1_1.cantidadHoras,p1_1.categorias,p1_1.creditos,p1_1.descripcion,p1_1.duracion,p1_1.fechaRegistro,i1_0.nombre,p1_1.url from Previas p1_0 join Curso p1_1 on p1_1.nombre=p1_0.previas_nombre left join Instituto i1_0 on i1_0.nombre=p1_1.instituto_nombre where p1_0.Curso_nombre=?
15:04:53 DEBUG [main]->org.mariadb.jdbc.util.log.Slf4JLogger->debug := execute query: set autocommit=1
15:04:53 DEBUG [main]->org.mariadb.jdbc.util.log.Slf4JLogger->debug := System variable change:  autocommit = ON
15:04:53 DEBUG [main]->org.mariadb.jdbc.util.log.Slf4JLogger->debug := execute query: set autocommit=0
15:04:53 DEBUG [main]->org.mariadb.jdbc.util.log.Slf4JLogger->debug := System variable change:  autocommit = OFF
15:04:53 DEBUG [main]->org.mariadb.jdbc.util.log.Slf4JLogger->debug := execute query: select p1_0.Curso_nombre,p1_1.nombre,p1_1.cantidadHoras,p1_1.categorias,p1_1.creditos,p1_1.descripcion,p1_1.duracion,p1_1.fechaRegistro,i1_0.nombre,p1_1.url from Previas p1_0 join Curso p1_1 on p1_1.nombre=p1_0.previas_nombre left join Instituto i1_0 on i1_0.nombre=p1_1.instituto_nombre where p1_0.Curso_nombre=?
15:04:53 DEBUG [main]->org.mariadb.jdbc.util.log.Slf4JLogger->debug := execute query: set autocommit=1
15:04:53 DEBUG [main]->org.mariadb.jdbc.util.log.Slf4JLogger->debug := System variable change:  autocommit = ON
15:04:53 DEBUG [main]->org.mariadb.jdbc.util.log.Slf4JLogger->debug := execute query: set autocommit=0
15:04:53 DEBUG [main]->org.mariadb.jdbc.util.log.Slf4JLogger->debug := System variable change:  autocommit = OFF
15:04:53 DEBUG [main]->org.mariadb.jdbc.util.log.Slf4JLogger->debug := execute query: select c1_0.nombre,c1_0.cantidadHoras,c1_0.categorias,c1_0.creditos,c1_0.descripcion,c1_0.duracion,c1_0.fechaRegistro,i1_0.nombre,c1_0.url from Curso c1_0 left join Instituto i1_0 on i1_0.nombre=c1_0.instituto_nombre where c1_0.nombre=?
15:04:53 DEBUG [main]->org.mariadb.jdbc.util.log.Slf4JLogger->debug := execute query: select i1_0.nombre from Instituto i1_0 where i1_0.nombre=?
15:04:53 DEBUG [main]->org.mariadb.jdbc.util.log.Slf4JLogger->debug := execute query: select c1_0.nombre,c1_0.cantidadHoras,c1_0.categorias,c1_0.creditos,c1_0.descripcion,c1_0.duracion,c1_0.fechaRegistro,i1_0.nombre,c1_0.url from Curso c1_0 left join Instituto i1_0 on i1_0.nombre=c1_0.instituto_nombre where c1_0.nombre=?
15:04:53 DEBUG [main]->org.mariadb.jdbc.util.log.Slf4JLogger->debug := execute query: ROLLBACK
15:04:53 DEBUG [main]->org.mariadb.jdbc.util.log.Slf4JLogger->debug := execute query: set autocommit=1
15:04:53 DEBUG [main]->org.mariadb.jdbc.util.log.Slf4JLogger->debug := System variable change:  autocommit = ON
15:04:53 DEBUG [main]->org.mariadb.jdbc.util.log.Slf4JLogger->debug := execute query: set autocommit=0
15:04:53 DEBUG [main]->org.mariadb.jdbc.util.log.Slf4JLogger->debug := System variable change:  autocommit = OFF
15:04:53 DEBUG [main]->org.mariadb.jdbc.util.log.Slf4JLogger->debug := execute query: select i1_0.nombre from Instituto i1_0 where i1_0.nombre=?
15:04:53 DEBUG [main]->org.mariadb.jdbc.util.log.Slf4JLogger->debug := execute query: ROLLBACK
15:04:53 DEBUG [main]->org.mariadb.jdbc.util.log.Slf4JLogger->debug := execute query: set autocommit=1
15:04:53 DEBUG [main]->org.mariadb.jdbc.util.log.Slf4JLogger->debug := System variable change:  autocommit = ON
15:04:53 DEBUG [main]->org.mariadb.jdbc.util.log.Slf4JLogger->debug := execute query: set autocommit=0
15:04:53 DEBUG [main]->org.mariadb.jdbc.util.log.Slf4JLogger->debug := System variable change:  autocommit = OFF
15:04:53 DEBUG [main]->org.mariadb.jdbc.util.log.Slf4JLogger->debug := execute query: select i1_0.nombre from Instituto i1_0
15:04:53 DEBUG [main]->org.mariadb.jdbc.util.log.Slf4JLogger->debug := execute query: set autocommit=1
15:04:53 DEBUG [main]->org.mariadb.jdbc.util.log.Slf4JLogger->debug := System variable change:  autocommit = ON
15:04:53 DEBUG [main]->org.mariadb.jdbc.util.log.Slf4JLogger->debug := execute query: set autocommit=0
15:04:53 DEBUG [main]->org.mariadb.jdbc.util.log.Slf4JLogger->debug := System variable change:  autocommit = OFF
15:04:53 DEBUG [main]->org.mariadb.jdbc.util.log.Slf4JLogger->debug := execute query: select c1_0.nombre,c1_0.cantidadHoras,c1_0.categorias,c1_0.creditos,c1_0.descripcion,c1_0.duracion,c1_0.fechaRegistro,i1_0.nombre,c1_0.url from Curso c1_0 left join Instituto i1_0 on i1_0.nombre=c1_0.instituto_nombre where c1_0.nombre=?
15:04:53 DEBUG [main]->org.mariadb.jdbc.util.log.Slf4JLogger->debug := execute query: select i1_0.nombre from Instituto i1_0 where i1_0.nombre=?
15:04:53 DEBUG [main]->org.mariadb.jdbc.util.log.Slf4JLogger->debug := execute query: ROLLBACK
15:04:53 DEBUG [main]->org.mariadb.jdbc.util.log.Slf4JLogger->debug := execute query: set autocommit=1
15:04:53 DEBUG [main]->org.mariadb.jdbc.util.log.Slf4JLogger->debug := System variable change:  autocommit = ON
15:04:53 DEBUG [main]->org.mariadb.jdbc.util.log.Slf4JLogger->debug := execute query: set autocommit=0
15:04:53 DEBUG [main]->org.mariadb.jdbc.util.log.Slf4JLogger->debug := System variable change:  autocommit = OFF
15:04:53 DEBUG [main]->org.mariadb.jdbc.util.log.Slf4JLogger->debug := execute query: select e1_0.nombre from Edicion e1_0 where e1_0.curso_nombre=?
15:04:53 DEBUG [main]->org.mariadb.jdbc.util.log.Slf4JLogger->debug := execute query: set autocommit=1
15:04:53 DEBUG [main]->org.mariadb.jdbc.util.log.Slf4JLogger->debug := System variable change:  autocommit = ON
15:04:53 DEBUG [main]->org.mariadb.jdbc.util.log.Slf4JLogger->debug := execute query: set autocommit=0
15:04:53 DEBUG [main]->org.mariadb.jdbc.util.log.Slf4JLogger->debug := System variable change:  autocommit = OFF
15:04:53 DEBUG [main]->org.mariadb.jdbc.util.log.Slf4JLogger->debug := execute query: select pf1_0.nombre,pf1_0.descripcion,pf1_0.fechaFin,pf1_0.fechaInicio,pf1_0.fechaRegistro from ProgramaFormacion pf1_0 where pf1_0.nombre=?
15:04:53 DEBUG [main]->org.mariadb.jdbc.util.log.Slf4JLogger->debug := execute query: set autocommit=1
15:04:53 DEBUG [main]->org.mariadb.jdbc.util.log.Slf4JLogger->debug := System variable change:  autocommit = ON
15:04:53 DEBUG [main]->org.mariadb.jdbc.util.log.Slf4JLogger->debug := execute query: set autocommit=0
15:04:53 DEBUG [main]->org.mariadb.jdbc.util.log.Slf4JLogger->debug := System variable change:  autocommit = OFF
15:04:53 DEBUG [main]->org.mariadb.jdbc.util.log.Slf4JLogger->debug := execute query: insert into ProgramaFormacion (descripcion,fechaFin,fechaInicio,fechaRegistro,nombre) values (?,?,?,?,?)
15:04:53 DEBUG [main]->org.mariadb.jdbc.util.log.Slf4JLogger->debug := execute query: COMMIT
15:04:53 DEBUG [main]->org.mariadb.jdbc.util.log.Slf4JLogger->debug := execute query: set autocommit=1
15:04:53 DEBUG [main]->org.mariadb.jdbc.util.log.Slf4JLogger->debug := System variable change:  autocommit = ON
15:04:53 DEBUG [main]->org.mariadb.jdbc.util.log.Slf4JLogger->debug := execute query: set autocommit=0
15:04:53 DEBUG [main]->org.mariadb.jdbc.util.log.Slf4JLogger->debug := System variable change:  autocommit = OFF
15:04:53 DEBUG [main]->org.mariadb.jdbc.util.log.Slf4JLogger->debug := execute query: select pf1_0.nombre,pf1_0.descripcion,pf1_0.fechaFin,pf1_0.fechaInicio,pf1_0.fechaRegistro from ProgramaFormacion pf1_0 where pf1_0.nombre=?
15:04:53 DEBUG [main]->org.mariadb.jdbc.util.log.Slf4JLogger->debug := execute query: set autocommit=1
15:04:53 DEBUG [main]->org.mariadb.jdbc.util.log.Slf4JLogger->debug := System variable change:  autocommit = ON
15:04:53 DEBUG [main]->org.mariadb.jdbc.util.log.Slf4JLogger->debug := execute query: set autocommit=0
15:04:53 DEBUG [main]->org.mariadb.jdbc.util.log.Slf4JLogger->debug := System variable change:  autocommit = OFF
15:04:53 DEBUG [main]->org.mariadb.jdbc.util.log.Slf4JLogger->debug := execute query: select u1_0.nickname,u1_0.tipo_usuario,u1_0.apellido,u1_0.email,u1_0.fNacimiento,u1_0.imagen,u1_0.nombre,u1_0.password from Usuario u1_0 where u1_0.nickname=?
15:04:53 DEBUG [main]->org.mariadb.jdbc.util.log.Slf4JLogger->debug := execute query: select u1_0.nickname,u1_0.tipo_usuario,u1_0.apellido,u1_0.email,u1_0.fNacimiento,u1_0.imagen,u1_0.nombre,u1_0.password from Usuario u1_0 where u1_0.email=?
15:04:53 DEBUG [main]->org.mariadb.jdbc.util.log.Slf4JLogger->debug := execute query: insert into Usuario (apellido,email,fNacimiento,imagen,nombre,password,tipo_usuario,nickname) values (?,?,?,?,?,?,'ESTUDIANTE',?)
15:04:53 DEBUG [main]->org.mariadb.jdbc.util.log.Slf4JLogger->debug := execute query: COMMIT
15:04:53 DEBUG [main]->org.mariadb.jdbc.util.log.Slf4JLogger->debug := execute query: set autocommit=1
15:04:53 DEBUG [main]->org.mariadb.jdbc.util.log.Slf4JLogger->debug := System variable change:  autocommit = ON
15:04:53 DEBUG [main]->org.mariadb.jdbc.util.log.Slf4JLogger->debug := execute query: set autocommit=0
15:04:53 DEBUG [main]->org.mariadb.jdbc.util.log.Slf4JLogger->debug := System variable change:  autocommit = OFF
15:04:53 DEBUG [main]->org.mariadb.jdbc.util.log.Slf4JLogger->debug := execute query: select u1_0.nickname,u1_0.tipo_usuario,u1_0.apellido,u1_0.email,u1_0.fNacimiento,u1_0.imagen,u1_0.nombre,u1_0.password from Usuario u1_0 where u1_0.nickname=?
15:04:53 DEBUG [main]->org.mariadb.jdbc.util.log.Slf4JLogger->debug := execute query: select u1_0.nickname,u1_0.tipo_usuario,u1_0.apellido,u1_0.email,u1_0.fNacimiento,u1_0.imagen,u1_0.nombre,u1_0.password from Usuario u1_0 where u1_0.email=?
15:04:53 DEBUG [main]->org.mariadb.jdbc.util.log.Slf4JLogger->debug := execute query: ROLLBACK
15:04:53 DEBUG [main]->org.mariadb.jdbc.util.log.Slf4JLogger->debug := execute query: set autocommit=1
15:04:53 DEBUG [main]->org.mariadb.jdbc.util.log.Slf4JLogger->debug := System variable change:  autocommit = ON
15:04:53 DEBUG [main]->org.mariadb.jdbc.util.log.Slf4JLogger->debug := execute query: set autocommit=0
15:04:53 DEBUG [main]->org.mariadb.jdbc.util.log.Slf4JLogger->debug := System variable change:  autocommit = OFF
15:04:53 DEBUG [main]->org.mariadb.jdbc.util.log.Slf4JLogger->debug := execute query: select u1_0.nickname,u1_0.tipo_usuario,u1_0.apellido,u1_0.email,u1_0.fNacimiento,u1_0.imagen,u1_0.nombre,u1_0.password from Usuario u1_0 where u1_0.nickname=?
15:04:53 DEBUG [main]->org.mariadb.jdbc.util.log.Slf4JLogger->debug := execute query: set autocommit=1
15:04:53 DEBUG [main]->org.mariadb.jdbc.util.log.Slf4JLogger->debug := System variable change:  autocommit = ON
15:04:53 DEBUG [main]->org.mariadb.jdbc.util.log.Slf4JLogger->debug := execute query: set autocommit=0
15:04:53 DEBUG [main]->org.mariadb.jdbc.util.log.Slf4JLogger->debug := System variable change:  autocommit = OFF
15:04:53 DEBUG [main]->org.mariadb.jdbc.util.log.Slf4JLogger->debug := execute query: select distinct pf1_0.nombre,pf1_0.descripcion,pf1_0.fechaFin,pf1_0.fechaInicio,pf1_0.fechaRegistro from ProgramaFormacion pf1_0 join Integra c1_0 on pf1_0.nombre=c1_0.programa where c1_0.curso in (select distinct e1_0.curso_nombre from Edicion e1_0 join Organiza d1_0 on e1_0.nombre=d1_0.edicion_nombre where d1_0.docente_nickname=?)
15:04:53 DEBUG [main]->org.mariadb.jdbc.util.log.Slf4JLogger->debug := execute query: set autocommit=1
15:04:53 DEBUG [main]->org.mariadb.jdbc.util.log.Slf4JLogger->debug := System variable change:  autocommit = ON
15:04:53 DEBUG [main]->org.mariadb.jdbc.util.log.Slf4JLogger->debug := execute query: set autocommit=0
15:04:53 DEBUG [main]->org.mariadb.jdbc.util.log.Slf4JLogger->debug := System variable change:  autocommit = OFF
15:04:53 DEBUG [main]->org.mariadb.jdbc.util.log.Slf4JLogger->debug := execute query: select u1_0.nickname,u1_0.tipo_usuario,u1_0.apellido,u1_0.email,u1_0.fNacimiento,u1_0.imagen,u1_0.nombre,u1_0.password from Usuario u1_0 where u1_0.nickname=?
15:04:53 DEBUG [main]->org.mariadb.jdbc.util.log.Slf4JLogger->debug := execute query: set autocommit=1
15:04:53 DEBUG [main]->org.mariadb.jdbc.util.log.Slf4JLogger->debug := System variable change:  autocommit = ON
15:04:53 DEBUG [main]->org.mariadb.jdbc.util.log.Slf4JLogger->debug := execute query: set autocommit=0
15:04:53 DEBUG [main]->org.mariadb.jdbc.util.log.Slf4JLogger->debug := System variable change:  autocommit = OFF
15:04:53 DEBUG [main]->org.mariadb.jdbc.util.log.Slf4JLogger->debug := execute query: select e1_0.nickname,e1_0.apellido,e1_0.email,e1_0.fNacimiento,e1_0.imagen,e1_0.nombre,e1_0.password from Usuario e1_0 where e1_0.tipo_usuario='ESTUDIANTE' and e1_0.nickname=?
15:04:53 DEBUG [main]->org.mariadb.jdbc.util.log.Slf4JLogger->debug := execute query: select e1_0.nombre,e1_0.cupo,e1_0.curso_nombre,c1_0.nombre,c1_0.cantidadHoras,c1_0.categorias,c1_0.creditos,c1_0.descripcion,c1_0.duracion,c1_0.fechaRegistro,i1_0.nombre,c1_0.url,e1_0.fechaFin,e1_0.fechaInicio,e1_0.fechaPublicacion from Edicion e1_0 join Curso c1_0 on c1_0.nombre=e1_0.curso_nombre left join Instituto i1_0 on i1_0.nombre=c1_0.instituto_nombre where e1_0.nombre=?
15:04:53 DEBUG [main]->org.mariadb.jdbc.util.log.Slf4JLogger->debug := execute query: select ie1_0.edicion_nombre,e1_0.nombre,e1_0.cupo,e1_0.curso_nombre,c1_0.nombre,c1_0.cantidadHoras,c1_0.categorias,c1_0.creditos,c1_0.descripcion,c1_0.duracion,c1_0.fechaRegistro,c1_0.instituto_nombre,c1_0.url,e1_0.fechaFin,e1_0.fechaInicio,e1_0.fechaPublicacion,ie1_0.estudiante_nickname,e2_0.nickname,e2_0.apellido,e2_0.email,e2_0.fNacimiento,e2_0.imagen,e2_0.nombre,e2_0.password,ie1_0.estado,ie1_0.fechaInscripcion from InscripcionEdicion ie1_0 join Edicion e1_0 on e1_0.nombre=ie1_0.edicion_nombre left join Curso c1_0 on c1_0.nombre=e1_0.curso_nombre join (select * from Usuario t where t.tipo_usuario='ESTUDIANTE') e2_0 on e2_0.nickname=ie1_0.estudiante_nickname where (ie1_0.edicion_nombre,ie1_0.estudiante_nickname) in ((?,?))
15:04:53 DEBUG [main]->org.mariadb.jdbc.util.log.Slf4JLogger->debug := execute query: CREATE DATABASE IF NOT EXISTS `edext`
15:04:53 DEBUG [main]->org.mariadb.jdbc.util.log.Slf4JLogger->debug := execute query: USE `edext`
15:04:53 DEBUG [main]->org.mariadb.jdbc.util.log.Slf4JLogger->debug := execute query: SET NAMES utf8mb4
15:04:53 DEBUG [main]->org.mariadb.jdbc.util.log.Slf4JLogger->debug := Database change: is 'edext'
15:04:53 DEBUG [main]->org.mariadb.jdbc.util.log.Slf4JLogger->debug := System variable change:  character_set_client = utf8mb4
15:04:53 DEBUG [main]->org.mariadb.jdbc.util.log.Slf4JLogger->debug := System variable change:  character_set_connection = utf8mb4
15:04:53 DEBUG [main]->org.mariadb.jdbc.util.log.Slf4JLogger->debug := System variable change:  character_set_results = utf8mb4
15:04:53 DEBUG [main]->org.mariadb.jdbc.util.log.Slf4JLogger->debug := execute query: set autocommit=0
15:04:53 DEBUG [main]->org.mariadb.jdbc.util.log.Slf4JLogger->debug := System variable change:  autocommit = OFF
15:04:53 DEBUG [main]->org.mariadb.jdbc.util.log.Slf4JLogger->debug := execute query: select ie1_0.estudiante_nickname from InscripcionEdicion ie1_0 where ie1_0.edicion_nombre=?
15:04:53 DEBUG [main]->org.mariadb.jdbc.util.log.Slf4JLogger->debug := execute query: set autocommit=1
15:04:53 DEBUG [main]->org.mariadb.jdbc.util.log.Slf4JLogger->debug := System variable change:  autocommit = ON
15:04:53 DEBUG [main]->org.mariadb.jdbc.util.log.Slf4JLogger->debug := execute query: set autocommit=0
15:04:53 DEBUG [main]->org.mariadb.jdbc.util.log.Slf4JLogger->debug := System variable change:  autocommit = OFF
15:04:53 DEBUG [main]->org.mariadb.jdbc.util.log.Slf4JLogger->debug := execute query: select u1_0.nickname,u1_0.tipo_usuario,u1_0.apellido,u1_0.email,u1_0.fNacimiento,u1_0.imagen,u1_0.nombre,u1_0.password from Usuario u1_0 where u1_0.email=?
15:04:53 DEBUG [main]->org.mariadb.jdbc.util.log.Slf4JLogger->debug := execute query: set autocommit=1
15:04:53 DEBUG [main]->org.mariadb.jdbc.util.log.Slf4JLogger->debug := System variable change:  autocommit = ON
15:04:53 DEBUG [main]->org.mariadb.jdbc.util.log.Slf4JLogger->debug := execute query: set autocommit=0
15:04:53 DEBUG [main]->org.mariadb.jdbc.util.log.Slf4JLogger->debug := System variable change:  autocommit = OFF
15:04:53 DEBUG [main]->org.mariadb.jdbc.util.log.Slf4JLogger->debug := execute query: select pf1_0.nombre,pf1_0.descripcion,pf1_0.fechaFin,pf1_0.fechaInicio,pf1_0.fechaRegistro from ProgramaFormacion pf1_0 where pf1_0.nombre=?
15:04:53 DEBUG [main]->org.mariadb.jdbc.util.log.Slf4JLogger->debug := execute query: select c1_0.nombre,c1_0.cantidadHoras,c1_0.categorias,c1_0.creditos,c1_0.descripcion,c1_0.duracion,c1_0.fechaRegistro,i1_0.nombre,c1_0.url from Curso c1_0 left join Instituto i1_0 on i1_0.nombre=c1_0.instituto_nombre where c1_0.nombre=?
15:04:53 DEBUG [main]->org.mariadb.jdbc.util.log.Slf4JLogger->debug := execute query: select c1_0.programa,c1_1.nombre,c1_1.cantidadHoras,c1_1.categorias,c1_1.creditos,c1_1.descripcion,c1_1.duracion,c1_1.fechaRegistro,i1_0.nombre,c1_1.url from Integra c1_0 join Curso c1_1 on c1_1.nombre=c1_0.curso left join Instituto i1_0 on i1_0.nombre=c1_1.instituto_nombre where c1_0.programa=?
15:04:53 DEBUG [main]->org.mariadb.jdbc.util.log.Slf4JLogger->debug := execute query: insert into Integra (programa,curso) values (?,?)
15:04:53 DEBUG [main]->org.mariadb.jdbc.util.log.Slf4JLogger->debug := execute query: COMMIT
15:04:53 DEBUG [main]->org.mariadb.jdbc.util.log.Slf4JLogger->debug := execute query: set autocommit=1
15:04:53 DEBUG [main]->org.mariadb.jdbc.util.log.Slf4JLogger->debug := System variable change:  autocommit = ON
15:04:53 DEBUG [main]->org.mariadb.jdbc.util.log.Slf4JLogger->debug := execute query: set autocommit=0
15:04:53 DEBUG [main]->org.mariadb.jdbc.util.log.Slf4JLogger->debug := System variable change:  autocommit = OFF
15:04:53 DEBUG [main]->org.mariadb.jdbc.util.log.Slf4JLogger->debug := execute query: select pf1_0.nombre,pf1_0.descripcion,pf1_0.fechaFin,pf1_0.fechaInicio,pf1_0.fechaRegistro from ProgramaFormacion pf1_0 where pf1_0.nombre=?
15:04:53 DEBUG [main]->org.mariadb.jdbc.util.log.Slf4JLogger->debug := execute query: set autocommit=1
15:04:53 DEBUG [main]->org.mariadb.jdbc.util.log.Slf4JLogger->debug := System variable change:  autocommit = ON
15:04:53 DEBUG [main]->org.mariadb.jdbc.util.log.Slf4JLogger->debug := execute query: set autocommit=0
15:04:53 DEBUG [main]->org.mariadb.jdbc.util.log.Slf4JLogger->debug := System variable change:  autocommit = OFF
15:04:53 DEBUG [main]->org.mariadb.jdbc.util.log.Slf4JLogger->debug := execute query: select c1_0.programa,c1_1.nombre,c1_1.cantidadHoras,c1_1.categorias,c1_1.creditos,c1_1.descripcion,c1_1.duracion,c1_1.fechaRegistro,i1_0.nombre,c1_1.url from Integra c1_0 join Curso c1_1 on c1_1.nombre=c1_0.curso left join Instituto i1_0 on i1_0.nombre=c1_1.instituto_nombre where c1_0.programa=?
15:04:53 DEBUG [main]->org.mariadb.jdbc.util.log.Slf4JLogger->debug := execute query: set autocommit=1
15:04:53 DEBUG [main]->org.mariadb.jdbc.util.log.Slf4JLogger->debug := System variable change:  autocommit = ON
15:04:53 DEBUG [main]->org.mariadb.jdbc.util.log.Slf4JLogger->debug := execute query: set autocommit=0
15:04:53 DEBUG [main]->org.mariadb.jdbc.util.log.Slf4JLogger->debug := System variable change:  autocommit = OFF
15:04:53 DEBUG [main]->org.mariadb.jdbc.util.log.Slf4JLogger->debug := execute query: select p1_0.Curso_nombre,p1_1.nombre,p1_1.cantidadHoras,p1_1.categorias,p1_1.creditos,p1_1.descripcion,p1_1.duracion,p1_1.fechaRegistro,i1_0.nombre,p1_1.url from Previas p1_0 join Curso p1_1 on p1_1.nombre=p1_0.previas_nombre left join Instituto i1_0 on i1_0.nombre=p1_1.instituto_nombre where p1_0.Curso_nombre=?
15:04:53 DEBUG [main]->org.mariadb.jdbc.util.log.Slf4JLogger->debug := execute query: set autocommit=1
15:04:53 DEBUG [main]->org.mariadb.jdbc.util.log.Slf4JLogger->debug := System variable change:  autocommit = ON
15:04:53 DEBUG [main]->org.mariadb.jdbc.util.log.Slf4JLogger->debug := execute query: set autocommit=0
15:04:53 DEBUG [main]->org.mariadb.jdbc.util.log.Slf4JLogger->debug := System variable change:  autocommit = OFF
15:04:53 DEBUG [main]->org.mariadb.jdbc.util.log.Slf4JLogger->debug := execute query: select p1_0.Curso_nombre,p1_1.nombre,p1_1.cantidadHoras,p1_1.categorias,p1_1.creditos,p1_1.descripcion,p1_1.duracion,p1_1.fechaRegistro,i1_0.nombre,p1_1.url from Previas p1_0 join Curso p1_1 on p1_1.nombre=p1_0.previas_nombre left join Instituto i1_0 on i1_0.nombre=p1_1.instituto_nombre where p1_0.Curso_nombre=?
15:04:53 DEBUG [main]->org.mariadb.jdbc.util.log.Slf4JLogger->debug := execute query: set autocommit=1
15:04:53 DEBUG [main]->org.mariadb.jdbc.util.log.Slf4JLogger->debug := System variable change:  autocommit = ON
15:04:53 DEBUG [main]->org.mariadb.jdbc.util.log.Slf4JLogger->debug := execute query: set autocommit=0
15:04:53 DEBUG [main]->org.mariadb.jdbc.util.log.Slf4JLogger->debug := System variable change:  autocommit = OFF
15:04:53 DEBUG [main]->org.mariadb.jdbc.util.log.Slf4JLogger->debug := execute query: select p1_0.Curso_nombre,p1_1.nombre,p1_1.cantidadHoras,p1_1.categorias,p1_1.creditos,p1_1.descripcion,p1_1.duracion,p1_1.fechaRegistro,i1_0.nombre,p1_1.url from Previas p1_0 join Curso p1_1 on p1_1.nombre=p1_0.previas_nombre left join Instituto i1_0 on i1_0.nombre=p1_1.instituto_nombre where p1_0.Curso_nombre=?
15:04:53 DEBUG [main]->org.mariadb.jdbc.util.log.Slf4JLogger->debug := execute query: set autocommit=1
15:04:53 DEBUG [main]->org.mariadb.jdbc.util.log.Slf4JLogger->debug := System variable change:  autocommit = ON
15:04:53 DEBUG [main]->org.mariadb.jdbc.util.log.Slf4JLogger->debug := execute query: set autocommit=0
15:04:53 DEBUG [main]->org.mariadb.jdbc.util.log.Slf4JLogger->debug := System variable change:  autocommit = OFF
15:04:53 DEBUG [main]->org.mariadb.jdbc.util.log.Slf4JLogger->debug := execute query: select p1_0.Curso_nombre,p1_1.nombre,p1_1.cantidadHoras,p1_1.categorias,p1_1.creditos,p1_1.descripcion,p1_1.duracion,p1_1.fechaRegistro,i1_0.nombre,p1_1.url from Previas p1_0 join Curso p1_1 on p1_1.nombre=p1_0.previas_nombre left join Instituto i1_0 on i1_0.nombre=p1_1.instituto_nombre where p1_0.Curso_nombre=?
15:04:53 DEBUG [main]->org.mariadb.jdbc.util.log.Slf4JLogger->debug := execute query: set autocommit=1
15:04:53 DEBUG [main]->org.mariadb.jdbc.util.log.Slf4JLogger->debug := System variable change:  autocommit = ON
15:04:53 DEBUG [main]->org.mariadb.jdbc.util.log.Slf4JLogger->debug := execute query: set autocommit=0
15:04:53 DEBUG [main]->org.mariadb.jdbc.util.log.Slf4JLogger->debug := System variable change:  autocommit = OFF
15:04:53 DEBUG [main]->org.mariadb.jdbc.util.log.Slf4JLogger->debug := execute query: select p1_0.Curso_nombre,p1_1.nombre,p1_1.cantidadHoras,p1_1.categorias,p1_1.creditos,p1_1.descripcion,p1_1.duracion,p1_1.fechaRegistro,i1_0.nombre,p1_1.url from Previas p1_0 join Curso p1_1 on p1_1.nombre=p1_0.previas_nombre left join Instituto i1_0 on i1_0.nombre=p1_1.instituto_nombre where p1_0.Curso_nombre=?
15:04:53 DEBUG [main]->org.mariadb.jdbc.util.log.Slf4JLogger->debug := execute query: set autocommit=1
15:04:53 DEBUG [main]->org.mariadb.jdbc.util.log.Slf4JLogger->debug := System variable change:  autocommit = ON
15:04:53 DEBUG [main]->org.mariadb.jdbc.util.log.Slf4JLogger->debug := execute query: set autocommit=0
15:04:53 DEBUG [main]->org.mariadb.jdbc.util.log.Slf4JLogger->debug := System variable change:  autocommit = OFF
15:04:53 DEBUG [main]->org.mariadb.jdbc.util.log.Slf4JLogger->debug := execute query: select u1_0.nickname,u1_0.tipo_usuario,u1_0.apellido,u1_0.email,u1_0.fNacimiento,u1_0.imagen,u1_0.nombre,u1_0.password from Usuario u1_0 where u1_0.nickname=?
15:04:53 DEBUG [main]->org.mariadb.jdbc.util.log.Slf4JLogger->debug := execute query: set autocommit=1
15:04:53 DEBUG [main]->org.mariadb.jdbc.util.log.Slf4JLogger->debug := System variable change:  autocommit = ON
15:04:53 DEBUG [main]->org.mariadb.jdbc.util.log.Slf4JLogger->debug := execute query: set autocommit=0
15:04:53 DEBUG [main]->org.mariadb.jdbc.util.log.Slf4JLogger->debug := System variable change:  autocommit = OFF
15:04:53 DEBUG [main]->org.mariadb.jdbc.util.log.Slf4JLogger->debug := execute query: select c1_0.nombre,c1_0.cantidadHoras,c1_0.categorias,c1_0.creditos,c1_0.descripcion,c1_0.duracion,c1_0.fechaRegistro,i1_0.nombre,c1_0.url from Curso c1_0 left join Instituto i1_0 on i1_0.nombre=c1_0.instituto_nombre where c1_0.nombre=?
15:04:53 DEBUG [main]->org.mariadb.jdbc.util.log.Slf4JLogger->debug := execute query: set autocommit=1
15:04:53 DEBUG [main]->org.mariadb.jdbc.util.log.Slf4JLogger->debug := System variable change:  autocommit = ON
15:04:53 DEBUG [main]->org.mariadb.jdbc.util.log.Slf4JLogger->debug := execute query: set autocommit=0
15:04:53 DEBUG [main]->org.mariadb.jdbc.util.log.Slf4JLogger->debug := System variable change:  autocommit = OFF
15:04:53 DEBUG [main]->org.mariadb.jdbc.util.log.Slf4JLogger->debug := execute query: select e1_0.nombre from Edicion e1_0 where e1_0.curso_nombre=?
15:04:53 DEBUG [main]->org.mariadb.jdbc.util.log.Slf4JLogger->debug := execute query: set autocommit=1
15:04:53 DEBUG [main]->org.mariadb.jdbc.util.log.Slf4JLogger->debug := System variable change:  autocommit = ON
15:04:53 DEBUG [main]->org.mariadb.jdbc.util.log.Slf4JLogger->debug := execute query: set autocommit=0
15:04:53 DEBUG [main]->org.mariadb.jdbc.util.log.Slf4JLogger->debug := System variable change:  autocommit = OFF
15:04:53 DEBUG [main]->org.mariadb.jdbc.util.log.Slf4JLogger->debug := execute query: select u1_0.nickname,u1_0.tipo_usuario,u1_0.apellido,u1_0.email,u1_0.fNacimiento,u1_0.imagen,u1_0.nombre,u1_0.password from Usuario u1_0 where u1_0.email=?
15:04:53 DEBUG [main]->org.mariadb.jdbc.util.log.Slf4JLogger->debug := execute query: set autocommit=1
15:04:53 DEBUG [main]->org.mariadb.jdbc.util.log.Slf4JLogger->debug := System variable change:  autocommit = ON
15:04:53 DEBUG [main]->org.mariadb.jdbc.util.log.Slf4JLogger->debug := execute query: set autocommit=0
15:04:53 DEBUG [main]->org.mariadb.jdbc.util.log.Slf4JLogger->debug := System variable change:  autocommit = OFF
15:04:53 DEBUG [main]->org.mariadb.jdbc.util.log.Slf4JLogger->debug := execute query: select pf1_0.nombre,pf1_0.descripcion,pf1_0.fechaFin,pf1_0.fechaInicio,pf1_0.fechaRegistro from ProgramaFormacion pf1_0 where pf1_0.nombre=?
15:04:53 DEBUG [main]->org.mariadb.jdbc.util.log.Slf4JLogger->debug := execute query: set autocommit=1
15:04:53 DEBUG [main]->org.mariadb.jdbc.util.log.Slf4JLogger->debug := System variable change:  autocommit = ON
15:04:53 DEBUG [main]->org.mariadb.jdbc.util.log.Slf4JLogger->debug := execute query: set autocommit=0
15:04:53 DEBUG [main]->org.mariadb.jdbc.util.log.Slf4JLogger->debug := System variable change:  autocommit = OFF
15:04:53 DEBUG [main]->org.mariadb.jdbc.util.log.Slf4JLogger->debug := execute query: insert into ProgramaFormacion (descripcion,fechaFin,fechaInicio,fechaRegistro,nombre) values (?,?,?,?,?)
15:04:53 DEBUG [main]->org.mariadb.jdbc.util.log.Slf4JLogger->debug := execute query: COMMIT
15:04:53 DEBUG [main]->org.mariadb.jdbc.util.log.Slf4JLogger->debug := execute query: set autocommit=1
15:04:53 DEBUG [main]->org.mariadb.jdbc.util.log.Slf4JLogger->debug := System variable change:  autocommit = ON
15:04:53 DEBUG [main]->org.mariadb.jdbc.util.log.Slf4JLogger->debug := execute query: set autocommit=0
15:04:53 DEBUG [main]->org.mariadb.jdbc.util.log.Slf4JLogger->debug := System variable change:  autocommit = OFF
15:04:53 DEBUG [main]->org.mariadb.jdbc.util.log.Slf4JLogger->debug := execute query: select pf1_0.nombre,pf1_0.descripcion,pf1_0.fechaFin,pf1_0.fechaInicio,pf1_0.fechaRegistro from ProgramaFormacion pf1_0
15:04:53 DEBUG [main]->org.mariadb.jdbc.util.log.Slf4JLogger->debug := execute query: set autocommit=1
15:04:53 DEBUG [main]->org.mariadb.jdbc.util.log.Slf4JLogger->debug := System variable change:  autocommit = ON
15:04:53 DEBUG [main]->org.mariadb.jdbc.util.log.Slf4JLogger->debug := execute query: set autocommit=0
15:04:53 DEBUG [main]->org.mariadb.jdbc.util.log.Slf4JLogger->debug := System variable change:  autocommit = OFF
15:04:53 DEBUG [main]->org.mariadb.jdbc.util.log.Slf4JLogger->debug := execute query: select u1_0.nickname,u1_0.tipo_usuario,u1_0.apellido,u1_0.email,u1_0.fNacimiento,u1_0.imagen,u1_0.nombre,u1_0.password from Usuario u1_0 where u1_0.nickname=?
15:04:53 DEBUG [main]->org.mariadb.jdbc.util.log.Slf4JLogger->debug := execute query: select u1_0.nickname,u1_0.tipo_usuario,u1_0.apellido,u1_0.email,u1_0.fNacimiento,u1_0.imagen,u1_0.nombre,u1_0.password from Usuario u1_0 where u1_0.email=?
15:04:53 DEBUG [main]->org.mariadb.jdbc.util.log.Slf4JLogger->debug := execute query: select i1_0.nombre from Instituto i1_0 where i1_0.nombre=?
15:04:53 DEBUG [main]->org.mariadb.jdbc.util.log.Slf4JLogger->debug := execute query: ROLLBACK
15:04:53 DEBUG [main]->org.mariadb.jdbc.util.log.Slf4JLogger->debug := execute query: set autocommit=1
15:04:53 DEBUG [main]->org.mariadb.jdbc.util.log.Slf4JLogger->debug := System variable change:  autocommit = ON
15:04:53 DEBUG [main]->org.mariadb.jdbc.util.log.Slf4JLogger->debug := execute query: set autocommit=0
15:04:53 DEBUG [main]->org.mariadb.jdbc.util.log.Slf4JLogger->debug := System variable change:  autocommit = OFF
15:04:53 DEBUG [main]->org.mariadb.jdbc.util.log.Slf4JLogger->debug := execute query: select pf1_0.nombre,pf1_0.descripcion,pf1_0.fechaFin,pf1_0.fechaInicio,pf1_0.fechaRegistro from ProgramaFormacion pf1_0 where pf1_0.nombre=?
15:04:53 DEBUG [main]->org.mariadb.jdbc.util.log.Slf4JLogger->debug := execute query: select c1_0.nombre,c1_0.cantidadHoras,c1_0.categorias,c1_0.creditos,c1_0.descripcion,c1_0.duracion,c1_0.fechaRegistro,i1_0.nombre,c1_0.url from Curso c1_0 left join Instituto i1_0 on i1_0.nombre=c1_0.instituto_nombre where c1_0.nombre=?
15:04:53 DEBUG [main]->org.mariadb.jdbc.util.log.Slf4JLogger->debug := execute query: ROLLBACK
15:04:53 DEBUG [main]->org.mariadb.jdbc.util.log.Slf4JLogger->debug := execute query: set autocommit=1
15:04:53 DEBUG [main]->org.mariadb.jdbc.util.log.Slf4JLogger->debug := System variable change:  autocommit = ON
15:04:53 DEBUG [main]->org.mariadb.jdbc.util.log.Slf4JLogger->debug := execute query: set autocommit=0
15:04:53 DEBUG [main]->org.mariadb.jdbc.util.log.Slf4JLogger->debug := System variable change:  autocommit = OFF
15:04:53 DEBUG [main]->org.mariadb.jdbc.util.log.Slf4JLogger->debug := execute query: select pf1_0.nombre,pf1_0.descripcion,pf1_0.fechaFin,pf1_0.fechaInicio,pf1_0.fechaRegistro from ProgramaFormacion pf1_0 where pf1_0.nombre=?
15:04:53 DEBUG [main]->org.mariadb.jdbc.util.log.Slf4JLogger->debug := execute query: set autocommit=1
15:04:53 DEBUG [main]->org.mariadb.jdbc.util.log.Slf4JLogger->debug := System variable change:  autocommit = ON
15:04:53 DEBUG [main]->org.mariadb.jdbc.util.log.Slf4JLogger->debug := execute query: set autocommit=0
15:04:53 DEBUG [main]->org.mariadb.jdbc.util.log.Slf4JLogger->debug := System variable change:  autocommit = OFF
15:04:53 DEBUG [main]->org.mariadb.jdbc.util.log.Slf4JLogger->debug := execute query: select c1_0.programa,c1_1.nombre,c1_1.cantidadHoras,c1_1.categorias,c1_1.creditos,c1_1.descripcion,c1_1.duracion,c1_1.fechaRegistro,i1_0.nombre,c1_1.url from Integra c1_0 join Curso c1_1 on c1_1.nombre=c1_0.curso left join Instituto i1_0 on i1_0.nombre=c1_1.instituto_nombre where c1_0.programa=?
15:04:53 DEBUG [main]->org.mariadb.jdbc.util.log.Slf4JLogger->debug := execute query: set autocommit=1
15:04:53 DEBUG [main]->org.mariadb.jdbc.util.log.Slf4JLogger->debug := System variable change:  autocommit = ON
15:04:53 DEBUG [main]->org.mariadb.jdbc.util.log.Slf4JLogger->debug := execute query: set autocommit=0
15:04:53 DEBUG [main]->org.mariadb.jdbc.util.log.Slf4JLogger->debug := System variable change:  autocommit = OFF
15:04:53 DEBUG [main]->org.mariadb.jdbc.util.log.Slf4JLogger->debug := execute query: select p1_0.Curso_nombre,p1_1.nombre,p1_1.cantidadHoras,p1_1.categorias,p1_1.creditos,p1_1.descripcion,p1_1.duracion,p1_1.fechaRegistro,i1_0.nombre,p1_1.url from Previas p1_0 join Curso p1_1 on p1_1.nombre=p1_0.previas_nombre left join Instituto i1_0 on i1_0.nombre=p1_1.instituto_nombre where p1_0.Curso_nombre=?
15:04:53 DEBUG [main]->org.mariadb.jdbc.util.log.Slf4JLogger->debug := execute query: set autocommit=1
15:04:53 DEBUG [main]->org.mariadb.jdbc.util.log.Slf4JLogger->debug := System variable change:  autocommit = ON
15:04:53 DEBUG [main]->org.mariadb.jdbc.util.log.Slf4JLogger->debug := execute query: set autocommit=0
15:04:53 DEBUG [main]->org.mariadb.jdbc.util.log.Slf4JLogger->debug := System variable change:  autocommit = OFF
15:04:53 DEBUG [main]->org.mariadb.jdbc.util.log.Slf4JLogger->debug := execute query: select p1_0.Curso_nombre,p1_1.nombre,p1_1.cantidadHoras,p1_1.categorias,p1_1.creditos,p1_1.descripcion,p1_1.duracion,p1_1.fechaRegistro,i1_0.nombre,p1_1.url from Previas p1_0 join Curso p1_1 on p1_1.nombre=p1_0.previas_nombre left join Instituto i1_0 on i1_0.nombre=p1_1.instituto_nombre where p1_0.Curso_nombre=?
15:04:53 DEBUG [main]->org.mariadb.jdbc.util.log.Slf4JLogger->debug := execute query: set autocommit=1
15:04:53 DEBUG [main]->org.mariadb.jdbc.util.log.Slf4JLogger->debug := System variable change:  autocommit = ON
15:04:53 DEBUG [main]->org.mariadb.jdbc.util.log.Slf4JLogger->debug := execute query: set autocommit=0
15:04:53 DEBUG [main]->org.mariadb.jdbc.util.log.Slf4JLogger->debug := System variable change:  autocommit = OFF
15:04:53 DEBUG [main]->org.mariadb.jdbc.util.log.Slf4JLogger->debug := execute query: select p1_0.Curso_nombre,p1_1.nombre,p1_1.cantidadHoras,p1_1.categorias,p1_1.creditos,p1_1.descripcion,p1_1.duracion,p1_1.fechaRegistro,i1_0.nombre,p1_1.url from Previas p1_0 join Curso p1_1 on p1_1.nombre=p1_0.previas_nombre left join Instituto i1_0 on i1_0.nombre=p1_1.instituto_nombre where p1_0.Curso_nombre=?
15:04:53 DEBUG [main]->org.mariadb.jdbc.util.log.Slf4JLogger->debug := execute query: set autocommit=1
15:04:53 DEBUG [main]->org.mariadb.jdbc.util.log.Slf4JLogger->debug := System variable change:  autocommit = ON
15:04:53 DEBUG [main]->org.mariadb.jdbc.util.log.Slf4JLogger->debug := execute query: set autocommit=0
15:04:53 DEBUG [main]->org.mariadb.jdbc.util.log.Slf4JLogger->debug := System variable change:  autocommit = OFF
15:04:53 DEBUG [main]->org.mariadb.jdbc.util.log.Slf4JLogger->debug := execute query: select e1_0.nickname,e1_0.apellido,e1_0.email,e1_0.fNacimiento,e1_0.imagen,e1_0.nombre,e1_0.password from Usuario e1_0 where e1_0.tipo_usuario='ESTUDIANTE' and e1_0.nickname=?
15:04:53 DEBUG [main]->org.mariadb.jdbc.util.log.Slf4JLogger->debug := execute query: select e1_0.nombre,e1_0.cupo,e1_0.curso_nombre,c1_0.nombre,c1_0.cantidadHoras,c1_0.categorias,c1_0.creditos,c1_0.descripcion,c1_0.duracion,c1_0.fechaRegistro,i1_0.nombre,c1_0.url,e1_0.fechaFin,e1_0.fechaInicio,e1_0.fechaPublicacion from Edicion e1_0 join Curso c1_0 on c1_0.nombre=e1_0.curso_nombre left join Instituto i1_0 on i1_0.nombre=c1_0.instituto_nombre where e1_0.nombre=?
15:04:53 DEBUG [main]->org.mariadb.jdbc.util.log.Slf4JLogger->debug := execute query: CREATE DATABASE IF NOT EXISTS `edext`
15:04:53 DEBUG [main]->org.mariadb.jdbc.util.log.Slf4JLogger->debug := execute query: USE `edext`
15:04:53 DEBUG [main]->org.mariadb.jdbc.util.log.Slf4JLogger->debug := execute query: SET NAMES utf8mb4
15:04:53 DEBUG [main]->org.mariadb.jdbc.util.log.Slf4JLogger->debug := Database change: is 'edext'
15:04:53 DEBUG [main]->org.mariadb.jdbc.util.log.Slf4JLogger->debug := System variable change:  character_set_client = utf8mb4
15:04:53 DEBUG [main]->org.mariadb.jdbc.util.log.Slf4JLogger->debug := System variable change:  character_set_connection = utf8mb4
15:04:53 DEBUG [main]->org.mariadb.jdbc.util.log.Slf4JLogger->debug := System variable change:  character_set_results = utf8mb4
15:04:53 DEBUG [main]->org.mariadb.jdbc.util.log.Slf4JLogger->debug := execute query: set autocommit=0
15:04:53 DEBUG [main]->org.mariadb.jdbc.util.log.Slf4JLogger->debug := System variable change:  autocommit = OFF
15:04:53 DEBUG [main]->org.mariadb.jdbc.util.log.Slf4JLogger->debug := execute query: select e1_0.nickname from Usuario e1_0 where e1_0.nickname not in (select ie1_0.estudiante_nickname from InscripcionEdicion ie1_0 where ie1_0.edicion_nombre=?) and e1_0.tipo_usuario='ESTUDIANTE'
15:04:53 DEBUG [main]->org.mariadb.jdbc.util.log.Slf4JLogger->debug := execute query: set autocommit=1
15:04:53 DEBUG [main]->org.mariadb.jdbc.util.log.Slf4JLogger->debug := System variable change:  autocommit = ON
15:04:53 DEBUG [main]->org.mariadb.jdbc.util.log.Slf4JLogger->debug := execute query: set autocommit=0
15:04:53 DEBUG [main]->org.mariadb.jdbc.util.log.Slf4JLogger->debug := System variable change:  autocommit = OFF
15:04:53 DEBUG [main]->org.mariadb.jdbc.util.log.Slf4JLogger->debug := execute query: select ie1_0.edicion_nombre,e1_0.nombre,e1_0.cupo,e1_0.curso_nombre,c1_0.nombre,c1_0.cantidadHoras,c1_0.categorias,c1_0.creditos,c1_0.descripcion,c1_0.duracion,c1_0.fechaRegistro,c1_0.instituto_nombre,c1_0.url,e1_0.fechaFin,e1_0.fechaInicio,e1_0.fechaPublicacion,ie1_0.estudiante_nickname,e2_0.nickname,e2_0.apellido,e2_0.email,e2_0.fNacimiento,e2_0.imagen,e2_0.nombre,e2_0.password,ie1_0.estado,ie1_0.fechaInscripcion from InscripcionEdicion ie1_0 join Edicion e1_0 on e1_0.nombre=ie1_0.edicion_nombre left join Curso c1_0 on c1_0.nombre=e1_0.curso_nombre join (select * from Usuario t where t.tipo_usuario='ESTUDIANTE') e2_0 on e2_0.nickname=ie1_0.estudiante_nickname where (ie1_0.edicion_nombre,ie1_0.estudiante_nickname) in ((?,?))
15:04:53 DEBUG [main]->org.mariadb.jdbc.util.log.Slf4JLogger->debug := execute query: CREATE DATABASE IF NOT EXISTS `edext`
15:04:53 DEBUG [main]->org.mariadb.jdbc.util.log.Slf4JLogger->debug := execute query: USE `edext`
15:04:53 DEBUG [main]->org.mariadb.jdbc.util.log.Slf4JLogger->debug := execute query: SET NAMES utf8mb4
15:04:53 DEBUG [main]->org.mariadb.jdbc.util.log.Slf4JLogger->debug := Database change: is 'edext'
15:04:53 DEBUG [main]->org.mariadb.jdbc.util.log.Slf4JLogger->debug := System variable change:  character_set_client = utf8mb4
15:04:53 DEBUG [main]->org.mariadb.jdbc.util.log.Slf4JLogger->debug := System variable change:  character_set_connection = utf8mb4
15:04:53 DEBUG [main]->org.mariadb.jdbc.util.log.Slf4JLogger->debug := System variable change:  character_set_results = utf8mb4
15:04:53 DEBUG [main]->org.mariadb.jdbc.util.log.Slf4JLogger->debug := execute query: set autocommit=0
15:04:53 DEBUG [main]->org.mariadb.jdbc.util.log.Slf4JLogger->debug := System variable change:  autocommit = OFF
15:04:53 DEBUG [main]->org.mariadb.jdbc.util.log.Slf4JLogger->debug := execute query: select ie1_0.edicion_nombre,e1_0.nombre,e1_0.cupo,e1_0.curso_nombre,c1_0.nombre,c1_0.cantidadHoras,c1_0.categorias,c1_0.creditos,c1_0.descripcion,c1_0.duracion,c1_0.fechaRegistro,c1_0.instituto_nombre,c1_0.url,e1_0.fechaFin,e1_0.fechaInicio,e1_0.fechaPublicacion,ie1_0.estudiante_nickname,e2_0.nickname,e2_0.apellido,e2_0.email,e2_0.fNacimiento,e2_0.imagen,e2_0.nombre,e2_0.password,ie1_0.estado,ie1_0.fechaInscripcion from InscripcionEdicion ie1_0 join Edicion e1_0 on e1_0.nombre=ie1_0.edicion_nombre left join Curso c1_0 on c1_0.nombre=e1_0.curso_nombre join (select * from Usuario t where t.tipo_usuario='ESTUDIANTE') e2_0 on e2_0.nickname=ie1_0.estudiante_nickname where (ie1_0.edicion_nombre,ie1_0.estudiante_nickname) in ((?,?))
15:04:53 DEBUG [main]->org.mariadb.jdbc.util.log.Slf4JLogger->debug := execute query: CREATE DATABASE IF NOT EXISTS `edext`
15:04:53 DEBUG [main]->org.mariadb.jdbc.util.log.Slf4JLogger->debug := execute query: USE `edext`
15:04:53 DEBUG [main]->org.mariadb.jdbc.util.log.Slf4JLogger->debug := execute query: SET NAMES utf8mb4
15:04:53 DEBUG [main]->org.mariadb.jdbc.util.log.Slf4JLogger->debug := Database change: is 'edext'
15:04:53 DEBUG [main]->org.mariadb.jdbc.util.log.Slf4JLogger->debug := System variable change:  character_set_client = utf8mb4
15:04:53 DEBUG [main]->org.mariadb.jdbc.util.log.Slf4JLogger->debug := System variable change:  character_set_connection = utf8mb4
15:04:53 DEBUG [main]->org.mariadb.jdbc.util.log.Slf4JLogger->debug := System variable change:  character_set_results = utf8mb4
15:04:53 DEBUG [main]->org.mariadb.jdbc.util.log.Slf4JLogger->debug := execute query: set autocommit=0
15:04:53 DEBUG [main]->org.mariadb.jdbc.util.log.Slf4JLogger->debug := System variable change:  autocommit = OFF
15:04:53 DEBUG [main]->org.mariadb.jdbc.util.log.Slf4JLogger->debug := execute query: select i1_0.nombre from Instituto i1_0
15:04:53 DEBUG [main]->org.mariadb.jdbc.util.log.Slf4JLogger->debug := execute query: set autocommit=1
15:04:53 DEBUG [main]->org.mariadb.jdbc.util.log.Slf4JLogger->debug := System variable change:  autocommit = ON
15:04:53 DEBUG [main]->org.mariadb.jdbc.util.log.Slf4JLogger->debug := execute query: set autocommit=0
15:04:53 DEBUG [main]->org.mariadb.jdbc.util.log.Slf4JLogger->debug := System variable change:  autocommit = OFF
15:04:53 DEBUG [main]->org.mariadb.jdbc.util.log.Slf4JLogger->debug := execute query: select c1_0.nombre,c1_0.cantidadHoras,c1_0.categorias,c1_0.creditos,c1_0.descripcion,c1_0.duracion,c1_0.fechaRegistro,i1_0.nombre,c1_0.url from Curso c1_0 left join Instituto i1_0 on i1_0.nombre=c1_0.instituto_nombre where c1_0.nombre=?
15:04:53 DEBUG [main]->org.mariadb.jdbc.util.log.Slf4JLogger->debug := execute query: select i1_0.nombre from Instituto i1_0 where i1_0.nombre=?
15:04:53 DEBUG [main]->org.mariadb.jdbc.util.log.Slf4JLogger->debug := execute query: insert into Curso (cantidadHoras,categorias,creditos,descripcion,duracion,fechaRegistro,instituto_nombre,url,nombre) values (?,?,?,?,?,?,?,?,?)
15:04:53 DEBUG [main]->org.mariadb.jdbc.util.log.Slf4JLogger->debug := execute query: COMMIT
15:04:53 DEBUG [main]->org.mariadb.jdbc.util.log.Slf4JLogger->debug := execute query: set autocommit=1
15:04:53 DEBUG [main]->org.mariadb.jdbc.util.log.Slf4JLogger->debug := System variable change:  autocommit = ON
15:04:53 DEBUG [main]->org.mariadb.jdbc.util.log.Slf4JLogger->debug := execute query: set autocommit=0
15:04:53 DEBUG [main]->org.mariadb.jdbc.util.log.Slf4JLogger->debug := System variable change:  autocommit = OFF
15:04:53 DEBUG [main]->org.mariadb.jdbc.util.log.Slf4JLogger->debug := execute query: select c1_0.nombre,c1_0.cantidadHoras,c1_0.categorias,c1_0.creditos,c1_0.descripcion,c1_0.duracion,c1_0.fechaRegistro,i1_0.nombre,c1_0.url from Curso c1_0 left join Instituto i1_0 on i1_0.nombre=c1_0.instituto_nombre where c1_0.nombre=?
15:04:53 DEBUG [main]->org.mariadb.jdbc.util.log.Slf4JLogger->debug := execute query: ROLLBACK
15:04:53 DEBUG [main]->org.mariadb.jdbc.util.log.Slf4JLogger->debug := execute query: set autocommit=1
15:04:53 DEBUG [main]->org.mariadb.jdbc.util.log.Slf4JLogger->debug := System variable change:  autocommit = ON
15:04:53 DEBUG [main]->org.mariadb.jdbc.util.log.Slf4JLogger->debug := execute query: set autocommit=0
15:04:53 DEBUG [main]->org.mariadb.jdbc.util.log.Slf4JLogger->debug := System variable change:  autocommit = OFF
15:04:53 DEBUG [main]->org.mariadb.jdbc.util.log.Slf4JLogger->debug := execute query: select c1_0.nombre from Curso c1_0
15:04:53 DEBUG [main]->org.mariadb.jdbc.util.log.Slf4JLogger->debug := execute query: set autocommit=1
15:04:53 DEBUG [main]->org.mariadb.jdbc.util.log.Slf4JLogger->debug := System variable change:  autocommit = ON
15:04:53 DEBUG [main]->org.mariadb.jdbc.util.log.Slf4JLogger->debug := execute query: set autocommit=0
15:04:53 DEBUG [main]->org.mariadb.jdbc.util.log.Slf4JLogger->debug := System variable change:  autocommit = OFF
15:04:53 DEBUG [main]->org.mariadb.jdbc.util.log.Slf4JLogger->debug := execute query: select u1_0.nickname,u1_0.tipo_usuario,u1_0.apellido,u1_0.email,u1_0.fNacimiento,u1_0.imagen,u1_0.nombre,u1_0.password from Usuario u1_0 where u1_0.nickname=?
15:04:53 DEBUG [main]->org.mariadb.jdbc.util.log.Slf4JLogger->debug := execute query: set autocommit=1
15:04:53 DEBUG [main]->org.mariadb.jdbc.util.log.Slf4JLogger->debug := System variable change:  autocommit = ON
15:04:53 DEBUG [main]->org.mariadb.jdbc.util.log.Slf4JLogger->debug := execute query: set autocommit=0
15:04:53 DEBUG [main]->org.mariadb.jdbc.util.log.Slf4JLogger->debug := System variable change:  autocommit = OFF
15:04:53 DEBUG [main]->org.mariadb.jdbc.util.log.Slf4JLogger->debug := execute query: select u1_0.nickname,u1_0.tipo_usuario,u1_0.apellido,u1_0.email,u1_0.fNacimiento,u1_0.imagen,u1_0.nombre,u1_0.password from Usuario u1_0 where u1_0.nickname=?
15:04:53 DEBUG [main]->org.mariadb.jdbc.util.log.Slf4JLogger->debug := execute query: select u1_0.nickname,u1_0.tipo_usuario,u1_0.apellido,u1_0.email,u1_0.fNacimiento,u1_0.imagen,u1_0.nombre,u1_0.password from Usuario u1_0 where u1_0.email=?
15:04:53 DEBUG [main]->org.mariadb.jdbc.util.log.Slf4JLogger->debug := execute query: insert into Usuario (apellido,email,fNacimiento,imagen,nombre,password,tipo_usuario,nickname) values (?,?,?,?,?,?,'ESTUDIANTE',?)
15:04:53 DEBUG [main]->org.mariadb.jdbc.util.log.Slf4JLogger->debug := execute query: COMMIT
15:04:53 DEBUG [main]->org.mariadb.jdbc.util.log.Slf4JLogger->debug := execute query: set autocommit=1
15:04:53 DEBUG [main]->org.mariadb.jdbc.util.log.Slf4JLogger->debug := System variable change:  autocommit = ON
15:04:53 DEBUG [main]->org.mariadb.jdbc.util.log.Slf4JLogger->debug := execute query: set autocommit=0
15:04:53 DEBUG [main]->org.mariadb.jdbc.util.log.Slf4JLogger->debug := System variable change:  autocommit = OFF
15:04:53 DEBUG [main]->org.mariadb.jdbc.util.log.Slf4JLogger->debug := execute query: select u1_0.nickname,u1_0.tipo_usuario,u1_0.apellido,u1_0.email,u1_0.fNacimiento,u1_0.imagen,u1_0.nombre,u1_0.password from Usuario u1_0 where u1_0.nickname=?
15:04:53 DEBUG [main]->org.mariadb.jdbc.util.log.Slf4JLogger->debug := execute query: ROLLBACK
15:04:53 DEBUG [main]->org.mariadb.jdbc.util.log.Slf4JLogger->debug := execute query: set autocommit=1
15:04:53 DEBUG [main]->org.mariadb.jdbc.util.log.Slf4JLogger->debug := System variable change:  autocommit = ON
